id_obligor,rating,pd,default
OB12132,B2,0.06,0
OB05654,A3,0.02,0
OB11343,B2,0.06,0
OB09805,B1,0.035,0
OB15156,C1,0.16,0
OB12356,B2,0.06,0
OB01542,A1,0.005,0
OB07850,B1,0.035,0
OB08469,B1,0.035,0
OB05509,A3,0.02,0
OB12231,B2,0.06,0
OB10429,B2,0.06,0
OB11660,B2,0.06,0
OB06574,A3,0.02,1
OB08880,B1,0.035,0
OB03313,A2,0.01,0
OB14535,C1,0.16,0
OB14893,C1,0.16,0
OB07031,A3,0.02,1
OB14056,B3,0.1,0
OB12905,B2,0.06,0
OB02159,A2,0.01,0
OB00325,A1,0.005,0
OB10816,B2,0.06,0
OB00471,A1,0.005,0
OB04531,A3,0.02,0
OB15992,C3,0.38,0
OB06820,A3,0.02,0
OB01715,A1,0.005,0
OB08970,B1,0.035,0
OB01035,A1,0.005,0
OB11315,B2,0.06,0
OB15741,C2,0.25,0
OB08800,B1,0.035,0
OB10499,B2,0.06,0
OB05198,A3,0.02,0
OB08040,B1,0.035,0
OB13515,B3,0.1,0
OB14740,C1,0.16,0
OB05426,A3,0.02,0
OB08480,B1,0.035,0
OB11773,B2,0.06,0
OB07743,B1,0.035,0
OB01645,A1,0.005,0
OB03248,A2,0.01,0
OB10133,B1,0.035,0
OB10366,B1,0.035,0
OB13188,B3,0.1,0
OB10537,B2,0.06,0
OB15308,C1,0.16,0
OB02889,A2,0.01,0
OB10070,B1,0.035,1
OB08317,B1,0.035,0
OB07103,A3,0.02,0
OB11575,B2,0.06,1
OB08190,B1,0.035,0
OB05810,A3,0.02,0
OB00287,A1,0.005,0
OB10743,B2,0.06,0
OB04355,A3,0.02,0
OB01611,A1,0.005,0
OB14373,B3,0.1,0
OB15377,C1,0.16,0
OB13954,B3,0.1,1
OB05551,A3,0.02,0
OB14131,B3,0.1,0
OB06140,A3,0.02,0
OB04281,A3,0.02,0
OB07391,B1,0.035,0
OB11586,B2,0.06,1
OB05816,A3,0.02,0
OB06296,A3,0.02,0
OB14085,B3,0.1,0
OB04598,A3,0.02,0
OB10323,B1,0.035,0
OB05801,A3,0.02,0
OB09958,B1,0.035,0
OB00307,A1,0.005,0
OB01118,A1,0.005,0
OB02392,A2,0.01,0
OB12445,B2,0.06,0
OB14171,B3,0.1,0
OB09139,B1,0.035,0
OB09210,B1,0.035,0
OB01278,A1,0.005,0
OB12394,B2,0.06,0
OB00574,A1,0.005,0
OB14728,C1,0.16,0
OB03181,A2,0.01,0
OB08827,B1,0.035,0
OB07704,B1,0.035,0
OB04372,A3,0.02,0
OB10085,B1,0.035,0
OB14368,B3,0.1,0
OB13974,B3,0.1,0
OB07481,B1,0.035,0
OB01298,A1,0.005,0
OB15106,C1,0.16,1
OB02363,A2,0.01,0
OB04127,A2,0.01,0
OB09764,B1,0.035,0
OB05584,A3,0.02,0
OB00289,A1,0.005,0
OB14796,C1,0.16,0
OB01437,A1,0.005,0
OB14711,C1,0.16,0
OB05167,A3,0.02,0
OB09214,B1,0.035,0
OB00232,A1,0.005,0
OB14625,C1,0.16,0
OB01252,A1,0.005,0
OB08706,B1,0.035,0
OB01854,A2,0.01,0
OB14371,B3,0.1,0
OB14934,C1,0.16,0
OB05322,A3,0.02,0
OB03187,A2,0.01,0
OB08392,B1,0.035,0
OB00308,A1,0.005,0
OB10654,B2,0.06,0
OB12180,B2,0.06,0
OB03553,A2,0.01,0
OB13338,B3,0.1,1
OB09965,B1,0.035,0
OB11246,B2,0.06,0
OB08213,B1,0.035,0
OB12055,B2,0.06,0
OB04287,A3,0.02,0
OB02914,A2,0.01,0
OB02582,A2,0.01,0
OB16074,C3,0.38,0
OB06411,A3,0.02,0
OB03774,A2,0.01,0
OB11089,B2,0.06,0
OB03005,A2,0.01,0
OB15445,C2,0.25,0
OB14662,C1,0.16,0
OB02698,A2,0.01,0
OB03662,A2,0.01,0
OB02763,A2,0.01,0
OB08078,B1,0.035,0
OB15534,C2,0.25,0
OB00898,A1,0.005,0
OB07728,B1,0.035,0
OB06652,A3,0.02,0
OB07963,B1,0.035,0
OB13227,B3,0.1,0
OB05232,A3,0.02,0
OB02895,A2,0.01,0
OB15694,C2,0.25,0
OB14022,B3,0.1,0
OB15550,C2,0.25,1
OB09178,B1,0.035,0
OB00600,A1,0.005,0
OB13521,B3,0.1,0
OB03284,A2,0.01,0
OB01125,A1,0.005,0
OB06867,A3,0.02,0
OB05357,A3,0.02,0
OB00737,A1,0.005,0
OB05505,A3,0.02,0
OB11915,B2,0.06,0
OB05043,A3,0.02,0
OB12816,B2,0.06,0
OB01656,A1,0.005,0
OB11156,B2,0.06,0
OB10735,B2,0.06,0
OB13334,B3,0.1,0
OB01870,A2,0.01,0
OB03316,A2,0.01,0
OB07127,A3,0.02,0
OB15400,C1,0.16,1
OB06939,A3,0.02,0
OB13622,B3,0.1,0
OB05920,A3,0.02,0
OB06808,A3,0.02,1
OB13252,B3,0.1,0
OB12541,B2,0.06,1
OB03250,A2,0.01,0
OB05634,A3,0.02,1
OB08302,B1,0.035,0
OB11365,B2,0.06,0
OB06749,A3,0.02,0
OB08976,B1,0.035,0
OB09701,B1,0.035,0
OB12479,B2,0.06,0
OB14272,B3,0.1,0
OB15078,C1,0.16,1
OB11080,B2,0.06,1
OB15268,C1,0.16,0
OB11634,B2,0.06,0
OB04782,A3,0.02,0
OB03797,A2,0.01,0
OB11688,B2,0.06,0
OB02482,A2,0.01,0
OB01895,A2,0.01,0
OB16051,C3,0.38,0
OB15314,C1,0.16,0
OB03706,A2,0.01,0
OB02974,A2,0.01,0
OB06155,A3,0.02,0
OB03498,A2,0.01,0
OB10565,B2,0.06,0
OB03177,A2,0.01,0
OB06345,A3,0.02,0
OB16140,C3,0.38,0
OB01381,A1,0.005,0
OB01006,A1,0.005,0
OB14125,B3,0.1,0
OB11794,B2,0.06,0
OB03007,A2,0.01,0
OB01514,A1,0.005,0
OB12802,B2,0.06,0
OB11100,B2,0.06,0
OB10326,B1,0.035,0
OB11590,B2,0.06,0
OB01964,A2,0.01,0
OB00768,A1,0.005,0
OB00206,A1,0.005,0
OB00107,A1,0.005,0
OB03133,A2,0.01,0
OB15940,C3,0.38,0
OB12716,B2,0.06,0
OB07626,B1,0.035,0
OB12340,B2,0.06,0
OB15152,C1,0.16,1
OB14084,B3,0.1,0
OB12301,B2,0.06,0
OB03914,A2,0.01,0
OB09922,B1,0.035,0
OB13328,B3,0.1,0
OB12399,B2,0.06,0
OB01934,A2,0.01,0
OB03018,A2,0.01,0
OB05744,A3,0.02,0
OB10279,B1,0.035,0
OB10921,B2,0.06,0
OB15579,C2,0.25,1
OB09429,B1,0.035,0
OB01832,A2,0.01,0
OB00005,A1,0.005,0
OB06610,A3,0.02,0
OB14149,B3,0.1,0
OB12845,B2,0.06,1
OB16079,C3,0.38,0
OB02203,A2,0.01,0
OB15175,C1,0.16,0
OB11198,B2,0.06,0
OB00534,A1,0.005,0
OB13169,B3,0.1,0
OB09265,B1,0.035,0
OB12631,B2,0.06,0
OB05730,A3,0.02,0
OB09580,B1,0.035,0
OB09602,B1,0.035,0
OB02267,A2,0.01,0
OB06440,A3,0.02,0
OB16098,C3,0.38,0
OB07192,A3,0.02,0
OB04078,A2,0.01,0
OB05947,A3,0.02,0
OB01024,A1,0.005,0
OB00507,A1,0.005,0
OB12434,B2,0.06,0
OB08541,B1,0.035,0
OB15196,C1,0.16,1
OB01430,A1,0.005,0
OB01741,A1,0.005,0
OB11832,B2,0.06,0
OB11513,B2,0.06,0
OB06942,A3,0.02,0
OB14032,B3,0.1,1
OB03265,A2,0.01,0
OB00995,A1,0.005,0
OB14933,C1,0.16,1
OB09376,B1,0.035,0
OB04004,A2,0.01,0
OB06777,A3,0.02,0
OB04446,A3,0.02,0
OB15887,C2,0.25,0
OB08691,B1,0.035,0
OB11013,B2,0.06,0
OB04745,A3,0.02,0
OB09850,B1,0.035,0
OB02574,A2,0.01,0
OB05292,A3,0.02,0
OB14219,B3,0.1,0
OB04905,A3,0.02,0
OB09830,B1,0.035,0
OB05037,A3,0.02,0
OB14295,B3,0.1,0
OB08901,B1,0.035,0
OB16152,C3,0.38,1
OB05951,A3,0.02,0
OB06158,A3,0.02,0
OB02713,A2,0.01,0
OB07491,B1,0.035,0
OB08778,B1,0.035,0
OB06410,A3,0.02,0
OB08432,B1,0.035,0
OB14716,C1,0.16,0
OB11636,B2,0.06,0
OB04696,A3,0.02,0
OB09098,B1,0.035,0
OB13753,B3,0.1,0
OB04626,A3,0.02,0
OB10304,B1,0.035,0
OB14257,B3,0.1,0
OB07267,B1,0.035,0
OB06596,A3,0.02,0
OB14161,B3,0.1,0
OB12556,B2,0.06,0
OB03015,A2,0.01,0
OB04929,A3,0.02,0
OB13810,B3,0.1,0
OB07664,B1,0.035,0
OB08724,B1,0.035,0
OB13291,B3,0.1,0
OB12390,B2,0.06,1
OB00322,A1,0.005,0
OB06730,A3,0.02,0
OB15069,C1,0.16,0
OB11121,B2,0.06,0
OB14596,C1,0.16,0
OB09694,B1,0.035,1
OB01566,A1,0.005,0
OB07151,A3,0.02,0
OB06442,A3,0.02,0
OB08715,B1,0.035,0
OB04950,A3,0.02,0
OB03746,A2,0.01,0
OB10793,B2,0.06,0
OB15946,C3,0.38,1
OB11974,B2,0.06,0
OB08420,B1,0.035,0
OB15855,C2,0.25,0
OB01248,A1,0.005,0
OB07537,B1,0.035,0
OB01732,A1,0.005,0
OB13509,B3,0.1,0
OB07874,B1,0.035,0
OB02870,A2,0.01,0
OB07667,B1,0.035,0
OB05346,A3,0.02,0
OB11862,B2,0.06,0
OB09876,B1,0.035,0
OB13617,B3,0.1,0
OB08147,B1,0.035,0
OB10738,B2,0.06,0
OB07548,B1,0.035,0
OB04089,A2,0.01,0
OB12634,B2,0.06,0
OB09663,B1,0.035,0
OB08055,B1,0.035,0
OB13770,B3,0.1,0
OB11057,B2,0.06,0
OB02940,A2,0.01,0
OB13931,B3,0.1,0
OB06961,A3,0.02,0
OB03014,A2,0.01,0
OB05540,A3,0.02,0
OB12222,B2,0.06,0
OB04234,A3,0.02,0
OB01916,A2,0.01,0
OB08004,B1,0.035,0
OB05044,A3,0.02,0
OB13539,B3,0.1,0
OB12077,B2,0.06,0
OB16197,C3,0.38,0
OB15985,C3,0.38,0
OB12629,B2,0.06,0
OB15613,C2,0.25,0
OB04270,A3,0.02,0
OB15594,C2,0.25,0
OB15409,C2,0.25,0
OB11643,B2,0.06,0
OB00007,A1,0.005,0
OB13941,B3,0.1,0
OB14971,C1,0.16,0
OB01874,A2,0.01,0
OB12865,B2,0.06,0
OB01179,A1,0.005,0
OB08523,B1,0.035,0
OB09998,B1,0.035,0
OB06509,A3,0.02,0
OB01685,A1,0.005,0
OB08365,B1,0.035,0
OB11147,B2,0.06,0
OB08002,B1,0.035,0
OB08911,B1,0.035,0
OB09570,B1,0.035,0
OB12974,B2,0.06,0
OB08088,B1,0.035,0
OB03904,A2,0.01,0
OB11654,B2,0.06,1
OB02142,A2,0.01,0
OB05683,A3,0.02,0
OB08135,B1,0.035,0
OB02991,A2,0.01,0
OB02321,A2,0.01,0
OB07585,B1,0.035,0
OB12234,B2,0.06,0
OB04361,A3,0.02,0
OB14133,B3,0.1,1
OB04105,A2,0.01,0
OB03738,A2,0.01,0
OB06601,A3,0.02,0
OB07888,B1,0.035,0
OB15629,C2,0.25,0
OB09016,B1,0.035,0
OB05263,A3,0.02,0
OB15906,C3,0.38,0
OB05761,A3,0.02,0
OB13081,B3,0.1,1
OB08755,B1,0.035,0
OB02022,A2,0.01,0
OB03675,A2,0.01,0
OB03617,A2,0.01,0
OB14092,B3,0.1,0
OB00994,A1,0.005,0
OB15355,C1,0.16,0
OB07698,B1,0.035,0
OB05168,A3,0.02,0
OB10513,B2,0.06,0
OB08371,B1,0.035,0
OB11631,B2,0.06,0
OB06123,A3,0.02,0
OB03078,A2,0.01,0
OB05658,A3,0.02,0
OB10564,B2,0.06,0
OB11528,B2,0.06,0
OB01677,A1,0.005,0
OB16116,C3,0.38,0
OB09419,B1,0.035,0
OB08952,B1,0.035,0
OB06874,A3,0.02,0
OB07952,B1,0.035,0
OB08076,B1,0.035,0
OB12208,B2,0.06,0
OB14385,B3,0.1,0
OB12197,B2,0.06,0
OB07935,B1,0.035,0
OB08838,B1,0.035,0
OB06004,A3,0.02,0
OB04212,A3,0.02,0
OB00942,A1,0.005,0
OB10362,B1,0.035,0
OB00626,A1,0.005,0
OB00805,A1,0.005,0
OB02742,A2,0.01,0
OB03676,A2,0.01,0
OB12449,B2,0.06,0
OB07443,B1,0.035,0
OB06364,A3,0.02,0
OB07218,B1,0.035,0
OB05737,A3,0.02,0
OB04587,A3,0.02,0
OB12772,B2,0.06,0
OB10092,B1,0.035,0
OB09486,B1,0.035,0
OB11579,B2,0.06,0
OB04254,A3,0.02,0
OB02678,A2,0.01,0
OB00064,A1,0.005,0
OB09588,B1,0.035,0
OB13177,B3,0.1,0
OB14562,C1,0.16,0
OB14306,B3,0.1,1
OB00083,A1,0.005,0
OB11283,B2,0.06,0
OB04397,A3,0.02,0
OB04171,A2,0.01,0
OB09457,B1,0.035,0
OB08455,B1,0.035,0
OB04178,A2,0.01,0
OB06451,A3,0.02,0
OB13546,B3,0.1,0
OB06693,A3,0.02,0
OB05376,A3,0.02,0
OB12887,B2,0.06,0
OB07171,A3,0.02,0
OB08162,B1,0.035,0
OB03262,A2,0.01,0
OB11724,B2,0.06,0
OB11065,B2,0.06,0
OB02820,A2,0.01,0
OB01243,A1,0.005,0
OB06360,A3,0.02,0
OB00033,A1,0.005,0
OB04259,A3,0.02,0
OB04882,A3,0.02,0
OB03786,A2,0.01,0
OB15711,C2,0.25,0
OB11230,B2,0.06,0
OB13043,B3,0.1,0
OB02858,A2,0.01,0
OB08514,B1,0.035,0
OB09426,B1,0.035,0
OB16194,C3,0.38,0
OB06740,A3,0.02,0
OB03930,A2,0.01,0
OB04432,A3,0.02,0
OB12467,B2,0.06,0
OB09615,B1,0.035,0
OB02263,A2,0.01,0
OB05290,A3,0.02,0
OB00552,A1,0.005,0
OB14604,C1,0.16,1
OB13579,B3,0.1,0
OB12350,B2,0.06,0
OB00888,A1,0.005,0
OB01425,A1,0.005,0
OB11451,B2,0.06,0
OB15611,C2,0.25,0
OB13144,B3,0.1,0
OB13080,B3,0.1,0
OB00919,A1,0.005,0
OB10201,B1,0.035,0
OB11818,B2,0.06,0
OB05040,A3,0.02,0
OB01650,A1,0.005,0
OB02373,A2,0.01,0
OB01378,A1,0.005,0
OB06594,A3,0.02,0
OB06225,A3,0.02,0
OB01283,A1,0.005,0
OB11192,B2,0.06,0
OB07041,A3,0.02,0
OB11400,B2,0.06,0
OB05342,A3,0.02,0
OB08682,B1,0.035,0
OB06027,A3,0.02,0
OB06732,A3,0.02,0
OB14868,C1,0.16,0
OB00116,A1,0.005,0
OB10638,B2,0.06,0
OB11992,B2,0.06,0
OB12970,B2,0.06,0
OB15065,C1,0.16,0
OB09828,B1,0.035,0
OB13829,B3,0.1,0
OB05847,A3,0.02,0
OB12529,B2,0.06,0
OB08621,B1,0.035,0
OB03462,A2,0.01,0
OB12020,B2,0.06,0
OB03398,A2,0.01,0
OB01928,A2,0.01,0
OB04910,A3,0.02,0
OB04909,A3,0.02,0
OB07625,B1,0.035,0
OB02299,A2,0.01,0
OB02976,A2,0.01,0
OB11584,B2,0.06,0
OB12680,B2,0.06,0
OB02529,A2,0.01,0
OB13841,B3,0.1,0
OB12935,B2,0.06,0
OB04041,A2,0.01,0
OB06969,A3,0.02,0
OB16148,C3,0.38,0
OB08909,B1,0.035,0
OB09245,B1,0.035,0
OB11607,B2,0.06,0
OB06142,A3,0.02,1
OB07466,B1,0.035,0
OB01885,A2,0.01,0
OB08725,B1,0.035,0
OB13139,B3,0.1,0
OB15910,C3,0.38,0
OB08413,B1,0.035,0
OB13785,B3,0.1,0
OB11962,B2,0.06,0
OB02795,A2,0.01,0
OB03249,A2,0.01,0
OB10834,B2,0.06,0
OB01071,A1,0.005,0
OB09307,B1,0.035,0
OB02651,A2,0.01,0
OB13417,B3,0.1,0
OB05412,A3,0.02,0
OB15343,C1,0.16,0
OB14658,C1,0.16,0
OB00346,A1,0.005,0
OB07958,B1,0.035,1
OB05544,A3,0.02,0
OB08744,B1,0.035,0
OB08421,B1,0.035,0
OB04971,A3,0.02,0
OB02423,A2,0.01,0
OB09524,B1,0.035,0
OB02368,A2,0.01,0
OB01301,A1,0.005,0
OB12415,B2,0.06,0
OB12932,B2,0.06,0
OB13017,B3,0.1,0
OB00841,A1,0.005,0
OB10257,B1,0.035,0
OB14595,C1,0.16,0
OB02918,A2,0.01,0
OB13895,B3,0.1,0
OB13117,B3,0.1,0
OB08373,B1,0.035,0
OB03672,A2,0.01,0
OB00711,A1,0.005,0
OB01361,A1,0.005,0
OB12599,B2,0.06,0
OB12526,B2,0.06,0
OB15615,C2,0.25,0
OB09306,B1,0.035,0
OB07354,B1,0.035,0
OB00655,A1,0.005,0
OB04317,A3,0.02,0
OB04500,A3,0.02,0
OB04511,A3,0.02,1
OB00688,A1,0.005,0
OB12691,B2,0.06,0
OB15536,C2,0.25,0
OB00960,A1,0.005,0
OB07009,A3,0.02,0
OB01893,A2,0.01,0
OB13894,B3,0.1,0
OB01095,A1,0.005,0
OB03705,A2,0.01,0
OB14005,B3,0.1,0
OB03400,A2,0.01,0
OB02642,A2,0.01,0
OB04480,A3,0.02,0
OB08528,B1,0.035,1
OB02073,A2,0.01,0
OB02579,A2,0.01,0
OB15896,C2,0.25,0
OB11148,B2,0.06,0
OB03159,A2,0.01,0
OB09974,B1,0.035,0
OB02578,A2,0.01,0
OB11384,B2,0.06,0
OB07609,B1,0.035,0
OB15849,C2,0.25,0
OB00408,A1,0.005,0
OB02723,A2,0.01,0
OB07324,B1,0.035,1
OB06724,A3,0.02,0
OB10771,B2,0.06,0
OB06827,A3,0.02,0
OB11335,B2,0.06,0
OB01410,A1,0.005,0
OB06258,A3,0.02,0
OB12598,B2,0.06,0
OB04646,A3,0.02,0
OB14806,C1,0.16,0
OB12227,B2,0.06,0
OB04786,A3,0.02,0
OB02988,A2,0.01,0
OB08629,B1,0.035,0
OB05052,A3,0.02,0
OB04951,A3,0.02,0
OB16103,C3,0.38,0
OB14006,B3,0.1,0
OB15890,C2,0.25,0
OB14291,B3,0.1,0
OB13207,B3,0.1,0
OB08292,B1,0.035,0
OB11276,B2,0.06,0
OB07135,A3,0.02,1
OB10552,B2,0.06,0
OB14992,C1,0.16,0
OB04720,A3,0.02,0
OB04583,A3,0.02,0
OB14752,C1,0.16,0
OB02224,A2,0.01,0
OB13315,B3,0.1,0
OB05351,A3,0.02,0
OB06836,A3,0.02,0
OB03579,A2,0.01,0
OB01415,A1,0.005,0
OB04142,A2,0.01,0
OB03394,A2,0.01,0
OB03613,A2,0.01,0
OB12912,B2,0.06,0
OB03696,A2,0.01,0
OB08214,B1,0.035,0
OB07830,B1,0.035,0
OB03527,A2,0.01,0
OB07899,B1,0.035,0
OB08492,B1,0.035,0
OB14127,B3,0.1,0
OB04196,A2,0.01,0
OB06475,A3,0.02,0
OB05091,A3,0.02,0
OB08348,B1,0.035,0
OB07942,B1,0.035,0
OB03106,A2,0.01,0
OB12285,B2,0.06,0
OB11955,B2,0.06,0
OB11502,B2,0.06,0
OB03204,A2,0.01,0
OB14367,B3,0.1,0
OB10065,B1,0.035,0
OB09071,B1,0.035,0
OB11836,B2,0.06,0
OB03146,A2,0.01,0
OB04114,A2,0.01,0
OB00073,A1,0.005,0
OB08006,B1,0.035,0
OB04491,A3,0.02,0
OB02062,A2,0.01,0
OB06845,A3,0.02,0
OB08249,B1,0.035,0
OB12877,B2,0.06,0
OB09168,B1,0.035,0
OB10651,B2,0.06,0
OB14444,B3,0.1,0
OB15189,C1,0.16,1
OB03593,A2,0.01,0
OB12267,B2,0.06,0
OB04072,A2,0.01,0
OB06609,A3,0.02,0
OB02124,A2,0.01,0
OB10916,B2,0.06,0
OB05338,A3,0.02,0
OB03098,A2,0.01,0
OB09407,B1,0.035,0
OB00154,A1,0.005,0
OB04131,A2,0.01,0
OB07444,B1,0.035,0
OB15223,C1,0.16,0
OB04580,A3,0.02,0
OB05961,A3,0.02,0
OB14394,B3,0.1,0
OB09074,B1,0.035,0
OB09985,B1,0.035,0
OB01434,A1,0.005,0
OB08066,B1,0.035,1
OB05582,A3,0.02,0
OB16050,C3,0.38,1
OB12069,B2,0.06,0
OB16044,C3,0.38,1
OB13756,B3,0.1,0
OB11487,B2,0.06,0
OB12372,B2,0.06,0
OB13589,B3,0.1,0
OB07384,B1,0.035,0
OB07294,B1,0.035,0
OB14483,B3,0.1,1
OB04914,A3,0.02,0
OB04167,A2,0.01,0
OB08312,B1,0.035,0
OB07594,B1,0.035,0
OB15396,C1,0.16,0
OB11689,B2,0.06,0
OB02997,A2,0.01,0
OB09540,B1,0.035,0
OB14687,C1,0.16,0
OB12074,B2,0.06,0
OB02183,A2,0.01,0
OB15804,C2,0.25,0
OB10926,B2,0.06,0
OB14332,B3,0.1,0
OB13362,B3,0.1,0
OB09230,B1,0.035,0
OB00596,A1,0.005,0
OB16023,C3,0.38,1
OB01962,A2,0.01,0
OB03324,A2,0.01,0
OB01786,A1,0.005,0
OB08275,B1,0.035,0
OB09373,B1,0.035,0
OB04733,A3,0.02,0
OB10674,B2,0.06,0
OB14803,C1,0.16,0
OB14820,C1,0.16,0
OB05125,A3,0.02,0
OB00136,A1,0.005,0
OB14693,C1,0.16,1
OB00503,A1,0.005,0
OB03428,A2,0.01,0
OB13347,B3,0.1,0
OB13563,B3,0.1,0
OB11119,B2,0.06,0
OB10278,B1,0.035,0
OB04906,A3,0.02,0
OB02276,A2,0.01,0
OB09680,B1,0.035,0
OB11805,B2,0.06,0
OB02337,A2,0.01,0
OB05067,A3,0.02,0
OB02999,A2,0.01,0
OB00883,A1,0.005,0
OB03640,A2,0.01,0
OB06149,A3,0.02,0
OB05001,A3,0.02,0
OB03918,A2,0.01,0
OB10084,B1,0.035,0
OB01605,A1,0.005,0
OB14021,B3,0.1,0
OB04731,A3,0.02,0
OB13295,B3,0.1,0
OB13153,B3,0.1,0
OB14212,B3,0.1,0
OB15856,C2,0.25,1
OB00109,A1,0.005,0
OB08098,B1,0.035,0
OB00221,A1,0.005,0
OB05368,A3,0.02,0
OB01525,A1,0.005,0
OB04288,A3,0.02,0
OB09707,B1,0.035,0
OB16099,C3,0.38,0
OB06395,A3,0.02,0
OB10650,B2,0.06,0
OB12675,B2,0.06,0
OB06655,A3,0.02,0
OB08281,B1,0.035,0
OB00725,A1,0.005,0
OB09291,B1,0.035,0
OB11358,B2,0.06,1
OB13852,B3,0.1,0
OB08321,B1,0.035,0
OB05819,A3,0.02,0
OB01733,A1,0.005,0
OB01476,A1,0.005,0
OB08750,B1,0.035,0
OB01160,A1,0.005,0
OB09469,B1,0.035,0
OB04961,A3,0.02,0
OB08945,B1,0.035,0
OB02667,A2,0.01,0
OB01161,A1,0.005,0
OB00784,A1,0.005,0
OB09092,B1,0.035,0
OB05485,A3,0.02,0
OB15771,C2,0.25,0
OB07986,B1,0.035,0
OB11412,B2,0.06,0
OB01538,A1,0.005,0
OB03314,A2,0.01,0
OB12179,B2,0.06,1
OB10630,B2,0.06,0
OB00814,A1,0.005,0
OB12371,B2,0.06,0
OB03909,A2,0.01,0
OB15870,C2,0.25,1
OB07981,B1,0.035,0
OB07137,A3,0.02,0
OB14281,B3,0.1,0
OB08765,B1,0.035,0
OB08761,B1,0.035,0
OB06828,A3,0.02,0
OB14289,B3,0.1,0
OB02607,A2,0.01,0
OB02559,A2,0.01,0
OB07492,B1,0.035,0
OB06520,A3,0.02,0
OB08454,B1,0.035,0
OB01464,A1,0.005,0
OB02769,A2,0.01,0
OB05697,A3,0.02,0
OB02909,A2,0.01,0
OB03362,A2,0.01,0
OB00614,A1,0.005,0
OB04390,A3,0.02,0
OB13277,B3,0.1,0
OB00006,A1,0.005,0
OB09607,B1,0.035,0
OB09868,B1,0.035,0
OB08563,B1,0.035,0
OB08359,B1,0.035,0
OB05832,A3,0.02,0
OB10604,B2,0.06,0
OB08428,B1,0.035,0
OB14096,B3,0.1,0
OB16025,C3,0.38,0
OB16136,C3,0.38,0
OB13503,B3,0.1,0
OB06295,A3,0.02,0
OB11714,B2,0.06,0
OB15681,C2,0.25,0
OB14393,B3,0.1,1
OB12214,B2,0.06,0
OB08949,B1,0.035,0
OB15958,C3,0.38,1
OB10394,B1,0.035,0
OB01226,A1,0.005,0
OB11696,B2,0.06,0
OB13214,B3,0.1,0
OB14914,C1,0.16,0
OB11723,B2,0.06,0
OB03692,A2,0.01,0
OB10920,B2,0.06,0
OB15263,C1,0.16,0
OB16184,C3,0.38,0
OB11716,B2,0.06,0
OB00575,A1,0.005,0
OB09120,B1,0.035,0
OB03161,A2,0.01,0
OB00483,A1,0.005,0
OB02210,A2,0.01,0
OB15848,C2,0.25,1
OB07272,B1,0.035,0
OB02379,A2,0.01,0
OB11017,B2,0.06,0
OB09122,B1,0.035,0
OB00859,A1,0.005,0
OB03033,A2,0.01,0
OB11559,B2,0.06,0
OB09757,B1,0.035,0
OB14842,C1,0.16,0
OB03569,A2,0.01,0
OB00108,A1,0.005,0
OB04468,A3,0.02,0
OB06409,A3,0.02,0
OB02703,A2,0.01,0
OB06669,A3,0.02,0
OB04149,A2,0.01,0
OB08522,B1,0.035,0
OB02248,A2,0.01,0
OB10185,B1,0.035,0
OB04246,A3,0.02,0
OB00036,A1,0.005,0
OB04112,A2,0.01,0
OB09711,B1,0.035,0
OB02386,A2,0.01,0
OB02594,A2,0.01,0
OB02443,A2,0.01,0
OB03406,A2,0.01,0
OB13210,B3,0.1,0
OB14362,B3,0.1,0
OB04661,A3,0.02,0
OB08837,B1,0.035,0
OB00407,A1,0.005,0
OB05221,A3,0.02,0
OB03921,A2,0.01,0
OB14472,B3,0.1,0
OB09537,B1,0.035,0
OB02274,A2,0.01,0
OB13825,B3,0.1,0
OB00210,A1,0.005,0
OB00373,A1,0.005,0
OB04860,A3,0.02,0
OB05671,A3,0.02,0
OB10135,B1,0.035,0
OB14602,C1,0.16,0
OB04176,A2,0.01,0
OB02435,A2,0.01,0
OB10833,B2,0.06,0
OB11086,B2,0.06,0
OB12005,B2,0.06,0
OB12230,B2,0.06,0
OB01957,A2,0.01,0
OB04576,A3,0.02,0
OB00777,A1,0.005,0
OB12493,B2,0.06,0
OB16085,C3,0.38,1
OB03544,A2,0.01,0
OB14355,B3,0.1,1
OB15610,C2,0.25,1
OB13284,B3,0.1,0
OB03377,A2,0.01,0
OB14816,C1,0.16,0
OB07235,B1,0.035,0
OB09920,B1,0.035,0
OB12894,B2,0.06,0
OB00736,A1,0.005,0
OB09406,B1,0.035,0
OB13667,B3,0.1,0
OB08922,B1,0.035,0
OB14061,B3,0.1,1
OB08150,B1,0.035,0
OB09569,B1,0.035,0
OB12611,B2,0.06,0
OB13559,B3,0.1,0
OB06566,A3,0.02,0
OB14699,C1,0.16,0
OB12103,B2,0.06,0
OB12633,B2,0.06,0
OB09218,B1,0.035,0
OB09928,B1,0.035,0
OB05038,A3,0.02,0
OB00314,A1,0.005,0
OB00637,A1,0.005,0
OB03473,A2,0.01,0
OB09029,B1,0.035,0
OB12095,B2,0.06,0
OB07406,B1,0.035,0
OB01811,A2,0.01,0
OB04902,A3,0.02,0
OB13496,B3,0.1,0
OB00317,A1,0.005,0
OB13927,B3,0.1,0
OB01897,A2,0.01,0
OB03058,A2,0.01,0
OB15033,C1,0.16,1
OB06975,A3,0.02,0
OB00821,A1,0.005,0
OB12854,B2,0.06,0
OB06259,A3,0.02,0
OB06797,A3,0.02,0
OB00791,A1,0.005,0
OB01827,A2,0.01,0
OB08260,B1,0.035,0
OB15695,C2,0.25,0
OB02796,A2,0.01,0
OB10044,B1,0.035,0
OB11304,B2,0.06,0
OB05207,A3,0.02,0
OB03868,A2,0.01,0
OB07156,A3,0.02,0
OB14279,B3,0.1,0
OB12781,B2,0.06,0
OB00974,A1,0.005,0
OB12862,B2,0.06,0
OB08082,B1,0.035,0
OB01290,A1,0.005,0
OB10571,B2,0.06,0
OB04284,A3,0.02,0
OB04644,A3,0.02,0
OB06806,A3,0.02,0
OB12297,B2,0.06,0
OB02812,A2,0.01,0
OB15413,C2,0.25,0
OB02165,A2,0.01,0
OB01967,A2,0.01,0
OB11797,B2,0.06,0
OB11138,B2,0.06,0
OB13971,B3,0.1,0
OB00706,A1,0.005,0
OB02273,A2,0.01,0
OB04920,A3,0.02,0
OB12926,B2,0.06,0
OB10285,B1,0.035,0
OB01050,A1,0.005,0
OB05239,A3,0.02,0
OB00576,A1,0.005,0
OB08472,B1,0.035,0
OB01155,A1,0.005,0
OB01302,A1,0.005,0
OB14822,C1,0.16,1
OB10504,B2,0.06,0
OB00186,A1,0.005,0
OB10570,B2,0.06,0
OB13689,B3,0.1,0
OB14297,B3,0.1,0
OB05135,A3,0.02,0
OB13892,B3,0.1,1
OB02983,A2,0.01,0
OB09712,B1,0.035,0
OB04518,A3,0.02,0
OB05983,A3,0.02,0
OB06184,A3,0.02,0
OB04204,A3,0.02,0
OB10671,B2,0.06,0
OB05042,A3,0.02,0
OB04217,A3,0.02,0
OB00619,A1,0.005,0
OB10001,B1,0.035,0
OB12727,B2,0.06,0
OB12364,B2,0.06,0
OB12614,B2,0.06,0
OB10826,B2,0.06,0
OB04140,A2,0.01,0
OB15198,C1,0.16,0
OB04877,A3,0.02,0
OB14210,B3,0.1,0
OB11356,B2,0.06,0
OB05045,A3,0.02,0
OB14024,B3,0.1,0
OB03601,A2,0.01,0
OB00933,A1,0.005,0
OB05593,A3,0.02,0
OB10267,B1,0.035,0
OB10220,B1,0.035,0
OB13831,B3,0.1,0
OB12454,B2,0.06,0
OB12200,B2,0.06,0
OB09959,B1,0.035,0
OB09241,B1,0.035,0
OB00204,A1,0.005,0
OB15714,C2,0.25,0
OB07959,B1,0.035,0
OB11954,B2,0.06,0
OB13337,B3,0.1,0
OB09738,B1,0.035,0
OB05361,A3,0.02,0
OB12857,B2,0.06,0
OB00664,A1,0.005,0
OB06231,A3,0.02,0
OB09871,B1,0.035,0
OB11844,B2,0.06,0
OB03980,A2,0.01,0
OB05245,A3,0.02,0
OB05331,A3,0.02,0
OB15423,C2,0.25,0
OB10026,B1,0.035,0
OB11572,B2,0.06,0
OB00798,A1,0.005,0
OB07370,B1,0.035,0
OB13211,B3,0.1,1
OB09881,B1,0.035,0
OB06247,A3,0.02,0
OB08720,B1,0.035,0
OB01316,A1,0.005,0
OB03632,A2,0.01,0
OB09448,B1,0.035,0
OB00762,A1,0.005,0
OB12512,B2,0.06,0
OB11031,B2,0.06,0
OB11491,B2,0.06,0
OB15230,C1,0.16,1
OB01042,A1,0.005,0
OB10704,B2,0.06,0
OB09845,B1,0.035,0
OB01184,A1,0.005,0
OB06161,A3,0.02,0
OB02350,A2,0.01,0
OB14507,C1,0.16,0
OB15815,C2,0.25,1
OB12424,B2,0.06,0
OB01254,A1,0.005,0
OB00212,A1,0.005,0
OB03449,A2,0.01,0
OB07182,A3,0.02,0
OB08110,B1,0.035,0
OB11334,B2,0.06,0
OB05015,A3,0.02,0
OB07172,A3,0.02,0
OB02788,A2,0.01,0
OB03043,A2,0.01,0
OB02227,A2,0.01,0
OB03831,A2,0.01,0
OB07623,B1,0.035,0
OB03907,A2,0.01,0
OB07871,B1,0.035,0
OB04839,A3,0.02,0
OB05307,A3,0.02,0
OB06147,A3,0.02,0
OB03823,A2,0.01,0
OB15497,C2,0.25,1
OB14855,C1,0.16,1
OB12343,B2,0.06,0
OB12585,B2,0.06,0
OB01960,A2,0.01,0
OB02538,A2,0.01,0
OB05970,A3,0.02,0
OB05066,A3,0.02,0
OB14468,B3,0.1,0
OB11489,B2,0.06,0
OB08974,B1,0.035,0
OB06909,A3,0.02,0
OB15073,C1,0.16,0
OB11210,B2,0.06,0
OB12009,B2,0.06,0
OB05202,A3,0.02,0
OB06114,A3,0.02,0
OB08347,B1,0.035,0
OB04703,A3,0.02,0
OB06159,A3,0.02,0
OB09770,B1,0.035,0
OB14363,B3,0.1,0
OB08888,B1,0.035,0
OB03781,A2,0.01,0
OB06712,A3,0.02,0
OB02898,A2,0.01,0
OB05770,A3,0.02,0
OB01956,A2,0.01,0
OB10494,B2,0.06,0
OB11624,B2,0.06,0
OB00480,A1,0.005,0
OB12533,B2,0.06,0
OB13925,B3,0.1,0
OB06216,A3,0.02,0
OB05995,A3,0.02,0
OB11480,B2,0.06,1
OB07599,B1,0.035,0
OB12972,B2,0.06,0
OB05421,A3,0.02,0
OB14278,B3,0.1,1
OB14581,C1,0.16,0
OB11806,B2,0.06,0
OB12497,B2,0.06,0
OB04586,A3,0.02,0
OB07147,A3,0.02,0
OB15692,C2,0.25,0
OB01202,A1,0.005,0
OB06535,A3,0.02,0
OB05750,A3,0.02,0
OB02601,A2,0.01,0
OB02012,A2,0.01,0
OB04838,A3,0.02,0
OB14576,C1,0.16,0
OB11337,B2,0.06,0
OB11213,B2,0.06,0
OB00643,A1,0.005,0
OB02306,A2,0.01,0
OB13977,B3,0.1,0
OB04865,A3,0.02,0
OB04997,A3,0.02,0
OB07783,B1,0.035,0
OB14211,B3,0.1,0
OB06015,A3,0.02,0
OB05811,A3,0.02,0
OB00392,A1,0.005,0
OB00794,A1,0.005,0
OB04505,A3,0.02,0
OB12036,B2,0.06,0
OB14215,B3,0.1,0
OB02743,A2,0.01,0
OB08671,B1,0.035,0
OB10116,B1,0.035,0
OB08226,B1,0.035,1
OB12167,B2,0.06,0
OB01596,A1,0.005,0
OB10378,B1,0.035,0
OB14681,C1,0.16,0
OB09088,B1,0.035,0
OB02378,A2,0.01,0
OB02935,A2,0.01,0
OB06858,A3,0.02,0
OB07005,A3,0.02,0
OB13146,B3,0.1,0
OB13250,B3,0.1,0
OB00086,A1,0.005,0
OB00395,A1,0.005,0
OB02810,A2,0.01,0
OB05990,A3,0.02,0
OB01639,A1,0.005,0
OB08138,B1,0.035,0
OB10188,B1,0.035,0
OB01942,A2,0.01,0
OB10435,B2,0.06,0
OB13170,B3,0.1,0
OB07120,A3,0.02,0
OB05389,A3,0.02,0
OB07656,B1,0.035,0
OB04117,A2,0.01,0
OB03490,A2,0.01,0
OB12842,B2,0.06,0
OB13064,B3,0.1,0
OB05879,A3,0.02,0
OB14128,B3,0.1,0
OB01686,A1,0.005,0
OB05341,A3,0.02,0
OB06128,A3,0.02,0
OB13038,B3,0.1,0
OB06538,A3,0.02,0
OB07539,B1,0.035,0
OB10754,B2,0.06,0
OB06495,A3,0.02,0
OB00868,A1,0.005,0
OB11694,B2,0.06,0
OB01218,A1,0.005,0
OB16112,C3,0.38,1
OB08027,B1,0.035,0
OB10370,B1,0.035,0
OB00848,A1,0.005,0
OB05911,A3,0.02,0
OB08975,B1,0.035,0
OB05869,A3,0.02,0
OB15462,C2,0.25,1
OB13842,B3,0.1,0
OB09425,B1,0.035,0
OB02781,A2,0.01,0
OB09557,B1,0.035,0
OB12093,B2,0.06,0
OB03153,A2,0.01,0
OB02869,A2,0.01,0
OB08989,B1,0.035,0
OB10756,B2,0.06,0
OB15729,C2,0.25,0
OB03492,A2,0.01,0
OB07314,B1,0.035,0
OB15593,C2,0.25,0
OB04153,A2,0.01,0
OB12146,B2,0.06,0
OB03500,A2,0.01,0
OB02801,A2,0.01,0
OB10493,B2,0.06,1
OB13445,B3,0.1,1
OB06918,A3,0.02,0
OB08179,B1,0.035,0
OB05487,A3,0.02,0
OB04775,A3,0.02,0
OB13867,B3,0.1,0
OB00416,A1,0.005,0
OB13439,B3,0.1,0
OB05749,A3,0.02,0
OB14886,C1,0.16,0
OB05300,A3,0.02,0
OB06485,A3,0.02,0
OB06706,A3,0.02,0
OB07349,B1,0.035,0
OB13634,B3,0.1,0
OB05557,A3,0.02,0
OB12260,B2,0.06,0
OB05604,A3,0.02,0
OB02948,A2,0.01,0
OB11021,B2,0.06,0
OB14282,B3,0.1,0
OB07139,A3,0.02,0
OB09365,B1,0.035,0
OB08693,B1,0.035,0
OB13739,B3,0.1,0
OB03837,A2,0.01,0
OB15293,C1,0.16,0
OB15203,C1,0.16,0
OB14310,B3,0.1,0
OB05955,A3,0.02,0
OB01819,A2,0.01,0
OB02113,A2,0.01,1
OB08128,B1,0.035,0
OB09015,B1,0.035,0
OB00039,A1,0.005,0
OB01433,A1,0.005,0
OB00129,A1,0.005,0
OB06138,A3,0.02,0
OB07716,B1,0.035,0
OB03707,A2,0.01,0
OB08327,B1,0.035,0
OB11382,B2,0.06,0
OB05838,A3,0.02,0
OB16010,C3,0.38,1
OB08012,B1,0.035,0
OB03424,A2,0.01,0
OB13303,B3,0.1,0
OB12777,B2,0.06,0
OB05445,A3,0.02,0
OB15164,C1,0.16,0
OB06182,A3,0.02,0
OB07447,B1,0.035,0
OB02258,A2,0.01,0
OB01075,A1,0.005,0
OB10455,B2,0.06,0
OB02411,A2,0.01,0
OB03688,A2,0.01,0
OB01807,A2,0.01,0
OB16038,C3,0.38,1
OB08953,B1,0.035,0
OB13379,B3,0.1,0
OB00201,A1,0.005,0
OB01556,A1,0.005,0
OB10542,B2,0.06,1
OB08920,B1,0.035,0
OB06118,A3,0.02,0
OB15178,C1,0.16,0
OB00388,A1,0.005,0
OB13528,B3,0.1,0
OB12351,B2,0.06,0
OB13560,B3,0.1,0
OB12796,B2,0.06,0
OB11684,B2,0.06,0
OB05754,A3,0.02,0
OB10043,B1,0.035,0
OB01757,A1,0.005,0
OB12761,B2,0.06,0
OB14447,B3,0.1,0
OB09609,B1,0.035,0
OB06055,A3,0.02,0
OB06703,A3,0.02,0
OB05284,A3,0.02,0
OB02114,A2,0.01,0
OB06505,A3,0.02,0
OB07684,B1,0.035,0
OB05880,A3,0.02,0
OB13987,B3,0.1,0
OB00611,A1,0.005,0
OB14836,C1,0.16,0
OB11002,B2,0.06,0
OB05336,A3,0.02,0
OB00429,A1,0.005,0
OB00797,A1,0.005,0
OB00369,A1,0.005,0
OB13612,B3,0.1,0
OB06989,A3,0.02,0
OB01598,A1,0.005,0
OB09973,B1,0.035,0
OB00406,A1,0.005,0
OB08051,B1,0.035,0
OB12743,B2,0.06,0
OB13129,B3,0.1,0
OB12569,B2,0.06,0
OB14060,B3,0.1,0
OB10153,B1,0.035,0
OB10509,B2,0.06,0
OB10814,B2,0.06,0
OB11167,B2,0.06,0
OB14614,C1,0.16,0
OB05782,A3,0.02,0
OB14583,C1,0.16,1
OB13594,B3,0.1,0
OB13862,B3,0.1,0
OB14235,B3,0.1,0
OB08549,B1,0.035,0
OB03829,A2,0.01,0
OB10578,B2,0.06,0
OB04298,A3,0.02,0
OB11909,B2,0.06,0
OB05132,A3,0.02,0
OB03482,A2,0.01,0
OB08295,B1,0.035,0
OB02622,A2,0.01,0
OB03842,A2,0.01,0
OB00269,A1,0.005,0
OB06482,A3,0.02,0
OB07601,B1,0.035,0
OB10390,B1,0.035,0
OB05123,A3,0.02,0
OB05861,A3,0.02,0
OB05013,A3,0.02,0
OB15159,C1,0.16,1
OB11234,B2,0.06,0
OB11939,B2,0.06,0
OB10489,B2,0.06,0
OB09730,B1,0.035,0
OB00793,A1,0.005,0
OB10829,B2,0.06,0
OB15969,C3,0.38,1
OB16151,C3,0.38,1
OB04940,A3,0.02,0
OB00663,A1,0.005,0
OB12964,B2,0.06,0
OB02404,A2,0.01,0
OB11118,B2,0.06,0
OB04051,A2,0.01,0
OB12578,B2,0.06,0
OB15796,C2,0.25,0
OB12249,B2,0.06,0
OB01579,A1,0.005,0
OB07008,A3,0.02,0
OB13036,B3,0.1,0
OB14873,C1,0.16,0
OB10203,B1,0.035,0
OB05105,A3,0.02,0
OB03810,A2,0.01,0
OB04383,A3,0.02,0
OB01859,A2,0.01,0
OB09930,B1,0.035,0
OB08685,B1,0.035,0
OB03626,A2,0.01,0
OB05387,A3,0.02,0
OB12559,B2,0.06,0
OB13904,B3,0.1,0
OB14560,C1,0.16,1
OB14899,C1,0.16,0
OB07339,B1,0.035,0
OB15040,C1,0.16,1
OB00621,A1,0.005,0
OB10933,B2,0.06,0
OB04381,A3,0.02,0
OB00397,A1,0.005,0
OB16145,C3,0.38,1
OB06464,A3,0.02,0
OB10020,B1,0.035,0
OB01157,A1,0.005,0
OB07610,B1,0.035,0
OB09977,B1,0.035,1
OB01537,A1,0.005,0
OB14850,C1,0.16,1
OB08565,B1,0.035,0
OB12659,B2,0.06,0
OB14598,C1,0.16,0
OB12256,B2,0.06,0
OB12153,B2,0.06,0
OB07900,B1,0.035,0
OB11000,B2,0.06,0
OB15912,C3,0.38,1
OB08494,B1,0.035,0
OB00802,A1,0.005,0
OB12510,B2,0.06,0
OB07534,B1,0.035,0
OB04605,A3,0.02,0
OB15861,C2,0.25,1
OB14397,B3,0.1,0
OB14495,B3,0.1,0
OB12586,B2,0.06,0
OB07755,B1,0.035,0
OB08306,B1,0.035,1
OB09040,B1,0.035,0
OB06996,A3,0.02,0
OB15632,C2,0.25,0
OB08697,B1,0.035,0
OB11267,B2,0.06,0
OB11835,B2,0.06,0
OB05103,A3,0.02,0
OB13643,B3,0.1,0
OB05857,A3,0.02,0
OB01629,A1,0.005,0
OB00589,A1,0.005,0
OB10982,B2,0.06,0
OB14700,C1,0.16,0
OB06578,A3,0.02,0
OB12201,B2,0.06,0
OB12835,B2,0.06,0
OB04296,A3,0.02,0
OB05203,A3,0.02,0
OB09333,B1,0.035,0
OB12334,B2,0.06,0
OB13355,B3,0.1,0
OB12524,B2,0.06,0
OB09595,B1,0.035,0
OB00130,A1,0.005,0
OB12206,B2,0.06,0
OB13980,B3,0.1,1
OB13752,B3,0.1,0
OB04756,A3,0.02,0
OB13399,B3,0.1,0
OB08102,B1,0.035,0
OB00309,A1,0.005,0
OB02785,A2,0.01,0
OB03332,A2,0.01,0
OB14075,B3,0.1,0
OB04384,A3,0.02,0
OB13824,B3,0.1,0
OB02417,A2,0.01,0
OB15287,C1,0.16,0
OB02980,A2,0.01,0
OB15510,C2,0.25,0
OB05595,A3,0.02,0
OB05543,A3,0.02,0
OB03401,A2,0.01,0
OB08376,B1,0.035,0
OB14484,B3,0.1,0
OB09242,B1,0.035,0
OB06773,A3,0.02,0
OB14552,C1,0.16,1
OB10530,B2,0.06,0
OB10291,B1,0.035,0
OB06500,A3,0.02,0
OB10702,B2,0.06,0
OB06883,A3,0.02,0
OB10005,B1,0.035,0
OB02581,A2,0.01,0
OB02944,A2,0.01,0
OB08747,B1,0.035,0
OB05680,A3,0.02,0
OB02609,A2,0.01,0
OB13891,B3,0.1,0
OB15166,C1,0.16,1
OB15160,C1,0.16,0
OB11918,B2,0.06,0
OB14331,B3,0.1,0
OB04422,A3,0.02,0
OB09671,B1,0.035,0
OB11951,B2,0.06,0
OB01363,A1,0.005,0
OB15447,C2,0.25,0
OB06506,A3,0.02,0
OB14077,B3,0.1,1
OB07049,A3,0.02,0
OB14863,C1,0.16,0
OB01339,A1,0.005,0
OB13332,B3,0.1,0
OB07965,B1,0.035,0
OB11261,B2,0.06,0
OB15864,C2,0.25,1
OB06848,A3,0.02,0
OB01634,A1,0.005,0
OB06009,A3,0.02,1
OB03354,A2,0.01,0
OB03408,A2,0.01,0
OB06679,A3,0.02,0
OB02740,A2,0.01,0
OB10782,B2,0.06,0
OB13358,B3,0.1,0
OB03232,A2,0.01,0
OB02064,A2,0.01,0
OB12916,B2,0.06,0
OB13072,B3,0.1,0
OB11111,B2,0.06,0
OB10170,B1,0.035,0
OB01711,A1,0.005,0
OB15272,C1,0.16,0
OB05774,A3,0.02,0
OB09817,B1,0.035,0
OB03532,A2,0.01,0
OB14731,C1,0.16,0
OB05470,A3,0.02,0
OB04174,A2,0.01,0
OB01506,A1,0.005,0
OB04137,A2,0.01,0
OB13562,B3,0.1,0
OB00075,A1,0.005,0
OB07496,B1,0.035,0
OB15980,C3,0.38,0
OB03392,A2,0.01,0
OB02733,A2,0.01,0
OB09022,B1,0.035,0
OB12224,B2,0.06,0
OB14466,B3,0.1,0
OB14311,B3,0.1,0
OB06747,A3,0.02,0
OB04921,A3,0.02,0
OB00092,A1,0.005,0
OB04401,A3,0.02,0
OB09053,B1,0.035,0
OB04816,A3,0.02,0
OB14147,B3,0.1,0
OB09464,B1,0.035,0
OB07461,B1,0.035,0
OB12530,B2,0.06,0
OB06033,A3,0.02,0
OB10665,B2,0.06,0
OB15907,C3,0.38,0
OB14792,C1,0.16,0
OB09299,B1,0.035,0
OB08269,B1,0.035,0
OB00785,A1,0.005,0
OB03517,A2,0.01,0
OB01831,A2,0.01,0
OB14058,B3,0.1,0
OB09783,B1,0.035,0
OB00690,A1,0.005,0
OB06902,A3,0.02,0
OB12570,B2,0.06,0
OB05624,A3,0.02,0
OB10286,B1,0.035,0
OB09842,B1,0.035,0
OB04895,A3,0.02,0
OB07839,B1,0.035,0
OB01891,A2,0.01,0
OB00135,A1,0.005,0
OB15757,C2,0.25,0
OB08458,B1,0.035,0
OB00517,A1,0.005,0
OB11009,B2,0.06,0
OB12507,B2,0.06,0
OB10904,B2,0.06,0
OB07088,A3,0.02,0
OB02312,A2,0.01,0
OB14911,C1,0.16,0
OB15704,C2,0.25,1
OB10694,B2,0.06,0
OB04715,A3,0.02,0
OB03783,A2,0.01,0
OB00628,A1,0.005,0
OB08506,B1,0.035,0
OB12870,B2,0.06,0
OB12240,B2,0.06,0
OB06934,A3,0.02,0
OB04245,A3,0.02,0
OB14417,B3,0.1,1
OB00273,A1,0.005,0
OB01937,A2,0.01,0
OB05050,A3,0.02,0
OB08504,B1,0.035,0
OB00023,A1,0.005,0
OB11702,B2,0.06,0
OB07013,A3,0.02,0
OB12029,B2,0.06,1
OB07160,A3,0.02,0
OB10997,B2,0.06,0
OB04107,A2,0.01,0
OB09606,B1,0.035,0
OB10156,B1,0.035,0
OB01297,A1,0.005,0
OB11185,B2,0.06,0
OB14224,B3,0.1,0
OB09349,B1,0.035,0
OB02731,A2,0.01,0
OB06851,A3,0.02,0
OB08673,B1,0.035,1
OB08972,B1,0.035,0
OB10293,B1,0.035,0
OB02986,A2,0.01,0
OB08229,B1,0.035,0
OB02862,A2,0.01,0
OB02006,A2,0.01,0
OB00971,A1,0.005,0
OB14190,B3,0.1,0
OB13916,B3,0.1,1
OB00249,A1,0.005,0
OB07241,B1,0.035,0
OB06585,A3,0.02,0
OB05545,A3,0.02,0
OB01886,A2,0.01,0
OB04804,A3,0.02,0
OB15705,C2,0.25,0
OB08199,B1,0.035,0
OB06771,A3,0.02,0
OB02402,A2,0.01,0
OB07822,B1,0.035,0
OB11812,B2,0.06,0
OB15634,C2,0.25,1
OB10787,B2,0.06,0
OB08045,B1,0.035,0
OB12915,B2,0.06,0
OB09089,B1,0.035,0
OB12266,B2,0.06,0
OB13850,B3,0.1,1
OB09528,B1,0.035,0
OB06846,A3,0.02,0
OB00460,A1,0.005,0
OB11059,B2,0.06,0
OB00703,A1,0.005,0
OB09561,B1,0.035,0
OB14458,B3,0.1,0
OB08542,B1,0.035,0
OB13803,B3,0.1,1
OB02286,A2,0.01,0
OB13305,B3,0.1,0
OB04846,A3,0.02,0
OB15938,C3,0.38,1
OB09635,B1,0.035,0
OB07357,B1,0.035,0
OB00448,A1,0.005,0
OB07380,B1,0.035,0
OB11370,B2,0.06,0
OB13541,B3,0.1,0
OB06349,A3,0.02,0
OB02370,A2,0.01,0
OB09465,B1,0.035,0
OB06877,A3,0.02,0
OB04425,A3,0.02,0
OB07573,B1,0.035,0
OB00283,A1,0.005,0
OB01327,A1,0.005,0
OB01519,A1,0.005,0
OB08115,B1,0.035,0
OB12794,B2,0.06,0
OB14772,C1,0.16,0
OB14973,C1,0.16,0
OB10277,B1,0.035,0
OB12204,B2,0.06,0
OB15432,C2,0.25,0
OB10232,B1,0.035,0
OB06053,A3,0.02,0
OB01771,A1,0.005,0
OB04332,A3,0.02,0
OB02445,A2,0.01,0
OB10852,B2,0.06,0
OB06113,A3,0.02,0
OB08538,B1,0.035,0
OB00562,A1,0.005,0
OB02294,A2,0.01,0
OB09789,B1,0.035,0
OB11107,B2,0.06,0
OB06691,A3,0.02,0
OB11960,B2,0.06,0
OB05494,A3,0.02,0
OB06910,A3,0.02,0
OB10555,B2,0.06,0
OB10894,B2,0.06,0
OB15251,C1,0.16,0
OB06949,A3,0.02,0
OB07928,B1,0.035,0
OB12749,B2,0.06,0
OB00999,A1,0.005,0
OB13019,B3,0.1,0
OB00336,A1,0.005,0
OB01176,A1,0.005,0
OB10731,B2,0.06,0
OB02879,A2,0.01,0
OB11662,B2,0.06,0
OB14884,C1,0.16,0
OB12287,B2,0.06,0
OB02365,A2,0.01,0
OB02184,A2,0.01,0
OB10776,B2,0.06,0
OB09466,B1,0.035,0
OB13817,B3,0.1,0
OB12359,B2,0.06,0
OB08516,B1,0.035,0
OB15072,C1,0.16,0
OB07266,B1,0.035,1
OB00944,A1,0.005,0
OB03100,A2,0.01,0
OB00965,A1,0.005,0
OB15670,C2,0.25,1
OB11589,B2,0.06,0
OB08885,B1,0.035,1
OB01706,A1,0.005,0
OB04469,A3,0.02,0
OB06783,A3,0.02,0
OB15495,C2,0.25,0
OB03192,A2,0.01,0
OB04183,A2,0.01,0
OB15525,C2,0.25,0
OB03306,A2,0.01,0
OB03808,A2,0.01,0
OB15010,C1,0.16,1
OB05340,A3,0.02,0
OB06162,A3,0.02,0
OB06195,A3,0.02,0
OB12261,B2,0.06,0
OB11250,B2,0.06,0
OB10620,B2,0.06,0
OB14861,C1,0.16,0
OB02888,A2,0.01,0
OB06791,A3,0.02,0
OB05724,A3,0.02,0
OB04802,A3,0.02,1
OB02863,A2,0.01,0
OB09514,B1,0.035,0
OB16047,C3,0.38,0
OB11681,B2,0.06,0
OB14233,B3,0.1,0
OB09498,B1,0.035,1
OB01954,A2,0.01,0
OB02730,A2,0.01,0
OB07026,A3,0.02,0
OB06054,A3,0.02,0
OB08430,B1,0.035,0
OB00729,A1,0.005,0
OB11494,B2,0.06,0
OB01894,A2,0.01,0
OB11920,B2,0.06,0
OB10027,B1,0.035,0
OB02791,A2,0.01,1
OB06514,A3,0.02,0
OB13905,B3,0.1,1
OB06185,A3,0.02,0
OB11919,B2,0.06,0
OB01313,A1,0.005,0
OB15128,C1,0.16,0
OB05569,A3,0.02,0
OB13470,B3,0.1,0
OB01950,A2,0.01,0
OB16083,C3,0.38,0
OB13960,B3,0.1,1
OB12960,B2,0.06,0
OB13275,B3,0.1,1
OB11899,B2,0.06,0
OB09592,B1,0.035,0
OB00852,A1,0.005,0
OB12289,B2,0.06,0
OB08233,B1,0.035,0
OB02081,A2,0.01,0
OB07121,A3,0.02,0
OB01500,A1,0.005,0
OB04713,A3,0.02,0
OB10431,B2,0.06,0
OB15528,C2,0.25,0
OB12067,B2,0.06,0
OB11948,B2,0.06,1
OB04290,A3,0.02,0
OB00100,A1,0.005,0
OB11484,B2,0.06,0
OB05158,A3,0.02,0
OB14818,C1,0.16,1
OB08746,B1,0.035,0
OB02875,A2,0.01,0
OB02144,A2,0.01,0
OB12024,B2,0.06,0
OB00219,A1,0.005,0
OB15941,C3,0.38,0
OB14587,C1,0.16,0
OB01600,A1,0.005,0
OB08403,B1,0.035,0
OB11186,B2,0.06,0
OB10068,B1,0.035,0
OB04430,A3,0.02,0
OB04189,A2,0.01,0
OB08698,B1,0.035,0
OB04722,A3,0.02,0
OB05687,A3,0.02,0
OB12225,B2,0.06,0
OB13099,B3,0.1,0
OB02675,A2,0.01,0
OB04210,A3,0.02,0
OB01914,A2,0.01,0
OB12607,B2,0.06,0
OB15894,C2,0.25,1
OB08855,B1,0.035,0
OB01899,A2,0.01,0
OB14412,B3,0.1,0
OB09356,B1,0.035,0
OB00343,A1,0.005,0
OB10602,B2,0.06,0
OB10699,B2,0.06,0
OB08298,B1,0.035,0
OB11067,B2,0.06,0
OB06096,A3,0.02,0
OB02356,A2,0.01,0
OB15369,C1,0.16,0
OB12933,B2,0.06,0
OB04825,A3,0.02,0
OB07081,A3,0.02,0
OB14307,B3,0.1,0
OB06253,A3,0.02,0
OB01989,A2,0.01,0
OB02606,A2,0.01,0
OB04238,A3,0.02,0
OB00704,A1,0.005,0
OB06143,A3,0.02,0
OB01055,A1,0.005,0
OB15290,C1,0.16,1
OB00360,A1,0.005,0
OB13642,B3,0.1,0
OB01570,A1,0.005,0
OB07269,B1,0.035,0
OB10589,B2,0.06,0
OB07772,B1,0.035,0
OB08863,B1,0.035,0
OB04358,A3,0.02,0
OB12474,B2,0.06,1
OB09202,B1,0.035,0
OB07210,B1,0.035,0
OB08339,B1,0.035,0
OB04180,A2,0.01,0
OB09158,B1,0.035,0
OB06406,A3,0.02,0
OB03202,A2,0.01,0
OB06531,A3,0.02,0
OB06310,A3,0.02,0
OB05677,A3,0.02,0
OB12491,B2,0.06,0
OB00241,A1,0.005,0
OB07252,B1,0.035,0
OB15790,C2,0.25,0
OB14888,C1,0.16,0
OB10052,B1,0.035,0
OB08223,B1,0.035,0
OB13453,B3,0.1,0
OB06953,A3,0.02,0
OB13163,B3,0.1,0
OB01399,A1,0.005,0
OB11542,B2,0.06,0
OB00029,A1,0.005,0
OB01663,A1,0.005,0
OB14706,C1,0.16,0
OB13400,B3,0.1,0
OB03577,A2,0.01,0
OB14033,B3,0.1,0
OB02749,A2,0.01,0
OB06100,A3,0.02,0
OB09399,B1,0.035,0
OB00858,A1,0.005,0
OB09721,B1,0.035,0
OB06991,A3,0.02,0
OB01791,A1,0.005,0
OB06799,A3,0.02,0
OB13633,B3,0.1,0
OB12042,B2,0.06,0
OB04964,A3,0.02,0
OB12144,B2,0.06,0
OB01061,A1,0.005,0
OB06136,A3,0.02,0
OB05824,A3,0.02,0
OB07012,A3,0.02,0
OB07733,B1,0.035,0
OB15616,C2,0.25,0
OB09818,B1,0.035,0
OB02712,A2,0.01,0
OB03805,A2,0.01,0
OB02107,A2,0.01,0
OB06824,A3,0.02,0
OB02857,A2,0.01,0
OB11697,B2,0.06,0
OB11341,B2,0.06,0
OB06412,A3,0.02,0
OB01740,A1,0.005,0
OB07027,A3,0.02,0
OB03089,A2,0.01,0
OB12593,B2,0.06,0
OB13478,B3,0.1,0
OB15441,C2,0.25,0
OB15464,C2,0.25,1
OB14949,C1,0.16,0
OB11459,B2,0.06,0
OB14912,C1,0.16,1
OB07393,B1,0.035,0
OB01198,A1,0.005,0
OB06875,A3,0.02,0
OB03848,A2,0.01,0
OB09706,B1,0.035,0
OB13585,B3,0.1,0
OB14966,C1,0.16,1
OB05938,A3,0.02,0
OB08802,B1,0.035,0
OB06392,A3,0.02,0
OB10994,B2,0.06,0
OB07343,B1,0.035,0
OB05638,A3,0.02,0
OB08409,B1,0.035,0
OB03039,A2,0.01,0
OB13045,B3,0.1,0
OB00521,A1,0.005,0
OB00912,A1,0.005,0
OB15983,C3,0.38,1
OB04695,A3,0.02,0
OB16048,C3,0.38,0
OB03559,A2,0.01,0
OB03900,A2,0.01,0
OB14743,C1,0.16,0
OB06519,A3,0.02,0
OB13435,B3,0.1,0
OB09933,B1,0.035,0
OB15898,C2,0.25,0
OB00256,A1,0.005,0
OB15630,C2,0.25,0
OB03391,A2,0.01,0
OB14712,C1,0.16,0
OB13807,B3,0.1,0
OB03814,A2,0.01,0
OB15592,C2,0.25,0
OB12601,B2,0.06,0
OB12616,B2,0.06,0
OB02770,A2,0.01,0
OB06483,A3,0.02,0
OB01092,A1,0.005,0
OB04615,A3,0.02,0
OB13922,B3,0.1,0
OB11088,B2,0.06,0
OB12236,B2,0.06,1
OB14571,C1,0.16,0
OB08234,B1,0.035,0
OB15172,C1,0.16,1
OB11361,B2,0.06,0
OB03533,A2,0.01,0
OB14207,B3,0.1,0
OB05991,A3,0.02,0
OB00355,A1,0.005,0
OB02001,A2,0.01,0
OB00553,A1,0.005,0
OB13183,B3,0.1,0
OB10544,B2,0.06,0
OB07260,B1,0.035,0
OB04582,A3,0.02,0
OB02525,A2,0.01,0
OB06966,A3,0.02,0
OB05327,A3,0.02,0
OB08530,B1,0.035,0
OB12216,B2,0.06,0
OB03087,A2,0.01,0
OB00386,A1,0.005,0
OB15779,C2,0.25,1
OB09206,B1,0.035,0
OB12012,B2,0.06,0
OB00224,A1,0.005,0
OB04784,A3,0.02,0
OB00826,A1,0.005,0
OB10157,B1,0.035,0
OB01052,A1,0.005,0
OB07990,B1,0.035,0
OB08123,B1,0.035,0
OB08795,B1,0.035,0
OB13273,B3,0.1,0
OB08396,B1,0.035,0
OB06890,A3,0.02,0
OB01463,A1,0.005,0
OB03017,A2,0.01,0
OB05314,A3,0.02,0
OB03375,A2,0.01,0
OB00093,A1,0.005,0
OB09808,B1,0.035,0
OB15665,C2,0.25,0
OB13267,B3,0.1,0
OB12477,B2,0.06,1
OB04365,A3,0.02,0
OB06921,A3,0.02,0
OB14953,C1,0.16,1
OB01602,A1,0.005,0
OB14969,C1,0.16,0
OB11415,B2,0.06,0
OB12229,B2,0.06,0
OB07125,A3,0.02,0
OB10471,B2,0.06,0
OB16125,C3,0.38,1
OB01311,A1,0.005,0
OB03228,A2,0.01,0
OB15296,C1,0.16,0
OB02028,A2,0.01,0
OB04840,A3,0.02,0
OB15304,C1,0.16,0
OB03466,A2,0.01,0
OB15597,C2,0.25,1
OB01187,A1,0.005,0
OB09794,B1,0.035,0
OB09901,B1,0.035,0
OB15911,C3,0.38,1
OB01293,A1,0.005,0
OB10007,B1,0.035,0
OB06901,A3,0.02,0
OB10781,B2,0.06,0
OB11967,B2,0.06,0
OB07838,B1,0.035,0
OB01114,A1,0.005,0
OB12015,B2,0.06,0
OB10349,B1,0.035,0
OB13215,B3,0.1,0
OB03302,A2,0.01,0
OB01337,A1,0.005,0
OB02872,A2,0.01,0
OB09531,B1,0.035,0
OB10871,B2,0.06,0
OB02624,A2,0.01,0
OB03381,A2,0.01,0
OB10909,B2,0.06,0
OB03611,A2,0.01,0
OB11054,B2,0.06,0
OB07835,B1,0.035,0
OB03340,A2,0.01,0
OB15643,C2,0.25,1
OB08060,B1,0.035,0
OB11293,B2,0.06,0
OB02794,A2,0.01,0
OB02197,A2,0.01,0
OB02431,A2,0.01,0
OB08781,B1,0.035,0
OB15086,C1,0.16,0
OB08144,B1,0.035,0
OB07472,B1,0.035,0
OB10517,B2,0.06,0
OB12011,B2,0.06,0
OB13648,B3,0.1,1
OB07848,B1,0.035,0
OB08873,B1,0.035,0
OB15778,C2,0.25,0
OB07581,B1,0.035,0
OB02565,A2,0.01,0
OB02008,A2,0.01,0
OB10518,B2,0.06,0
OB11104,B2,0.06,0
OB07420,B1,0.035,0
OB13834,B3,0.1,0
OB15609,C2,0.25,0
OB04039,A2,0.01,0
OB02125,A2,0.01,0
OB09855,B1,0.035,0
OB14454,B3,0.1,0
OB11132,B2,0.06,0
OB04247,A3,0.02,0
OB12665,B2,0.06,0
OB12525,B2,0.06,0
OB04031,A2,0.01,0
OB14981,C1,0.16,0
OB09696,B1,0.035,0
OB14305,B3,0.1,1
OB01402,A1,0.005,0
OB07123,A3,0.02,0
OB11379,B2,0.06,0
OB07434,B1,0.035,0
OB13750,B3,0.1,0
OB09103,B1,0.035,0
OB12377,B2,0.06,0
OB03742,A2,0.01,0
OB10093,B1,0.035,0
OB10444,B2,0.06,0
OB15062,C1,0.16,0
OB11306,B2,0.06,0
OB11512,B2,0.06,0
OB02685,A2,0.01,0
OB08835,B1,0.035,1
OB08986,B1,0.035,0
OB02864,A2,0.01,0
OB04564,A3,0.02,0
OB02466,A2,0.01,0
OB05648,A3,0.02,0
OB12850,B2,0.06,0
OB11357,B2,0.06,0
OB09632,B1,0.035,0
OB00645,A1,0.005,0
OB08515,B1,0.035,0
OB03605,A2,0.01,0
OB05845,A3,0.02,0
OB12950,B2,0.06,0
OB04414,A3,0.02,0
OB05490,A3,0.02,0
OB08099,B1,0.035,0
OB00511,A1,0.005,0
OB13302,B3,0.1,0
OB04327,A3,0.02,0
OB01821,A2,0.01,0
OB05396,A3,0.02,0
OB09578,B1,0.035,0
OB14541,C1,0.16,0
OB05745,A3,0.02,0
OB10711,B2,0.06,0
OB09370,B1,0.035,0
OB11824,B2,0.06,0
OB13206,B3,0.1,0
OB14037,B3,0.1,0
OB09614,B1,0.035,0
OB02746,A2,0.01,0
OB07286,B1,0.035,0
OB03965,A2,0.01,0
OB02187,A2,0.01,0
OB12921,B2,0.06,0
OB00080,A1,0.005,0
OB07778,B1,0.035,0
OB12549,B2,0.06,0
OB13109,B3,0.1,0
OB09383,B1,0.035,0
OB12947,B2,0.06,0
OB15794,C2,0.25,0
OB07084,A3,0.02,0
OB00595,A1,0.005,0
OB13523,B3,0.1,0
OB07659,B1,0.035,0
OB15303,C1,0.16,0
OB05858,A3,0.02,0
OB06804,A3,0.02,0
OB09052,B1,0.035,0
OB13555,B3,0.1,0
OB08900,B1,0.035,0
OB15587,C2,0.25,0
OB05363,A3,0.02,0
OB14800,C1,0.16,1
OB11244,B2,0.06,0
OB11965,B2,0.06,0
OB09415,B1,0.035,0
OB08889,B1,0.035,0
OB11752,B2,0.06,0
OB05560,A3,0.02,0
OB10391,B1,0.035,0
OB14387,B3,0.1,0
OB06455,A3,0.02,0
OB00828,A1,0.005,0
OB15283,C1,0.16,1
OB08277,B1,0.035,0
OB00485,A1,0.005,0
OB14667,C1,0.16,0
OB04519,A3,0.02,0
OB13476,B3,0.1,0
OB05182,A3,0.02,0
OB00223,A1,0.005,0
OB07604,B1,0.035,0
OB11770,B2,0.06,0
OB10607,B2,0.06,0
OB13030,B3,0.1,0
OB10412,B2,0.06,0
OB01521,A1,0.005,0
OB16147,C3,0.38,1
OB06382,A3,0.02,0
OB03604,A2,0.01,0
OB00535,A1,0.005,0
OB04037,A2,0.01,0
OB00240,A1,0.005,0
OB14529,C1,0.16,0
OB12312,B2,0.06,0
OB07183,A3,0.02,0
OB14490,B3,0.1,0
OB08700,B1,0.035,0
OB08173,B1,0.035,0
OB05529,A3,0.02,0
OB08590,B1,0.035,0
OB03012,A2,0.01,0
OB06099,A3,0.02,0
OB01148,A1,0.005,0
OB02071,A2,0.01,0
OB01308,A1,0.005,0
OB05180,A3,0.02,0
OB07873,B1,0.035,0
OB15243,C1,0.16,1
OB11345,B2,0.06,0
OB13746,B3,0.1,0
OB05872,A3,0.02,0
OB12026,B2,0.06,0
OB13681,B3,0.1,0
OB06181,A3,0.02,0
OB01549,A1,0.005,0
OB02115,A2,0.01,1
OB05448,A3,0.02,0
OB02941,A2,0.01,1
OB08172,B1,0.035,0
OB05731,A3,0.02,0
OB04608,A3,0.02,0
OB00640,A1,0.005,0
OB04994,A3,0.02,0
OB04068,A2,0.01,0
OB15743,C2,0.25,0
OB09070,B1,0.035,0
OB10406,B2,0.06,0
OB11061,B2,0.06,0
OB10102,B1,0.035,0
OB05972,A3,0.02,0
OB10519,B2,0.06,0
OB06803,A3,0.02,0
OB01627,A1,0.005,0
OB10193,B1,0.035,0
OB02575,A2,0.01,0
OB01366,A1,0.005,0
OB09872,B1,0.035,0
OB13482,B3,0.1,0
OB07636,B1,0.035,0
OB06457,A3,0.02,0
OB09118,B1,0.035,0
OB06696,A3,0.02,0
OB14527,C1,0.16,1
OB01911,A2,0.01,0
OB09713,B1,0.035,0
OB09970,B1,0.035,0
OB00233,A1,0.005,0
OB07410,B1,0.035,0
OB15493,C2,0.25,0
OB14275,B3,0.1,0
OB06306,A3,0.02,0
OB09945,B1,0.035,0
OB04835,A3,0.02,0
OB06632,A3,0.02,1
OB01623,A1,0.005,0
OB10753,B2,0.06,0
OB02201,A2,0.01,0
OB14439,B3,0.1,0
OB03407,A2,0.01,0
OB02665,A2,0.01,0
OB08857,B1,0.035,1
OB12789,B2,0.06,0
OB12502,B2,0.06,0
OB10877,B2,0.06,0
OB03343,A2,0.01,0
OB09742,B1,0.035,0
OB03939,A2,0.01,0
OB13778,B3,0.1,1
OB05220,A3,0.02,0
OB08041,B1,0.035,0
OB03816,A2,0.01,0
OB02688,A2,0.01,0
OB03096,A2,0.01,0
OB06561,A3,0.02,0
OB10858,B2,0.06,0
OB15499,C2,0.25,0
OB01105,A1,0.005,0
OB15108,C1,0.16,0
OB15872,C2,0.25,0
OB15324,C1,0.16,0
OB02933,A2,0.01,0
OB07379,B1,0.035,0
OB08448,B1,0.035,0
OB10469,B2,0.06,1
OB01616,A1,0.005,0
OB11621,B2,0.06,0
OB00105,A1,0.005,0
OB13526,B3,0.1,0
OB15568,C2,0.25,0
OB10259,B1,0.035,0
OB14477,B3,0.1,0
OB06010,A3,0.02,0
OB09378,B1,0.035,0
OB09311,B1,0.035,0
OB01750,A1,0.005,0
OB05308,A3,0.02,0
OB08985,B1,0.035,0
OB11507,B2,0.06,0
OB13171,B3,0.1,0
OB10682,B2,0.06,0
OB11394,B2,0.06,0
OB15875,C2,0.25,0
OB02949,A2,0.01,0
OB11508,B2,0.06,0
OB15114,C1,0.16,0
OB02741,A2,0.01,0
OB01164,A1,0.005,0
OB04396,A3,0.02,0
OB13272,B3,0.1,0
OB04283,A3,0.02,0
OB08551,B1,0.035,0
OB10290,B1,0.035,0
OB01507,A1,0.005,0
OB10810,B2,0.06,0
OB07083,A3,0.02,0
OB12940,B2,0.06,0
OB00344,A1,0.005,0
OB10283,B1,0.035,0
OB08836,B1,0.035,0
OB14520,C1,0.16,0
OB16176,C3,0.38,0
OB06515,A3,0.02,0
OB07276,B1,0.035,0
OB14205,B3,0.1,0
OB10975,B2,0.06,0
OB02804,A2,0.01,0
OB00113,A1,0.005,0
OB13548,B3,0.1,0
OB15217,C1,0.16,0
OB13310,B3,0.1,1
OB14832,C1,0.16,0
OB02947,A2,0.01,0
OB06396,A3,0.02,0
OB03845,A2,0.01,0
OB09597,B1,0.035,0
OB08561,B1,0.035,0
OB13907,B3,0.1,0
OB09271,B1,0.035,0
OB08383,B1,0.035,0
OB00882,A1,0.005,0
OB05145,A3,0.02,0
OB03580,A2,0.01,0
OB12723,B2,0.06,0
OB10430,B2,0.06,0
OB09960,B1,0.035,0
OB12284,B2,0.06,0
OB10108,B1,0.035,0
OB08817,B1,0.035,0
OB06444,A3,0.02,0
OB10357,B1,0.035,0
OB06171,A3,0.02,0
OB10032,B1,0.035,0
OB12203,B2,0.06,0
OB07556,B1,0.035,0
OB02952,A2,0.01,0
OB09421,B1,0.035,0
OB04847,A3,0.02,0
OB04829,A3,0.02,0
OB10947,B2,0.06,0
OB14528,C1,0.16,0
OB05805,A3,0.02,0
OB13054,B3,0.1,0
OB01091,A1,0.005,0
OB06947,A3,0.02,0
OB03258,A2,0.01,0
OB04779,A3,0.02,0
OB08036,B1,0.035,0
OB05710,A3,0.02,0
OB11127,B2,0.06,0
OB12365,B2,0.06,0
OB00686,A1,0.005,0
OB07430,B1,0.035,0
OB14776,C1,0.16,0
OB05700,A3,0.02,0
OB01329,A1,0.005,0
OB03815,A2,0.01,0
OB06908,A3,0.02,0
OB09897,B1,0.035,0
OB05688,A3,0.02,0
OB02516,A2,0.01,0
OB08531,B1,0.035,0
OB15945,C3,0.38,0
OB11931,B2,0.06,0
OB10399,B1,0.035,0
OB12235,B2,0.06,0
OB07916,B1,0.035,0
OB11411,B2,0.06,0
OB02066,A2,0.01,0
OB10246,B1,0.035,0
OB01121,A1,0.005,0
OB09400,B1,0.035,0
OB06420,A3,0.02,0
OB03352,A2,0.01,0
OB02080,A2,0.01,0
OB00922,A1,0.005,0
OB12393,B2,0.06,0
OB04935,A3,0.02,0
OB10668,B2,0.06,0
OB00764,A1,0.005,0
OB06620,A3,0.02,0
OB03564,A2,0.01,0
OB02897,A2,0.01,0
OB09907,B1,0.035,0
OB08487,B1,0.035,0
OB10037,B1,0.035,1
OB08977,B1,0.035,0
OB11219,B2,0.06,0
OB08237,B1,0.035,0
OB07102,A3,0.02,0
OB02053,A2,0.01,0
OB15410,C2,0.25,0
OB07528,B1,0.035,0
OB05590,A3,0.02,0
OB04642,A3,0.02,0
OB06106,A3,0.02,0
OB08058,B1,0.035,0
OB16027,C3,0.38,0
OB14137,B3,0.1,0
OB04611,A3,0.02,0
OB09784,B1,0.035,0
OB16049,C3,0.38,0
OB16015,C3,0.38,0
OB02420,A2,0.01,0
OB04427,A3,0.02,0
OB09593,B1,0.035,0
OB08475,B1,0.035,0
OB03268,A2,0.01,0
OB05288,A3,0.02,0
OB01857,A2,0.01,0
OB09889,B1,0.035,0
OB11071,B2,0.06,0
OB06058,A3,0.02,0
OB04759,A3,0.02,0
OB04807,A3,0.02,0
OB07288,B1,0.035,0
OB14910,C1,0.16,1
OB13325,B3,0.1,0
OB03231,A2,0.01,0
OB04370,A3,0.02,0
OB02982,A2,0.01,0
OB13041,B3,0.1,0
OB05659,A3,0.02,0
OB00143,A1,0.005,0
OB01483,A1,0.005,0
OB12824,B2,0.06,0
OB08790,B1,0.035,0
OB13660,B3,0.1,0
OB15224,C1,0.16,0
OB05064,A3,0.02,0
OB04942,A3,0.02,0
OB05323,A3,0.02,0
OB06373,A3,0.02,0
OB14637,C1,0.16,0
OB04635,A3,0.02,0
OB10516,B2,0.06,0
OB15829,C2,0.25,0
OB07506,B1,0.035,0
OB14927,C1,0.16,0
OB05016,A3,0.02,0
OB09267,B1,0.035,0
OB06117,A3,0.02,0
OB13159,B3,0.1,0
OB00131,A1,0.005,0
OB12876,B2,0.06,0
OB05074,A3,0.02,0
OB06112,A3,0.02,1
OB01228,A1,0.005,0
OB01968,A2,0.01,0
OB07352,B1,0.035,0
OB09608,B1,0.035,0
OB14136,B3,0.1,0
OB09878,B1,0.035,0
OB00667,A1,0.005,0
OB02091,A2,0.01,0
OB14510,C1,0.16,0
OB10158,B1,0.035,0
OB10672,B2,0.06,0
OB07060,A3,0.02,0
OB04953,A3,0.02,0
OB00950,A1,0.005,0
OB08961,B1,0.035,0
OB15037,C1,0.16,0
OB01166,A1,0.005,0
OB06268,A3,0.02,0
OB12955,B2,0.06,0
OB09904,B1,0.035,0
OB04546,A3,0.02,0
OB02398,A2,0.01,0
OB09650,B1,0.035,0
OB04070,A2,0.01,0
OB11860,B2,0.06,0
OB08784,B1,0.035,0
OB02331,A2,0.01,0
OB09187,B1,0.035,0
OB13702,B3,0.1,0
OB04098,A2,0.01,0
OB00675,A1,0.005,0
OB10146,B1,0.035,0
OB14738,C1,0.16,0
OB02399,A2,0.01,0
OB08738,B1,0.035,0
OB08878,B1,0.035,0
OB13352,B3,0.1,0
OB04544,A3,0.02,0
OB04326,A3,0.02,0
OB04922,A3,0.02,0
OB09227,B1,0.035,0
OB02348,A2,0.01,0
OB04462,A3,0.02,0
OB12115,B2,0.06,0
OB07493,B1,0.035,0
OB05065,A3,0.02,0
OB13049,B3,0.1,0
OB11134,B2,0.06,0
OB08764,B1,0.035,0
OB04545,A3,0.02,0
OB03450,A2,0.01,0
OB16171,C3,0.38,1
OB15359,C1,0.16,0
OB07971,B1,0.035,0
OB15332,C1,0.16,0
OB01292,A1,0.005,0
OB05511,A3,0.02,0
OB01225,A1,0.005,0
OB09417,B1,0.035,0
OB01257,A1,0.005,0
OB10363,B1,0.035,0
OB13572,B3,0.1,0
OB06686,A3,0.02,0
OB00147,A1,0.005,0
OB11079,B2,0.06,0
OB08156,B1,0.035,0
OB15222,C1,0.16,0
OB15999,C3,0.38,0
OB10182,B1,0.035,0
OB07167,A3,0.02,0
OB03859,A2,0.01,0
OB11333,B2,0.06,0
OB05643,A3,0.02,0
OB15042,C1,0.16,1
OB01104,A1,0.005,0
OB03992,A2,0.01,0
OB11044,B2,0.06,0
OB03072,A2,0.01,0
OB00302,A1,0.005,0
OB11930,B2,0.06,0
OB03545,A2,0.01,0
OB10931,B2,0.06,0
OB03254,A2,0.01,0
OB10730,B2,0.06,0
OB01662,A1,0.005,0
OB01523,A1,0.005,0
OB07423,B1,0.035,0
OB03693,A2,0.01,0
OB04678,A3,0.02,0
OB07652,B1,0.035,0
OB13670,B3,0.1,0
OB04581,A3,0.02,0
OB06076,A3,0.02,0
OB10953,B2,0.06,0
OB01558,A1,0.005,0
OB09916,B1,0.035,0
OB11252,B2,0.06,0
OB04741,A3,0.02,0
OB04675,A3,0.02,0
OB02374,A2,0.01,0
OB12303,B2,0.06,0
OB09956,B1,0.035,0
OB07576,B1,0.035,0
OB14710,C1,0.16,0
OB05507,A3,0.02,0
OB01716,A1,0.005,0
OB12930,B2,0.06,0
OB04235,A3,0.02,0
OB06889,A3,0.02,0
OB12425,B2,0.06,0
OB02272,A2,0.01,0
OB11317,B2,0.06,0
OB01869,A2,0.01,0
OB08204,B1,0.035,0
OB08077,B1,0.035,0
OB13205,B3,0.1,0
OB12398,B2,0.06,0
OB10261,B1,0.035,0
OB06002,A3,0.02,0
OB09746,B1,0.035,0
OB00881,A1,0.005,0
OB13638,B3,0.1,0
OB12946,B2,0.06,0
OB04301,A3,0.02,0
OB16080,C3,0.38,1
OB04647,A3,0.02,0
OB05903,A3,0.02,0
OB09134,B1,0.035,0
OB14565,C1,0.16,1
OB00860,A1,0.005,0
OB01546,A1,0.005,0
OB04884,A3,0.02,0
OB00398,A1,0.005,0
OB10409,B2,0.06,0
OB11768,B2,0.06,0
OB00864,A1,0.005,0
OB11488,B2,0.06,0
OB04541,A3,0.02,0
OB06203,A3,0.02,0
OB06577,A3,0.02,0
OB06913,A3,0.02,0
OB07141,A3,0.02,0
OB15372,C1,0.16,1
OB07000,A3,0.02,0
OB12191,B2,0.06,0
OB14364,B3,0.1,1
OB01168,A1,0.005,0
OB07655,B1,0.035,0
OB00298,A1,0.005,0
OB03065,A2,0.01,0
OB11460,B2,0.06,0
OB04939,A3,0.02,0
OB10878,B2,0.06,0
OB05919,A3,0.02,0
OB03892,A2,0.01,0
OB11144,B2,0.06,0
OB15857,C2,0.25,1
OB04030,A2,0.01,0
OB06151,A3,0.02,0
OB06681,A3,0.02,0
OB15267,C1,0.16,0
OB08679,B1,0.035,0
OB02322,A2,0.01,0
OB06040,A3,0.02,0
OB00479,A1,0.005,0
OB01948,A2,0.01,1
OB04702,A3,0.02,0
OB04512,A3,0.02,0
OB02752,A2,0.01,0
OB14807,C1,0.16,0
OB05399,A3,0.02,0
OB07401,B1,0.035,0
OB15204,C1,0.16,0
OB05373,A3,0.02,0
OB12242,B2,0.06,0
OB15266,C1,0.16,1
OB14654,C1,0.16,0
OB07779,B1,0.035,0
OB14290,B3,0.1,0
OB01289,A1,0.005,0
OB04797,A3,0.02,0
OB01790,A1,0.005,0
OB09423,B1,0.035,0
OB02959,A2,0.01,0
OB05112,A3,0.02,0
OB07527,B1,0.035,0
OB09771,B1,0.035,0
OB05892,A3,0.02,0
OB12552,B2,0.06,0
OB04707,A3,0.02,0
OB02117,A2,0.01,1
OB12370,B2,0.06,0
OB04561,A3,0.02,0
OB12147,B2,0.06,0
OB10241,B1,0.035,0
OB12551,B2,0.06,0
OB09119,B1,0.035,0
OB01132,A1,0.005,0
OB11457,B2,0.06,0
OB11016,B2,0.06,0
OB13468,B3,0.1,0
OB03521,A2,0.01,0
OB08912,B1,0.035,0
OB09114,B1,0.035,0
OB10819,B2,0.06,0
OB10950,B2,0.06,0
OB11160,B2,0.06,0
OB12770,B2,0.06,0
OB05303,A3,0.02,0
OB00385,A1,0.005,0
OB10548,B2,0.06,0
OB03578,A2,0.01,0
OB00176,A1,0.005,1
OB06127,A3,0.02,0
OB03016,A2,0.01,0
OB02451,A2,0.01,0
OB02253,A2,0.01,0
OB12396,B2,0.06,0
OB12210,B2,0.06,0
OB14603,C1,0.16,0
OB10736,B2,0.06,0
OB15347,C1,0.16,0
OB13002,B3,0.1,0
OB10126,B1,0.035,0
OB06959,A3,0.02,0
OB14794,C1,0.16,1
OB04778,A3,0.02,0
OB14184,B3,0.1,0
OB08752,B1,0.035,0
OB06742,A3,0.02,0
OB04168,A2,0.01,0
OB12246,B2,0.06,0
OB09252,B1,0.035,1
OB03929,A2,0.01,0
OB02208,A2,0.01,0
OB10410,B2,0.06,0
OB12333,B2,0.06,0
OB09293,B1,0.035,0
OB01372,A1,0.005,0
OB03833,A2,0.01,0
OB07967,B1,0.035,0
OB06794,A3,0.02,0
OB13985,B3,0.1,0
OB13404,B3,0.1,0
OB03855,A2,0.01,0
OB06504,A3,0.02,0
OB08197,B1,0.035,0
OB12417,B2,0.06,0
OB04208,A3,0.02,0
OB03024,A2,0.01,0
OB04523,A3,0.02,0
OB13101,B3,0.1,0
OB02412,A2,0.01,0
OB12890,B2,0.06,0
OB02242,A2,0.01,0
OB14333,B3,0.1,0
OB12703,B2,0.06,0
OB07630,B1,0.035,0
OB14797,C1,0.16,0
OB05675,A3,0.02,0
OB07371,B1,0.035,0
OB13676,B3,0.1,0
OB10009,B1,0.035,0
OB04650,A3,0.02,0
OB15541,C2,0.25,1
OB04172,A2,0.01,0
OB11788,B2,0.06,0
OB15351,C1,0.16,1
OB00989,A1,0.005,0
OB07035,A3,0.02,0
OB00735,A1,0.005,0
OB11673,B2,0.06,0
OB15092,C1,0.16,0
OB10216,B1,0.035,0
OB14460,B3,0.1,1
OB09006,B1,0.035,0
OB02958,A2,0.01,0
OB06241,A3,0.02,0
OB04773,A3,0.02,0
OB09312,B1,0.035,0
OB06529,A3,0.02,0
OB06584,A3,0.02,0
OB12186,B2,0.06,0
OB12654,B2,0.06,0
OB02657,A2,0.01,0
OB10720,B2,0.06,0
OB00605,A1,0.005,0
OB03475,A2,0.01,0
OB08208,B1,0.035,0
OB05617,A3,0.02,0
OB15214,C1,0.16,0
OB03374,A2,0.01,0
OB05191,A3,0.02,0
OB06548,A3,0.02,0
OB13082,B3,0.1,0
OB11097,B2,0.06,0
OB13537,B3,0.1,0
OB10449,B2,0.06,0
OB08841,B1,0.035,0
OB05626,A3,0.02,0
OB00606,A1,0.005,0
OB06239,A3,0.02,0
OB08451,B1,0.035,0
OB06558,A3,0.02,0
OB05931,A3,0.02,0
OB03695,A2,0.01,0
OB05443,A3,0.02,0
OB06625,A3,0.02,0
OB11437,B2,0.06,0
OB08250,B1,0.035,0
OB10319,B1,0.035,0
OB13483,B3,0.1,1
OB13033,B3,0.1,1
OB11922,B2,0.06,0
OB08919,B1,0.035,0
OB15045,C1,0.16,0
OB06121,A3,0.02,0
OB11871,B2,0.06,0
OB14359,B3,0.1,0
OB04689,A3,0.02,0
OB03373,A2,0.01,0
OB09853,B1,0.035,0
OB00630,A1,0.005,0
OB09821,B1,0.035,0
OB07415,B1,0.035,0
OB09756,B1,0.035,0
OB01676,A1,0.005,0
OB06484,A3,0.02,0
OB13741,B3,0.1,0
OB02017,A2,0.01,0
OB14321,B3,0.1,0
OB13583,B3,0.1,0
OB03499,A2,0.01,0
OB12296,B2,0.06,0
OB15173,C1,0.16,0
OB03984,A2,0.01,0
OB05151,A3,0.02,0
OB03792,A2,0.01,0
OB14302,B3,0.1,0
OB06415,A3,0.02,0
OB13259,B3,0.1,0
OB00554,A1,0.005,0
OB06701,A3,0.02,0
OB12064,B2,0.06,0
OB14380,B3,0.1,0
OB01544,A1,0.005,0
OB02182,A2,0.01,1
OB01815,A2,0.01,0
OB02644,A2,0.01,0
OB13231,B3,0.1,0
OB02814,A2,0.01,0
OB12018,B2,0.06,1
OB03732,A2,0.01,0
OB00587,A1,0.005,0
OB01991,A2,0.01,0
OB04109,A2,0.01,0
OB11737,B2,0.06,0
OB02011,A2,0.01,0
OB09735,B1,0.035,0
OB06487,A3,0.02,0
OB04529,A3,0.02,0
OB15854,C2,0.25,0
OB03506,A2,0.01,0
OB15791,C2,0.25,0
OB10057,B1,0.035,0
OB02146,A2,0.01,0
OB06083,A3,0.02,0
OB00274,A1,0.005,0
OB01848,A2,0.01,0
OB02400,A2,0.01,0
OB00301,A1,0.005,0
OB08518,B1,0.035,0
OB13162,B3,0.1,0
OB09785,B1,0.035,0
OB14870,C1,0.16,0
OB00823,A1,0.005,0
OB02019,A2,0.01,0
OB03217,A2,0.01,0
OB14947,C1,0.16,0
OB06673,A3,0.02,0
OB07691,B1,0.035,0
OB10419,B2,0.06,1
OB12929,B2,0.06,0
OB01011,A1,0.005,0
OB14055,B3,0.1,0
OB00275,A1,0.005,0
OB04477,A3,0.02,0
OB08238,B1,0.035,0
OB06075,A3,0.02,0
OB02129,A2,0.01,0
OB00925,A1,0.005,0
OB16043,C3,0.38,1
OB15472,C2,0.25,0
OB00045,A1,0.005,0
OB10728,B2,0.06,0
OB07911,B1,0.035,0
OB00220,A1,0.005,0
OB15846,C2,0.25,0
OB12590,B2,0.06,0
OB09501,B1,0.035,0
OB04407,A3,0.02,0
OB07320,B1,0.035,0
OB06835,A3,0.02,0
OB08879,B1,0.035,0
OB06376,A3,0.02,0
OB05960,A3,0.02,0
OB00923,A1,0.005,0
OB08552,B1,0.035,0
OB04815,A3,0.02,0
OB00601,A1,0.005,0
OB02656,A2,0.01,0
OB11532,B2,0.06,0
OB12644,B2,0.06,0
OB14548,C1,0.16,0
OB12046,B2,0.06,1
OB04680,A3,0.02,0
OB03730,A2,0.01,0
OB13093,B3,0.1,0
OB02836,A2,0.01,0
OB14951,C1,0.16,1
OB03145,A2,0.01,0
OB04874,A3,0.02,0
OB04233,A3,0.02,0
OB10660,B2,0.06,0
OB11482,B2,0.06,0
OB00715,A1,0.005,0
OB01079,A1,0.005,0
OB10813,B2,0.06,0
OB15434,C2,0.25,0
OB12263,B2,0.06,0
OB09982,B1,0.035,0
OB03566,A2,0.01,0
OB02057,A2,0.01,0
OB02168,A2,0.01,0
OB04018,A2,0.01,0
OB14805,C1,0.16,0
OB12450,B2,0.06,0
OB11453,B2,0.06,0
OB13233,B3,0.1,1
OB02002,A2,0.01,0
OB05748,A3,0.02,0
OB06056,A3,0.02,0
OB00620,A1,0.005,0
OB07435,B1,0.035,0
OB14488,B3,0.1,0
OB02332,A2,0.01,0
OB15070,C1,0.16,1
OB13967,B3,0.1,0
OB03661,A2,0.01,0
OB10437,B2,0.06,1
OB12606,B2,0.06,0
OB00409,A1,0.005,0
OB09979,B1,0.035,0
OB13639,B3,0.1,1
OB04120,A2,0.01,0
OB06139,A3,0.02,0
OB02621,A2,0.01,0
OB05874,A3,0.02,1
OB06841,A3,0.02,0
OB12281,B2,0.06,0
OB06350,A3,0.02,0
OB06754,A3,0.02,0
OB06486,A3,0.02,0
OB10350,B1,0.035,0
OB14569,C1,0.16,0
OB04524,A3,0.02,0
OB03224,A2,0.01,0
OB16174,C3,0.38,1
OB14418,B3,0.1,0
OB03020,A2,0.01,0
OB03954,A2,0.01,0
OB04842,A3,0.02,0
OB06937,A3,0.02,0
OB04113,A2,0.01,0
OB02317,A2,0.01,0
OB10748,B2,0.06,0
OB13216,B3,0.1,0
OB11180,B2,0.06,0
OB13877,B3,0.1,0
OB08575,B1,0.035,0
OB14434,B3,0.1,0
OB16036,C3,0.38,1
OB00528,A1,0.005,0
OB12461,B2,0.06,0
OB00420,A1,0.005,0
OB14940,C1,0.16,0
OB12942,B2,0.06,0
OB06492,A3,0.02,0
OB03557,A2,0.01,0
OB15468,C2,0.25,0
OB14591,C1,0.16,0
OB09943,B1,0.035,0
OB02453,A2,0.01,0
OB01762,A1,0.005,0
OB10861,B2,0.06,0
OB13484,B3,0.1,0
OB11389,B2,0.06,0
OB11441,B2,0.06,0
OB05046,A3,0.02,0
OB03835,A2,0.01,0
OB05666,A3,0.02,0
OB03073,A2,0.01,0
OB04567,A3,0.02,0
OB02265,A2,0.01,0
OB13575,B3,0.1,0
OB11568,B2,0.06,0
OB03690,A2,0.01,0
OB15212,C1,0.16,0
OB15559,C2,0.25,0
OB01141,A1,0.005,0
OB01908,A2,0.01,0
OB14702,C1,0.16,0
OB08816,B1,0.035,0
OB14621,C1,0.16,0
OB10851,B2,0.06,0
OB11972,B2,0.06,0
OB12072,B2,0.06,0
OB04271,A3,0.02,0
OB10110,B1,0.035,0
OB09917,B1,0.035,0
OB05711,A3,0.02,0
OB09360,B1,0.035,0
OB07367,B1,0.035,0
OB04658,A3,0.02,0
OB10186,B1,0.035,0
OB12446,B2,0.06,0
OB14234,B3,0.1,0
OB15006,C1,0.16,0
OB03051,A2,0.01,0
OB05127,A3,0.02,0
OB13158,B3,0.1,0
OB04830,A3,0.02,0
OB03583,A2,0.01,0
OB11461,B2,0.06,0
OB02691,A2,0.01,0
OB13837,B3,0.1,0
OB00907,A1,0.005,0
OB08576,B1,0.035,0
OB15646,C2,0.25,1
OB03456,A2,0.01,0
OB04671,A3,0.02,0
OB02938,A2,0.01,0
OB07804,B1,0.035,0
OB08748,B1,0.035,0
OB10845,B2,0.06,0
OB00900,A1,0.005,0
OB10154,B1,0.035,0
OB02520,A2,0.01,0
OB07351,B1,0.035,0
OB00424,A1,0.005,0
OB10048,B1,0.035,0
OB01333,A1,0.005,0
OB00853,A1,0.005,0
OB08615,B1,0.035,1
OB06165,A3,0.02,0
OB01031,A1,0.005,0
OB14771,C1,0.16,0
OB03670,A2,0.01,0
OB13911,B3,0.1,0
OB06927,A3,0.02,0
OB05839,A3,0.02,0
OB00449,A1,0.005,0
OB09975,B1,0.035,0
OB08034,B1,0.035,0
OB08033,B1,0.035,0
OB07363,B1,0.035,0
OB09942,B1,0.035,0
OB03190,A2,0.01,0
OB11245,B2,0.06,0
OB00855,A1,0.005,0
OB14785,C1,0.16,1
OB05274,A3,0.02,0
OB15746,C2,0.25,0
OB14789,C1,0.16,1
OB07186,A3,0.02,0
OB13293,B3,0.1,0
OB00665,A1,0.005,0
OB09849,B1,0.035,0
OB13647,B3,0.1,0
OB09844,B1,0.035,0
OB11197,B2,0.06,0
OB06618,A3,0.02,0
OB13508,B3,0.1,0
OB01460,A1,0.005,0
OB05462,A3,0.02,0
OB09978,B1,0.035,0
OB16008,C3,0.38,0
OB03861,A2,0.01,0
OB02211,A2,0.01,0
OB07628,B1,0.035,0
OB06344,A3,0.02,0
OB07375,B1,0.035,0
OB04162,A2,0.01,0
OB10024,B1,0.035,0
OB09375,B1,0.035,0
OB12353,B2,0.06,0
OB14841,C1,0.16,0
OB15970,C3,0.38,1
OB05370,A3,0.02,0
OB02911,A2,0.01,0
OB07862,B1,0.035,0
OB04185,A2,0.01,0
OB06090,A3,0.02,0
OB11427,B2,0.06,0
OB10221,B1,0.035,0
OB14960,C1,0.16,1
OB13187,B3,0.1,0
OB01078,A1,0.005,0
OB09183,B1,0.035,0
OB03612,A2,0.01,0
OB07136,A3,0.02,0
OB08798,B1,0.035,0
OB13077,B3,0.1,0
OB08164,B1,0.035,0
OB02207,A2,0.01,0
OB00349,A1,0.005,0
OB07243,B1,0.035,0
OB12989,B2,0.06,0
OB13410,B3,0.1,0
OB16161,C3,0.38,0
OB09366,B1,0.035,0
OB05170,A3,0.02,0
OB13709,B3,0.1,0
OB03440,A2,0.01,0
OB13880,B3,0.1,1
OB09563,B1,0.035,0
OB05285,A3,0.02,0
OB02803,A2,0.01,0
OB11325,B2,0.06,0
OB11889,B2,0.06,0
OB08068,B1,0.035,0
OB09744,B1,0.035,0
OB07157,A3,0.02,0
OB12710,B2,0.06,0
OB07618,B1,0.035,0
OB13317,B3,0.1,0
OB15628,C2,0.25,1
OB14376,B3,0.1,0
OB00491,A1,0.005,0
OB04406,A3,0.02,0
OB04550,A3,0.02,0
OB01322,A1,0.005,0
OB13973,B3,0.1,1
OB05305,A3,0.02,0
OB01178,A1,0.005,0
OB10684,B2,0.06,1
OB15598,C2,0.25,0
OB00247,A1,0.005,0
OB07593,B1,0.035,0
OB05563,A3,0.02,0
OB09862,B1,0.035,0
OB01012,A1,0.005,0
OB06328,A3,0.02,0
OB16190,C3,0.38,0
OB14308,B3,0.1,0
OB05133,A3,0.02,0
OB09382,B1,0.035,0
OB09298,B1,0.035,0
OB08161,B1,0.035,0
OB08028,B1,0.035,0
OB08232,B1,0.035,0
OB06812,A3,0.02,0
OB06604,A3,0.02,0
OB09859,B1,0.035,0
OB02813,A2,0.01,0
OB03766,A2,0.01,0
OB11496,B2,0.06,0
OB04763,A3,0.02,0
OB00863,A1,0.005,0
OB11597,B2,0.06,1
OB08170,B1,0.035,0
OB09925,B1,0.035,0
OB15470,C2,0.25,1
OB13853,B3,0.1,0
OB09352,B1,0.035,0
OB07997,B1,0.035,0
OB10760,B2,0.06,0
OB08184,B1,0.035,0
OB05586,A3,0.02,0
OB00255,A1,0.005,0
OB10191,B1,0.035,0
OB01829,A2,0.01,0
OB03710,A2,0.01,0
OB14634,C1,0.16,1
OB10367,B1,0.035,0
OB02464,A2,0.01,0
OB09748,B1,0.035,0
OB12129,B2,0.06,0
OB02737,A2,0.01,0
OB03011,A2,0.01,0
OB16157,C3,0.38,0
OB04036,A2,0.01,0
OB15888,C2,0.25,0
OB09689,B1,0.035,0
OB09337,B1,0.035,0
OB01575,A1,0.005,0
OB11195,B2,0.06,0
OB00202,A1,0.005,0
OB02430,A2,0.01,0
OB06322,A3,0.02,0
OB07503,B1,0.035,0
OB02438,A2,0.01,0
OB06332,A3,0.02,0
OB10478,B2,0.06,0
OB04014,A2,0.01,0
OB01467,A1,0.005,0
OB01207,A1,0.005,0
OB09137,B1,0.035,1
OB02246,A2,0.01,0
OB06028,A3,0.02,0
OB01545,A1,0.005,0
OB02626,A2,0.01,0
OB01721,A1,0.005,0
OB12045,B2,0.06,0
OB00660,A1,0.005,0
OB01296,A1,0.005,0
OB01534,A1,0.005,0
OB04901,A3,0.02,0
OB13989,B3,0.1,0
OB09390,B1,0.035,0
OB02648,A2,0.01,0
OB02357,A2,0.01,0
OB14198,B3,0.1,0
OB03775,A2,0.01,0
OB13945,B3,0.1,1
OB13920,B3,0.1,0
OB15199,C1,0.16,0
OB12624,B2,0.06,0
OB15702,C2,0.25,1
OB11286,B2,0.06,0
OB15486,C2,0.25,0
OB02604,A2,0.01,0
OB10572,B2,0.06,0
OB05002,A3,0.02,0
OB07923,B1,0.035,1
OB13946,B3,0.1,0
OB00872,A1,0.005,0
OB00807,A1,0.005,0
OB00636,A1,0.005,0
OB10827,B2,0.06,0
OB06001,A3,0.02,0
OB13221,B3,0.1,0
OB13495,B3,0.1,1
OB13357,B3,0.1,0
OB04413,A3,0.02,0
OB00250,A1,0.005,0
OB11850,B2,0.06,0
OB14638,C1,0.16,1
OB09409,B1,0.035,0
OB05519,A3,0.02,0
OB05703,A3,0.02,0
OB14913,C1,0.16,0
OB14559,C1,0.16,0
OB09148,B1,0.035,0
OB11344,B2,0.06,0
OB15449,C2,0.25,0
OB04798,A3,0.02,0
OB08429,B1,0.035,0
OB15309,C1,0.16,0
OB08221,B1,0.035,0
OB00333,A1,0.005,0
OB01085,A1,0.005,0
OB09690,B1,0.035,0
OB07446,B1,0.035,0
OB02360,A2,0.01,0
OB06888,A3,0.02,0
OB15289,C1,0.16,0
OB10600,B2,0.06,0
OB10622,B2,0.06,0
OB05807,A3,0.02,0
OB01912,A2,0.01,0
OB04428,A3,0.02,0
OB14192,B3,0.1,0
OB14611,C1,0.16,1
OB07516,B1,0.035,0
OB09289,B1,0.035,0
OB08904,B1,0.035,0
OB07271,B1,0.035,1
OB16055,C3,0.38,1
OB01154,A1,0.005,0
OB08918,B1,0.035,0
OB07161,A3,0.02,0
OB12141,B2,0.06,0
OB10389,B1,0.035,0
OB01074,A1,0.005,0
OB11945,B2,0.06,0
OB10055,B1,0.035,0
OB14264,B3,0.1,1
OB07119,A3,0.02,0
OB10117,B1,0.035,0
OB08354,B1,0.035,0
OB12544,B2,0.06,0
OB04498,A3,0.02,1
OB11628,B2,0.06,0
OB10329,B1,0.035,0
OB02612,A2,0.01,0
OB04228,A3,0.02,0
OB11771,B2,0.06,0
OB08508,B1,0.035,0
OB06488,A3,0.02,0
OB09869,B1,0.035,0
OB05463,A3,0.02,0
OB10297,B1,0.035,0
OB04179,A2,0.01,0
OB11961,B2,0.06,0
OB09596,B1,0.035,0
OB03944,A2,0.01,0
OB15392,C1,0.16,0
OB00018,A1,0.005,0
OB00650,A1,0.005,0
OB13694,B3,0.1,1
OB04868,A3,0.02,0
OB02540,A2,0.01,0
OB12967,B2,0.06,0
OB12697,B2,0.06,0
OB13116,B3,0.1,0
OB12486,B2,0.06,0
OB12708,B2,0.06,0
OB09275,B1,0.035,0
OB04881,A3,0.02,0
OB01481,A1,0.005,0
OB02031,A2,0.01,0
OB07069,A3,0.02,0
OB03040,A2,0.01,0
OB11323,B2,0.06,0
OB08064,B1,0.035,0
OB02599,A2,0.01,0
OB00071,A1,0.005,0
OB10998,B2,0.06,0
OB05199,A3,0.02,0
OB08742,B1,0.035,0
OB14285,B3,0.1,0
OB09708,B1,0.035,1
OB10974,B2,0.06,0
OB08578,B1,0.035,0
OB12429,B2,0.06,0
OB00222,A1,0.005,0
OB11077,B2,0.06,0
OB14834,C1,0.16,0
OB08792,B1,0.035,0
OB08104,B1,0.035,0
OB11432,B2,0.06,0
OB14283,B3,0.1,1
OB05386,A3,0.02,0
OB07861,B1,0.035,0
OB00556,A1,0.005,0
OB01162,A1,0.005,0
OB06017,A3,0.02,0
OB13213,B3,0.1,0
OB15255,C1,0.16,0
OB03301,A2,0.01,0
OB08713,B1,0.035,0
OB07864,B1,0.035,0
OB00884,A1,0.005,0
OB11297,B2,0.06,0
OB12302,B2,0.06,0
OB01408,A1,0.005,0
OB14766,C1,0.16,0
OB13336,B3,0.1,0
OB09964,B1,0.035,0
OB09433,B1,0.035,0
OB12166,B2,0.06,0
OB14449,B3,0.1,1
OB04771,A3,0.02,0
OB13938,B3,0.1,0
OB01306,A1,0.005,0
OB02900,A2,0.01,0
OB07867,B1,0.035,0
OB03934,A2,0.01,0
OB06640,A3,0.02,0
OB06615,A3,0.02,0
OB05914,A3,0.02,0
OB10440,B2,0.06,0
OB07089,A3,0.02,0
OB14057,B3,0.1,1
OB02070,A2,0.01,0
OB06887,A3,0.02,0
OB13263,B3,0.1,0
OB12378,B2,0.06,0
OB01455,A1,0.005,0
OB14885,C1,0.16,0
OB05835,A3,0.02,0
OB12286,B2,0.06,0
OB10333,B1,0.035,0
OB07977,B1,0.035,0
OB09966,B1,0.035,0
OB12600,B2,0.06,0
OB09249,B1,0.035,0
OB01978,A2,0.01,0
OB03170,A2,0.01,1
OB04823,A3,0.02,0
OB10629,B2,0.06,0
OB01841,A2,0.01,0
OB03112,A2,0.01,0
OB13180,B3,0.1,0
OB10361,B1,0.035,0
OB03526,A2,0.01,0
OB11530,B2,0.06,0
OB04822,A3,0.02,0
OB06952,A3,0.02,0
OB03291,A2,0.01,0
OB14340,B3,0.1,0
OB08222,B1,0.035,0
OB14406,B3,0.1,0
OB08982,B1,0.035,0
OB06156,A3,0.02,0
OB07982,B1,0.035,0
OB14678,C1,0.16,0
OB00358,A1,0.005,0
OB10967,B2,0.06,0
OB06097,A3,0.02,0
OB03972,A2,0.01,0
OB10667,B2,0.06,0
OB08622,B1,0.035,0
OB12990,B2,0.06,0
OB02542,A2,0.01,0
OB10436,B2,0.06,0
OB14597,C1,0.16,1
OB08121,B1,0.035,0
OB09226,B1,0.035,0
OB15915,C3,0.38,0
OB07304,B1,0.035,0
OB08422,B1,0.035,0
OB00987,A1,0.005,0
OB05528,A3,0.02,0
OB10487,B2,0.06,0
OB10172,B1,0.035,0
OB03323,A2,0.01,0
OB02088,A2,0.01,0
OB02256,A2,0.01,0
OB11791,B2,0.06,0
OB07215,B1,0.035,0
OB09875,B1,0.035,0
OB09196,B1,0.035,0
OB07478,B1,0.035,0
OB10123,B1,0.035,0
OB03964,A2,0.01,0
OB02732,A2,0.01,0
OB12893,B2,0.06,0
OB16070,C3,0.38,1
OB13073,B3,0.1,0
OB03698,A2,0.01,0
OB11704,B2,0.06,0
OB09934,B1,0.035,0
OB15030,C1,0.16,0
OB08780,B1,0.035,0
OB13280,B3,0.1,1
OB03178,A2,0.01,0
OB07912,B1,0.035,0
OB13640,B3,0.1,0
OB06552,A3,0.02,0
OB14326,B3,0.1,1
OB15697,C2,0.25,0
OB08070,B1,0.035,0
OB11095,B2,0.06,0
OB10050,B1,0.035,0
OB10716,B2,0.06,0
OB07995,B1,0.035,0
OB01778,A1,0.005,0
OB03330,A2,0.01,0
OB15123,C1,0.16,0
OB08463,B1,0.035,0
OB12768,B2,0.06,0
OB11536,B2,0.06,0
OB06699,A3,0.02,0
OB13930,B3,0.1,1
OB05216,A3,0.02,0
OB02228,A2,0.01,0
OB10151,B1,0.035,0
OB04595,A3,0.02,0
OB03990,A2,0.01,0
OB10074,B1,0.035,0
OB05034,A3,0.02,0
OB08833,B1,0.035,0
OB09219,B1,0.035,0
OB04303,A3,0.02,0
OB00558,A1,0.005,0
OB00443,A1,0.005,0
OB07150,A3,0.02,0
OB09044,B1,0.035,0
OB03193,A2,0.01,0
OB05055,A3,0.02,0
OB13549,B3,0.1,0
OB13395,B3,0.1,0
OB05986,A3,0.02,0
OB06021,A3,0.02,0
OB08785,B1,0.035,0
OB14652,C1,0.16,0
OB04182,A2,0.01,0
OB02786,A2,0.01,0
OB11228,B2,0.06,1
OB13307,B3,0.1,0
OB10775,B2,0.06,0
OB10046,B1,0.035,0
OB14757,C1,0.16,1
OB10086,B1,0.035,0
OB06331,A3,0.02,0
OB06663,A3,0.02,0
OB01852,A2,0.01,0
OB14578,C1,0.16,0
OB14512,C1,0.16,0
OB15185,C1,0.16,1
OB08105,B1,0.035,0
OB10328,B1,0.035,0
OB09475,B1,0.035,0
OB03292,A2,0.01,0
OB05084,A3,0.02,0
OB15066,C1,0.16,0
OB03756,A2,0.01,0
OB11891,B2,0.06,0
OB08812,B1,0.035,0
OB04356,A3,0.02,0
OB15240,C1,0.16,1
OB10696,B2,0.06,1
OB08501,B1,0.035,0
OB03565,A2,0.01,0
OB11717,B2,0.06,1
OB08139,B1,0.035,1
OB13692,B3,0.1,0
OB14729,C1,0.16,0
OB09144,B1,0.035,0
OB13727,B3,0.1,0
OB10911,B2,0.06,0
OB14624,C1,0.16,0
OB03882,A2,0.01,0
OB05359,A3,0.02,0
OB01429,A1,0.005,0
OB00718,A1,0.005,0
OB11380,B2,0.06,1
OB05178,A3,0.02,0
OB07300,B1,0.035,0
OB04340,A3,0.02,0
OB06434,A3,0.02,0
OB05898,A3,0.02,0
OB00279,A1,0.005,0
OB04345,A3,0.02,0
OB02920,A2,0.01,0
OB04601,A3,0.02,0
OB05097,A3,0.02,0
OB01199,A1,0.005,0
OB11366,B2,0.06,0
OB00538,A1,0.005,0
OB12172,B2,0.06,0
OB13353,B3,0.1,0
OB05527,A3,0.02,0
OB10686,B2,0.06,0
OB05489,A3,0.02,0
OB11533,B2,0.06,0
OB09432,B1,0.035,0
OB11821,B2,0.06,0
OB08379,B1,0.035,0
OB10015,B1,0.035,0
OB08859,B1,0.035,1
OB16013,C3,0.38,0
OB11959,B2,0.06,0
OB11458,B2,0.06,0
OB11691,B2,0.06,0
OB08544,B1,0.035,0
OB13372,B3,0.1,0
OB01251,A1,0.005,0
OB08926,B1,0.035,0
OB01326,A1,0.005,0
OB02029,A2,0.01,0
OB04475,A3,0.02,0
OB11046,B2,0.06,0
OB06674,A3,0.02,0
OB07853,B1,0.035,0
OB02304,A2,0.01,0
OB03120,A2,0.01,0
OB03807,A2,0.01,0
OB04697,A3,0.02,0
OB01609,A1,0.005,0
OB14551,C1,0.16,0
OB13223,B3,0.1,0
OB01180,A1,0.005,0
OB01622,A1,0.005,0
OB06035,A3,0.02,0
OB08537,B1,0.035,0
OB03299,A2,0.01,0
OB09046,B1,0.035,0
OB10066,B1,0.035,0
OB14470,B3,0.1,0
OB15151,C1,0.16,0
OB02628,A2,0.01,0
OB00058,A1,0.005,0
OB16005,C3,0.38,0
OB00624,A1,0.005,0
OB05791,A3,0.02,0
OB08092,B1,0.035,0
OB14967,C1,0.16,0
OB12998,B2,0.06,0
OB08286,B1,0.035,0
OB08971,B1,0.035,0
OB12790,B2,0.06,0
OB05114,A3,0.02,0
OB05691,A3,0.02,0
OB13375,B3,0.1,0
OB12903,B2,0.06,0
OB00924,A1,0.005,0
OB05467,A3,0.02,0
OB14428,B3,0.1,0
OB14633,C1,0.16,0
OB07589,B1,0.035,0
OB15845,C2,0.25,0
OB09697,B1,0.035,0
OB00750,A1,0.005,0
OB06018,A3,0.02,0
OB15167,C1,0.16,1
OB04594,A3,0.02,0
OB04643,A3,0.02,0
OB13104,B3,0.1,1
OB04138,A2,0.01,0
OB08677,B1,0.035,0
OB02015,A2,0.01,0
OB06403,A3,0.02,0
OB15083,C1,0.16,0
OB01261,A1,0.005,0
OB03633,A2,0.01,0
OB02433,A2,0.01,0
OB08331,B1,0.035,1
OB10106,B1,0.035,0
OB02592,A2,0.01,0
OB13857,B3,0.1,0
OB06727,A3,0.02,0
OB10529,B2,0.06,0
OB06628,A3,0.02,1
OB05256,A3,0.02,0
OB03912,A2,0.01,0
OB07930,B1,0.035,0
OB15716,C2,0.25,1
OB15144,C1,0.16,0
OB02231,A2,0.01,0
OB12272,B2,0.06,0
OB13993,B3,0.1,0
OB13806,B3,0.1,0
OB02052,A2,0.01,0
OB00363,A1,0.005,0
OB13200,B3,0.1,0
OB03154,A2,0.01,0
OB02082,A2,0.01,0
OB00877,A1,0.005,0
OB05344,A3,0.02,0
OB07782,B1,0.035,0
OB05939,A3,0.02,0
OB03645,A2,0.01,0
OB07439,B1,0.035,0
OB06583,A3,0.02,0
OB13697,B3,0.1,0
OB02026,A2,0.01,0
OB02798,A2,0.01,0
OB12499,B2,0.06,0
OB07891,B1,0.035,0
OB11612,B2,0.06,1
OB08097,B1,0.035,0
OB01039,A1,0.005,0
OB15572,C2,0.25,1
OB14386,B3,0.1,0
OB15421,C2,0.25,0
OB03667,A2,0.01,0
OB08759,B1,0.035,1
OB16156,C3,0.38,1
OB04223,A3,0.02,0
OB12238,B2,0.06,0
OB11120,B2,0.06,0
OB01458,A1,0.005,0
OB00551,A1,0.005,0
OB07541,B1,0.035,0
OB15949,C3,0.38,1
OB03947,A2,0.01,0
OB12553,B2,0.06,0
OB03737,A2,0.01,0
OB16087,C3,0.38,1
OB08633,B1,0.035,0
OB12079,B2,0.06,0
OB02676,A2,0.01,0
OB15229,C1,0.16,1
OB03210,A2,0.01,0
OB05794,A3,0.02,0
OB16004,C3,0.38,0
OB06371,A3,0.02,0
OB09681,B1,0.035,0
OB03359,A2,0.01,0
OB02309,A2,0.01,0
OB13087,B3,0.1,0
OB05282,A3,0.02,0
OB12441,B2,0.06,0
OB11008,B2,0.06,1
OB00590,A1,0.005,0
OB02103,A2,0.01,0
OB11207,B2,0.06,0
OB09516,B1,0.035,0
OB03273,A2,0.01,0
OB01294,A1,0.005,0
OB09835,B1,0.035,0
OB01547,A1,0.005,0
OB03371,A2,0.01,0
OB12243,B2,0.06,0
OB08877,B1,0.035,0
OB02162,A2,0.01,0
OB12999,B2,0.06,0
OB12891,B2,0.06,0
OB01081,A1,0.005,0
OB12683,B2,0.06,0
OB09128,B1,0.035,0
OB06025,A3,0.02,0
OB00371,A1,0.005,0
OB14833,C1,0.16,0
OB12155,B2,0.06,0
OB14626,C1,0.16,1
OB06425,A3,0.02,0
OB15374,C1,0.16,0
OB13419,B3,0.1,0
OB07474,B1,0.035,0
OB09639,B1,0.035,0
OB04399,A3,0.02,1
OB03510,A2,0.01,0
OB14946,C1,0.16,0
OB14309,B3,0.1,0
OB11166,B2,0.06,0
OB09217,B1,0.035,0
OB03843,A2,0.01,0
OB10480,B2,0.06,0
OB03624,A2,0.01,0
OB08782,B1,0.035,0
OB15205,C1,0.16,0
OB09164,B1,0.035,0
OB12420,B2,0.06,0
OB03507,A2,0.01,0
OB06005,A3,0.02,0
OB00843,A1,0.005,0
OB04857,A3,0.02,0
OB07213,B1,0.035,0
OB04908,A3,0.02,0
OB05474,A3,0.02,0
OB04470,A3,0.02,0
OB02320,A2,0.01,0
OB13438,B3,0.1,0
OB11280,B2,0.06,0
OB12545,B2,0.06,0
OB15425,C2,0.25,1
OB16142,C3,0.38,0
OB05023,A3,0.02,0
OB02780,A2,0.01,0
OB06705,A3,0.02,0
OB11529,B2,0.06,0
OB11346,B2,0.06,0
OB10601,B2,0.06,0
OB01730,A1,0.005,0
OB12096,B2,0.06,0
OB06087,A3,0.02,0
OB05945,A3,0.02,0
OB10199,B1,0.035,0
OB08010,B1,0.035,0
OB05244,A3,0.02,0
OB11178,B2,0.06,0
OB00871,A1,0.005,0
OB00618,A1,0.005,0
OB13454,B3,0.1,0
OB03832,A2,0.01,0
OB01900,A2,0.01,0
OB07163,A3,0.02,0
OB11066,B2,0.06,1
OB02205,A2,0.01,0
OB12426,B2,0.06,0
OB15830,C2,0.25,0
OB07768,B1,0.035,0
OB04780,A3,0.02,1
OB02145,A2,0.01,0
OB11447,B2,0.06,0
OB11524,B2,0.06,0
OB04081,A2,0.01,0
OB13125,B3,0.1,0
OB07771,B1,0.035,0
OB07440,B1,0.035,0
OB08632,B1,0.035,0
OB14339,B3,0.1,0
OB01270,A1,0.005,0
OB11829,B2,0.06,0
OB10018,B1,0.035,0
OB07700,B1,0.035,0
OB11212,B2,0.06,0
OB09877,B1,0.035,0
OB13547,B3,0.1,0
OB03895,A2,0.01,0
OB12864,B2,0.06,0
OB09225,B1,0.035,0
OB05378,A3,0.02,0
OB03594,A2,0.01,0
OB07154,A3,0.02,0
OB08963,B1,0.035,0
OB12407,B2,0.06,0
OB10698,B2,0.06,0
OB04141,A2,0.01,0
OB01407,A1,0.005,0
OB06537,A3,0.02,0
OB11164,B2,0.06,0
OB05878,A3,0.02,0
OB14689,C1,0.16,0
OB09231,B1,0.035,0
OB11650,B2,0.06,0
OB01861,A2,0.01,0
OB15504,C2,0.25,0
OB14698,C1,0.16,0
OB12295,B2,0.06,0
OB02671,A2,0.01,0
OB14270,B3,0.1,0
OB07701,B1,0.035,0
OB05660,A3,0.02,0
OB14990,C1,0.16,0
OB05241,A3,0.02,0
OB10796,B2,0.06,0
OB07828,B1,0.035,0
OB12997,B2,0.06,0
OB06985,A3,0.02,0
OB00082,A1,0.005,0
OB01405,A1,0.005,0
OB09547,B1,0.035,0
OB11843,B2,0.06,0
OB02507,A2,0.01,0
OB08166,B1,0.035,0
OB13118,B3,0.1,0
OB13055,B3,0.1,0
OB05152,A3,0.02,0
OB02646,A2,0.01,0
OB00365,A1,0.005,0
OB03721,A2,0.01,0
OB14998,C1,0.16,0
OB08709,B1,0.035,0
OB00536,A1,0.005,0
OB11783,B2,0.06,0
OB11595,B2,0.06,0
OB00352,A1,0.005,0
OB09318,B1,0.035,0
OB04108,A2,0.01,0
OB10558,B2,0.06,0
OB07592,B1,0.035,0
OB05954,A3,0.02,0
OB00099,A1,0.005,0
OB06059,A3,0.02,0
OB08308,B1,0.035,0
OB09069,B1,0.035,0
OB06571,A3,0.02,0
OB11048,B2,0.06,0
OB07206,B1,0.035,0
OB15375,C1,0.16,0
OB07106,A3,0.02,0
OB11758,B2,0.06,0
OB08553,B1,0.035,0
OB00782,A1,0.005,0
OB02049,A2,0.01,0
OB06511,A3,0.02,0
OB01584,A1,0.005,0
OB07078,A3,0.02,0
OB06726,A3,0.02,0
OB13561,B3,0.1,0
OB04236,A3,0.02,0
OB13851,B3,0.1,0
OB00555,A1,0.005,0
OB03857,A2,0.01,0
OB11312,B2,0.06,0
OB12674,B2,0.06,0
OB10276,B1,0.035,0
OB07386,B1,0.035,0
OB07480,B1,0.035,0
OB03019,A2,0.01,0
OB08356,B1,0.035,0
OB10485,B2,0.06,0
OB02013,A2,0.01,0
OB01048,A1,0.005,0
OB14144,B3,0.1,0
OB09492,B1,0.035,0
OB06193,A3,0.02,0
OB05530,A3,0.02,0
OB04077,A2,0.01,0
OB05219,A3,0.02,0
OB01147,A1,0.005,0
OB08323,B1,0.035,0
OB02133,A2,0.01,0
OB08850,B1,0.035,0
OB11895,B2,0.06,0
OB05988,A3,0.02,1
OB14881,C1,0.16,0
OB01810,A2,0.01,0
OB15162,C1,0.16,0
OB02278,A2,0.01,0
OB14337,B3,0.1,0
OB05230,A3,0.02,0
OB10041,B1,0.035,1
OB04194,A2,0.01,0
OB06067,A3,0.02,0
OB01159,A1,0.005,0
OB14513,C1,0.16,0
OB10846,B2,0.06,0
OB00917,A1,0.005,0
OB02354,A2,0.01,0
OB09986,B1,0.035,0
OB01890,A2,0.01,0
OB13053,B3,0.1,0
OB02662,A2,0.01,0
OB09416,B1,0.035,0
OB00894,A1,0.005,0
OB15200,C1,0.16,0
OB13715,B3,0.1,0
OB08296,B1,0.035,0
OB03932,A2,0.01,0
OB03734,A2,0.01,0
OB02249,A2,0.01,0
OB08142,B1,0.035,0
OB01931,A2,0.01,0
OB01563,A1,0.005,0
OB08776,B1,0.035,0
OB12522,B2,0.06,0
OB14533,C1,0.16,1
OB05183,A3,0.02,0
OB14672,C1,0.16,0
OB11815,B2,0.06,0
OB15269,C1,0.16,0
OB11725,B2,0.06,0
OB15012,C1,0.16,0
OB15320,C1,0.16,1
OB00875,A1,0.005,0
OB01903,A2,0.01,0
OB02151,A2,0.01,0
OB13881,B3,0.1,0
OB04676,A3,0.02,0
OB04435,A3,0.02,0
OB05409,A3,0.02,0
OB12466,B2,0.06,0
OB09254,B1,0.035,0
OB06208,A3,0.02,0
OB03402,A2,0.01,0
OB08533,B1,0.035,0
OB04315,A3,0.02,0
OB12765,B2,0.06,0
OB00228,A1,0.005,0
OB05723,A3,0.02,0
OB07092,A3,0.02,0
OB14227,B3,0.1,0
OB16034,C3,0.38,1
OB10691,B2,0.06,0
OB10862,B2,0.06,0
OB11369,B2,0.06,0
OB14692,C1,0.16,0
OB09589,B1,0.035,1
OB05708,A3,0.02,0
OB08619,B1,0.035,0
OB15207,C1,0.16,0
OB11729,B2,0.06,0
OB02705,A2,0.01,0
OB00162,A1,0.005,0
OB09008,B1,0.035,0
OB14222,B3,0.1,0
OB13592,B3,0.1,0
OB08209,B1,0.035,0
OB09910,B1,0.035,0
OB04404,A3,0.02,0
OB05890,A3,0.02,0
OB11693,B2,0.06,0
OB04443,A3,0.02,0
OB12839,B2,0.06,0
OB10989,B2,0.06,0
OB05670,A3,0.02,0
OB06873,A3,0.02,0
OB13014,B3,0.1,1
OB13191,B3,0.1,1
OB14141,B3,0.1,0
OB12078,B2,0.06,1
OB08417,B1,0.035,0
OB05436,A3,0.02,0
OB04166,A2,0.01,0
OB00692,A1,0.005,0
OB14115,B3,0.1,0
OB06019,A3,0.02,0
OB12496,B2,0.06,0
OB00178,A1,0.005,0
OB09369,B1,0.035,0
OB08386,B1,0.035,0
OB10375,B1,0.035,0
OB12678,B2,0.06,0
OB09204,B1,0.035,0
OB04366,A3,0.02,0
OB00431,A1,0.005,0
OB05535,A3,0.02,0
OB05572,A3,0.02,1
OB16162,C3,0.38,1
OB05504,A3,0.02,0
OB15153,C1,0.16,0
OB00297,A1,0.005,0
OB02457,A2,0.01,0
OB06662,A3,0.02,0
OB07577,B1,0.035,0
OB03199,A2,0.01,0
OB15402,C2,0.25,0
OB01933,A2,0.01,0
OB08754,B1,0.035,0
OB06979,A3,0.02,0
OB16200,C3,0.38,0
OB01217,A1,0.005,0
OB11892,B2,0.06,1
OB03001,A2,0.01,0
OB11133,B2,0.06,0
OB15696,C2,0.25,0
OB03433,A2,0.01,0
OB04554,A3,0.02,0
OB01940,A2,0.01,0
OB12676,B2,0.06,0
OB07402,B1,0.035,0
OB02702,A2,0.01,0
OB00436,A1,0.005,0
OB13119,B3,0.1,0
OB00402,A1,0.005,0
OB09353,B1,0.035,0
OB09976,B1,0.035,0
OB02821,A2,0.01,0
OB11852,B2,0.06,0
OB15197,C1,0.16,0
OB07843,B1,0.035,1
OB00818,A1,0.005,0
OB11330,B2,0.06,0
OB05113,A3,0.02,0
OB10628,B2,0.06,0
OB03410,A2,0.01,0
OB10490,B2,0.06,0
OB13235,B3,0.1,0
OB11124,B2,0.06,0
OB04761,A3,0.02,0
OB12251,B2,0.06,0
OB09195,B1,0.035,0
OB04517,A3,0.02,0
OB11933,B2,0.06,0
OB00772,A1,0.005,0
OB12896,B2,0.06,1
OB12711,B2,0.06,0
OB01985,A2,0.01,0
OB12924,B2,0.06,0
OB14341,B3,0.1,0
OB14568,C1,0.16,0
OB01466,A1,0.005,0
OB02939,A2,0.01,0
OB09523,B1,0.035,0
OB15141,C1,0.16,1
OB03765,A2,0.01,0
OB02428,A2,0.01,0
OB04426,A3,0.02,0
OB07844,B1,0.035,0
OB01648,A1,0.005,0
OB04486,A3,0.02,0
OB13194,B3,0.1,0
OB05815,A3,0.02,0
OB04577,A3,0.02,0
OB01938,A2,0.01,0
OB12413,B2,0.06,0
OB03571,A2,0.01,0
OB08268,B1,0.035,0
OB07374,B1,0.035,0
OB06094,A3,0.02,0
OB15718,C2,0.25,0
OB04009,A2,0.01,0
OB13966,B3,0.1,0
OB13386,B3,0.1,0
OB12135,B2,0.06,0
OB00393,A1,0.005,0
OB13544,B3,0.1,0
OB05776,A3,0.02,0
OB03182,A2,0.01,0
OB07337,B1,0.035,0
OB03326,A2,0.01,0
OB11914,B2,0.06,0
OB04894,A3,0.02,0
OB14334,B3,0.1,0
OB13097,B3,0.1,0
OB09773,B1,0.035,0
OB12376,B2,0.06,0
OB04253,A3,0.02,0
OB10094,B1,0.035,0
OB00581,A1,0.005,0
OB15897,C2,0.25,1
OB01140,A1,0.005,0
OB04926,A3,0.02,0
OB09870,B1,0.035,0
OB05258,A3,0.02,0
OB14166,B3,0.1,0
OB08424,B1,0.035,0
OB07317,B1,0.035,0
OB12869,B2,0.06,0
OB08029,B1,0.035,0
OB13870,B3,0.1,0
OB05636,A3,0.02,0
OB10446,B2,0.06,0
OB06621,A3,0.02,0
OB03870,A2,0.01,0
OB02214,A2,0.01,0
OB09063,B1,0.035,1
OB01853,A2,0.01,0
OB13486,B3,0.1,0
OB01512,A1,0.005,0
OB06324,A3,0.02,0
OB10881,B2,0.06,0
OB00008,A1,0.005,0
OB02978,A2,0.01,0
OB13645,B3,0.1,0
OB00857,A1,0.005,0
OB14653,C1,0.16,1
OB12262,B2,0.06,0
OB15751,C2,0.25,0
OB15612,C2,0.25,1
OB10885,B2,0.06,0
OB01030,A1,0.005,0
OB07037,A3,0.02,0
OB14758,C1,0.16,0
OB06135,A3,0.02,0
OB00914,A1,0.005,0
OB02589,A2,0.01,0
OB03309,A2,0.01,0
OB08745,B1,0.035,0
OB03358,A2,0.01,0
OB06986,A3,0.02,0
OB10637,B2,0.06,0
OB11827,B2,0.06,0
OB08168,B1,0.035,0
OB00656,A1,0.005,0
OB07654,B1,0.035,0
OB06860,A3,0.02,0
OB05735,A3,0.02,0
OB07193,A3,0.02,0
OB08270,B1,0.035,0
OB08646,B1,0.035,0
OB10784,B2,0.06,0
OB12355,B2,0.06,0
OB00892,A1,0.005,0
OB14253,B3,0.1,0
OB07068,A3,0.02,0
OB09084,B1,0.035,0
OB15242,C1,0.16,0
OB07823,B1,0.035,0
OB14498,B3,0.1,0
OB13708,B3,0.1,1
OB13406,B3,0.1,0
OB09198,B1,0.035,0
OB04820,A3,0.02,0
OB14158,B3,0.1,0
OB02561,A2,0.01,0
OB09749,B1,0.035,0
OB12380,B2,0.06,0
OB12907,B2,0.06,0
OB11970,B2,0.06,1
OB00412,A1,0.005,0
OB02964,A2,0.01,0
OB04134,A2,0.01,0
OB11514,B2,0.06,0
OB07767,B1,0.035,0
OB00947,A1,0.005,0
OB01072,A1,0.005,0
OB03168,A2,0.01,0
OB08401,B1,0.035,1
OB02042,A2,0.01,0
OB10613,B2,0.06,0
OB07224,B1,0.035,0
OB05460,A3,0.02,0
OB02744,A2,0.01,0
OB07176,A3,0.02,0
OB07953,B1,0.035,0
OB04536,A3,0.02,0
OB03917,A2,0.01,0
OB03066,A2,0.01,0
OB05893,A3,0.02,0
OB10683,B2,0.06,0
OB06917,A3,0.02,0
OB03427,A2,0.01,0
OB03384,A2,0.01,0
OB01153,A1,0.005,0
OB01332,A1,0.005,0
OB03906,A2,0.01,0
OB09175,B1,0.035,0
OB10438,B2,0.06,0
OB08357,B1,0.035,1
OB10022,B1,0.035,1
OB00292,A1,0.005,0
OB10510,B2,0.06,0
OB09027,B1,0.035,0
OB00059,A1,0.005,0
OB10762,B2,0.06,0
OB11982,B2,0.06,0
OB14691,C1,0.16,1
OB11409,B2,0.06,0
OB01571,A1,0.005,0
OB05177,A3,0.02,0
OB11355,B2,0.06,0
OB06338,A3,0.02,0
OB08511,B1,0.035,0
OB03494,A2,0.01,0
OB09482,B1,0.035,0
OB09107,B1,0.035,0
OB15116,C1,0.16,0
OB09759,B1,0.035,0
OB10030,B1,0.035,0
OB10605,B2,0.06,0
OB13999,B3,0.1,0
OB04022,A2,0.01,0
OB15084,C1,0.16,0
OB00570,A1,0.005,0
OB01124,A1,0.005,0
OB01272,A1,0.005,0
OB08473,B1,0.035,0
OB12973,B2,0.06,0
OB09441,B1,0.035,0
OB08641,B1,0.035,0
OB02526,A2,0.01,0
OB06400,A3,0.02,0
OB02876,A2,0.01,0
OB03830,A2,0.01,0
OB03117,A2,0.01,0
OB11822,B2,0.06,0
OB05083,A3,0.02,0
OB07832,B1,0.035,0
OB06891,A3,0.02,0
OB02884,A2,0.01,0
OB07319,B1,0.035,0
OB14727,C1,0.16,0
OB07641,B1,0.035,1
OB00644,A1,0.005,0
OB02545,A2,0.01,0
OB01614,A1,0.005,0
OB15952,C3,0.38,0
OB06840,A3,0.02,1
OB11125,B2,0.06,0
OB11109,B2,0.06,0
OB08710,B1,0.035,0
OB07919,B1,0.035,0
OB01056,A1,0.005,0
OB14383,B3,0.1,1
OB11754,B2,0.06,0
OB04794,A3,0.02,0
OB03293,A2,0.01,0
OB07842,B1,0.035,0
OB09099,B1,0.035,0
OB03493,A2,0.01,0
OB15395,C1,0.16,0
OB03896,A2,0.01,0
OB11645,B2,0.06,0
OB06882,A3,0.02,0
OB11925,B2,0.06,0
OB07490,B1,0.035,0
OB12065,B2,0.06,0
OB04353,A3,0.02,0
OB01631,A1,0.005,0
OB07777,B1,0.035,0
OB04291,A3,0.02,0
OB14304,B3,0.1,1
OB01692,A1,0.005,0
OB00198,A1,0.005,0
OB05722,A3,0.02,1
OB15982,C3,0.38,0
OB14462,B3,0.1,0
OB04452,A3,0.02,0
OB14907,C1,0.16,0
OB14433,B3,0.1,0
OB14589,C1,0.16,1
OB04755,A3,0.02,0
OB03028,A2,0.01,0
OB05247,A3,0.02,0
OB03767,A2,0.01,0
OB01760,A1,0.005,0
OB01314,A1,0.005,0
OB01805,A2,0.01,0
OB04090,A2,0.01,0
OB01574,A1,0.005,0
OB14019,B3,0.1,0
OB02104,A2,0.01,0
OB11659,B2,0.06,0
OB13261,B3,0.1,0
OB09060,B1,0.035,0
OB04241,A3,0.02,0
OB16131,C3,0.38,1
OB02955,A2,0.01,0
OB03785,A2,0.01,0
OB14661,C1,0.16,0
OB14288,B3,0.1,1
OB02405,A2,0.01,0
OB03290,A2,0.01,0
OB02131,A2,0.01,0
OB09504,B1,0.035,0
OB11800,B2,0.06,0
OB06198,A3,0.02,0
OB12988,B2,0.06,0
OB00526,A1,0.005,0
OB09843,B1,0.035,0
OB13489,B3,0.1,0
OB02020,A2,0.01,0
OB05157,A3,0.02,0
OB10939,B2,0.06,0
OB12342,B2,0.06,0
OB10316,B1,0.035,0
OB02419,A2,0.01,0
OB15987,C3,0.38,0
OB03615,A2,0.01,0
OB12704,B2,0.06,0
OB13226,B3,0.1,0
OB13290,B3,0.1,0
OB12170,B2,0.06,0
OB01987,A2,0.01,0
OB09110,B1,0.035,0
OB11045,B2,0.06,0
OB02367,A2,0.01,0
OB05119,A3,0.02,0
OB01961,A2,0.01,0
OB00822,A1,0.005,0
OB15688,C2,0.25,0
OB07451,B1,0.035,0
OB15058,C1,0.16,0
OB01414,A1,0.005,0
OB13524,B3,0.1,0
OB04319,A3,0.02,0
OB02990,A2,0.01,0
OB08655,B1,0.035,0
OB07044,A3,0.02,0
OB09509,B1,0.035,0
OB07024,A3,0.02,0
OB09796,B1,0.035,0
OB05715,A3,0.02,0
OB02244,A2,0.01,0
OB07969,B1,0.035,0
OB15877,C2,0.25,0
OB08944,B1,0.035,0
OB05471,A3,0.02,0
OB07138,A3,0.02,0
OB09761,B1,0.035,0
OB01100,A1,0.005,0
OB13182,B3,0.1,0
OB10835,B2,0.06,0
OB14113,B3,0.1,0
OB07913,B1,0.035,0
OB04965,A3,0.02,0
OB12139,B2,0.06,0
OB06478,A3,0.02,0
OB11464,B2,0.06,0
OB04623,A3,0.02,0
OB04229,A3,0.02,0
OB00234,A1,0.005,0
OB05799,A3,0.02,0
OB09503,B1,0.035,0
OB04312,A3,0.02,0
OB05823,A3,0.02,0
OB06657,A3,0.02,0
OB09261,B1,0.035,0
OB00288,A1,0.005,0
OB11932,B2,0.06,0
OB06271,A3,0.02,0
OB02314,A2,0.01,0
OB13112,B3,0.1,0
OB15341,C1,0.16,0
OB05826,A3,0.02,0
OB09737,B1,0.035,0
OB09952,B1,0.035,0
OB12106,B2,0.06,0
OB11774,B2,0.06,0
OB09535,B1,0.035,0
OB04181,A2,0.01,0
OB12345,B2,0.06,0
OB03486,A2,0.01,0
OB13203,B3,0.1,0
OB14481,B3,0.1,1
OB10150,B1,0.035,0
OB15834,C2,0.25,0
OB10705,B2,0.06,0
OB00583,A1,0.005,0
OB07389,B1,0.035,0
OB15278,C1,0.16,0
OB06125,A3,0.02,0
OB12440,B2,0.06,0
OB00378,A1,0.005,0
OB03649,A2,0.01,0
OB09924,B1,0.035,0
OB15455,C2,0.25,0
OB05762,A3,0.02,0
OB09213,B1,0.035,0
OB03619,A2,0.01,0
OB14632,C1,0.16,0
OB12239,B2,0.06,0
OB15335,C1,0.16,0
OB02141,A2,0.01,0
OB09579,B1,0.035,0
OB08635,B1,0.035,0
OB02444,A2,0.01,0
OB00546,A1,0.005,0
OB11497,B2,0.06,0
OB08474,B1,0.035,0
OB01375,A1,0.005,0
OB00477,A1,0.005,0
OB09573,B1,0.035,0
OB14203,B3,0.1,0
OB10142,B1,0.035,0
OB12592,B2,0.06,0
OB02765,A2,0.01,0
OB01756,A1,0.005,0
OB00696,A1,0.005,0
OB04338,A3,0.02,0
OB12968,B2,0.06,0
OB07509,B1,0.035,0
OB09270,B1,0.035,0
OB01526,A1,0.005,0
OB05261,A3,0.02,0
OB04848,A3,0.02,0
OB01043,A1,0.005,0
OB06864,A3,0.02,0
OB10402,B2,0.06,0
OB04652,A3,0.02,0
OB08216,B1,0.035,0
OB06920,A3,0.02,0
OB12453,B2,0.06,0
OB11949,B2,0.06,0
OB04016,A2,0.01,0
OB15387,C1,0.16,0
OB05577,A3,0.02,0
OB03942,A2,0.01,0
OB03643,A2,0.01,0
OB07944,B1,0.035,1
OB12389,B2,0.06,1
OB16060,C3,0.38,1
OB14666,C1,0.16,1
OB05934,A3,0.02,0
OB05681,A3,0.02,1
OB08038,B1,0.035,0
OB05756,A3,0.02,0
OB04734,A3,0.02,0
OB15080,C1,0.16,0
OB01617,A1,0.005,0
OB09630,B1,0.035,0
OB01236,A1,0.005,0
OB02493,A2,0.01,0
OB07302,B1,0.035,0
OB14848,C1,0.16,0
OB07333,B1,0.035,0
OB02401,A2,0.01,0
OB14567,C1,0.16,1
OB15917,C3,0.38,1
OB13972,B3,0.1,1
OB15601,C2,0.25,1
OB02677,A2,0.01,0
OB13813,B3,0.1,0
OB10197,B1,0.035,0
OB06568,A3,0.02,0
OB13773,B3,0.1,0
OB00981,A1,0.005,0
OB07807,B1,0.035,0
OB14390,B3,0.1,1
OB06617,A3,0.02,0
OB02297,A2,0.01,0
OB13875,B3,0.1,0
OB01264,A1,0.005,0
OB15079,C1,0.16,0
OB10900,B2,0.06,0
OB00567,A1,0.005,0
OB08202,B1,0.035,0
OB01219,A1,0.005,0
OB12833,B2,0.06,0
OB04080,A2,0.01,0
OB13262,B3,0.1,0
OB01922,A2,0.01,0
OB02132,A2,0.01,0
OB08771,B1,0.035,0
OB13507,B3,0.1,0
OB07159,A3,0.02,0
OB00180,A1,0.005,0
OB05482,A3,0.02,0
OB07460,B1,0.035,1
OB13351,B3,0.1,0
OB01959,A2,0.01,0
OB14798,C1,0.16,0
OB15050,C1,0.16,1
OB04762,A3,0.02,0
OB05501,A3,0.02,0
OB08080,B1,0.035,0
OB03259,A2,0.01,0
OB02771,A2,0.01,0
OB04772,A3,0.02,0
OB09340,B1,0.035,0
OB04485,A3,0.02,0
OB10533,B2,0.06,0
OB05922,A3,0.02,0
OB05262,A3,0.02,0
OB15740,C2,0.25,0
OB13011,B3,0.1,0
OB12161,B2,0.06,0
OB09156,B1,0.035,0
OB14778,C1,0.16,0
OB15602,C2,0.25,1
OB08988,B1,0.035,0
OB13766,B3,0.1,0
OB13029,B3,0.1,1
OB13669,B3,0.1,0
OB16003,C3,0.38,0
OB11593,B2,0.06,0
OB14720,C1,0.16,1
OB10211,B1,0.035,0
OB09233,B1,0.035,1
OB11936,B2,0.06,0
OB07234,B1,0.035,1
OB11718,B2,0.06,1
OB09172,B1,0.035,1
OB02459,A2,0.01,0
OB05641,A3,0.02,0
OB10634,B2,0.06,0
OB00537,A1,0.005,0
OB12986,B2,0.06,0
OB14473,B3,0.1,0
OB02570,A2,0.01,0
OB13644,B3,0.1,1
OB12358,B2,0.06,0
OB01828,A2,0.01,0
OB07290,B1,0.035,0
OB11747,B2,0.06,0
OB09256,B1,0.035,0
OB04205,A3,0.02,0
OB06092,A3,0.02,0
OB08887,B1,0.035,1
OB04686,A3,0.02,1
OB05156,A3,0.02,0
OB04272,A3,0.02,0
OB00957,A1,0.005,0
OB06292,A3,0.02,0
OB12031,B2,0.06,1
OB09048,B1,0.035,0
OB10692,B2,0.06,0
OB12720,B2,0.06,0
OB11855,B2,0.06,0
OB11796,B2,0.06,0
OB11562,B2,0.06,0
OB02853,A2,0.01,0
OB15305,C1,0.16,0
OB15273,C1,0.16,0
OB01737,A1,0.005,0
OB03985,A2,0.01,0
OB00951,A1,0.005,0
OB06738,A3,0.02,1
OB15376,C1,0.16,0
OB01599,A1,0.005,0
OB09676,B1,0.035,0
OB10585,B2,0.06,0
OB01123,A1,0.005,0
OB12696,B2,0.06,0
OB00013,A1,0.005,0
OB02966,A2,0.01,0
OB13838,B3,0.1,0
OB14590,C1,0.16,0
OB14759,C1,0.16,1
OB03263,A2,0.01,0
OB07427,B1,0.035,0
OB10831,B2,0.06,0
OB06070,A3,0.02,0
OB02865,A2,0.01,0
OB04231,A3,0.02,0
OB03502,A2,0.01,0
OB04738,A3,0.02,0
OB10466,B2,0.06,0
OB02283,A2,0.01,0
OB09243,B1,0.035,0
OB00838,A1,0.005,0
OB11425,B2,0.06,0
OB05283,A3,0.02,0
OB08997,B1,0.035,0
OB15288,C1,0.16,1
OB14703,C1,0.16,1
OB00277,A1,0.005,0
OB09428,B1,0.035,0
OB07118,A3,0.02,0
OB01174,A1,0.005,0
OB12737,B2,0.06,0
OB08282,B1,0.035,0
OB07903,B1,0.035,0
OB14984,C1,0.16,1
OB08025,B1,0.035,0
OB15047,C1,0.16,0
OB04837,A3,0.02,0
OB13409,B3,0.1,0
OB09461,B1,0.035,0
OB06593,A3,0.02,0
OB03082,A2,0.01,0
OB04224,A3,0.02,0
OB03297,A2,0.01,0
OB01357,A1,0.005,0
OB10058,B1,0.035,0
OB02233,A2,0.01,0
OB10130,B1,0.035,0
OB15745,C2,0.25,0
OB09718,B1,0.035,0
OB02313,A2,0.01,0
OB11564,B2,0.06,0
OB10377,B1,0.035,0
OB13975,B3,0.1,0
OB12094,B2,0.06,0
OB05665,A3,0.02,0
OB15194,C1,0.16,0
OB02802,A2,0.01,0
OB15792,C2,0.25,1
OB09331,B1,0.035,0
OB10839,B2,0.06,0
OB12021,B2,0.06,0
OB08774,B1,0.035,0
OB05291,A3,0.02,0
OB12667,B2,0.06,0
OB12582,B2,0.06,0
OB15511,C2,0.25,1
OB04316,A3,0.02,0
OB06008,A3,0.02,0
OB11191,B2,0.06,0
OB12591,B2,0.06,0
OB14206,B3,0.1,1
OB07689,B1,0.035,1
OB02134,A2,0.01,0
OB15558,C2,0.25,1
OB14197,B3,0.1,0
OB03997,A2,0.01,0
OB12022,B2,0.06,0
OB04152,A2,0.01,0
OB10464,B2,0.06,0
OB05079,A3,0.02,0
OB02734,A2,0.01,0
OB08894,B1,0.035,0
OB09822,B1,0.035,0
OB07569,B1,0.035,0
OB02439,A2,0.01,0
OB09885,B1,0.035,0
OB14497,B3,0.1,1
OB11205,B2,0.06,0
OB04931,A3,0.02,0
OB04331,A3,0.02,0
OB11161,B2,0.06,0
OB02196,A2,0.01,0
OB09644,B1,0.035,0
OB07211,B1,0.035,0
OB05822,A3,0.02,0
OB05905,A3,0.02,0
OB11200,B2,0.06,0
OB11208,B2,0.06,0
OB01417,A1,0.005,0
OB14068,B3,0.1,0
OB07820,B1,0.035,0
OB04157,A2,0.01,0
OB11763,B2,0.06,0
OB03680,A2,0.01,0
OB07362,B1,0.035,0
OB00969,A1,0.005,0
OB05795,A3,0.02,0
OB07747,B1,0.035,0
OB00230,A1,0.005,0
OB00901,A1,0.005,0
OB11466,B2,0.06,0
OB01509,A1,0.005,0
OB14199,B3,0.1,0
OB05932,A3,0.02,0
OB01127,A1,0.005,0
OB09284,B1,0.035,0
OB00588,A1,0.005,0
OB13535,B3,0.1,0
OB11101,B2,0.06,0
OB13292,B3,0.1,0
OB15002,C1,0.16,0
OB06284,A3,0.02,0
OB00482,A1,0.005,0
OB05243,A3,0.02,0
OB05615,A3,0.02,0
OB13039,B3,0.1,0
OB13601,B3,0.1,0
OB13775,B3,0.1,0
OB01688,A1,0.005,0
OB01489,A1,0.005,0
OB15944,C3,0.38,1
OB09566,B1,0.035,0
OB16146,C3,0.38,0
OB03799,A2,0.01,0
OB04556,A3,0.02,0
OB14026,B3,0.1,0
OB01171,A1,0.005,0
OB07006,A3,0.02,0
OB10296,B1,0.035,0
OB05570,A3,0.02,0
OB10865,B2,0.06,0
OB14956,C1,0.16,0
OB11288,B2,0.06,0
OB01421,A1,0.005,0
OB12051,B2,0.06,0
OB06256,A3,0.02,0
OB04699,A3,0.02,0
OB04249,A3,0.02,0
OB00767,A1,0.005,0
OB07323,B1,0.035,0
OB11014,B2,0.06,0
OB15978,C3,0.38,0
OB11090,B2,0.06,0
OB06893,A3,0.02,0
OB09440,B1,0.035,0
OB10351,B1,0.035,0
OB08191,B1,0.035,0
OB05647,A3,0.02,0
OB15959,C3,0.38,0
OB07066,A3,0.02,0
OB00850,A1,0.005,0
OB08169,B1,0.035,0
OB05702,A3,0.02,0
OB07909,B1,0.035,0
OB06085,A3,0.02,0
OB08535,B1,0.035,0
OB03986,A2,0.01,0
OB01988,A2,0.01,0
OB01704,A1,0.005,0
OB08163,B1,0.035,0
OB09329,B1,0.035,0
OB08374,B1,0.035,0
OB15787,C2,0.25,0
OB13056,B3,0.1,0
OB02094,A2,0.01,0
OB03717,A2,0.01,0
OB08562,B1,0.035,0
OB11924,B2,0.06,0
OB11362,B2,0.06,0
OB12202,B2,0.06,0
OB08368,B1,0.035,0
OB13998,B3,0.1,1
OB02096,A2,0.01,0
OB07511,B1,0.035,0
OB02424,A2,0.01,0
OB02097,A2,0.01,0
OB10866,B2,0.06,0
OB05236,A3,0.02,0
OB13926,B3,0.1,0
OB10844,B2,0.06,0
OB14600,C1,0.16,0
OB10557,B2,0.06,0
OB06333,A3,0.02,0
OB12792,B2,0.06,0
OB05006,A3,0.02,0
OB13234,B3,0.1,0
OB08101,B1,0.035,0
OB09913,B1,0.035,0
OB16067,C3,0.38,0
OB13876,B3,0.1,1
OB04507,A3,0.02,0
OB01065,A1,0.005,0
OB01229,A1,0.005,0
OB10282,B1,0.035,0
OB14352,B3,0.1,0
OB00414,A1,0.005,0
OB15061,C1,0.16,0
OB08666,B1,0.035,0
OB12732,B2,0.06,0
OB07246,B1,0.035,0
OB04474,A3,0.02,0
OB13371,B3,0.1,0
OB00876,A1,0.005,0
OB05817,A3,0.02,0
OB01142,A1,0.005,0
OB10969,B2,0.06,0
OB03197,A2,0.01,0
OB15458,C2,0.25,0
OB14191,B3,0.1,1
OB05637,A3,0.02,0
OB13128,B3,0.1,0
OB13836,B3,0.1,0
OB08956,B1,0.035,0
OB06064,A3,0.02,0
OB15514,C2,0.25,0
OB06993,A3,0.02,0
OB09884,B1,0.035,0
OB00235,A1,0.005,0
OB06280,A3,0.02,0
OB00988,A1,0.005,0
OB11140,B2,0.06,0
OB05394,A3,0.02,0
OB15641,C2,0.25,0
OB11898,B2,0.06,0
OB14038,B3,0.1,0
OB12223,B2,0.06,0
OB04047,A2,0.01,0
OB07441,B1,0.035,0
OB12322,B2,0.06,0
OB08267,B1,0.035,0
OB14245,B3,0.1,0
OB02664,A2,0.01,0
OB10080,B1,0.035,0
OB07388,B1,0.035,0
OB08382,B1,0.035,0
OB15673,C2,0.25,0
OB12138,B2,0.06,0
OB15429,C2,0.25,1
OB04656,A3,0.02,0
OB07108,A3,0.02,0
OB11539,B2,0.06,0
OB13084,B3,0.1,0
OB03883,A2,0.01,0
OB14531,C1,0.16,0
OB08751,B1,0.035,0
OB14920,C1,0.16,1
OB07785,B1,0.035,0
OB06014,A3,0.02,0
OB13897,B3,0.1,1
OB00160,A1,0.005,0
OB06367,A3,0.02,0
OB13587,B3,0.1,0
OB07906,B1,0.035,0
OB15417,C2,0.25,0
OB13289,B3,0.1,0
OB11984,B2,0.06,0
OB08366,B1,0.035,0
OB01990,A2,0.01,0
OB12162,B2,0.06,0
OB01712,A1,0.005,0
OB12793,B2,0.06,0
OB11424,B2,0.06,0
OB10395,B1,0.035,0
OB08702,B1,0.035,0
OB00557,A1,0.005,0
OB02848,A2,0.01,0
OB15257,C1,0.16,1
OB13241,B3,0.1,0
OB15237,C1,0.16,0
OB02805,A2,0.01,0
OB02925,A2,0.01,0
OB13335,B3,0.1,0
OB09911,B1,0.035,0
OB00488,A1,0.005,0
OB13088,B3,0.1,0
OB14451,B3,0.1,0
OB14993,C1,0.16,0
OB04975,A3,0.02,0
OB08075,B1,0.035,0
OB09705,B1,0.035,0
OB01687,A1,0.005,0
OB13143,B3,0.1,0
OB08212,B1,0.035,0
OB11053,B2,0.06,0
OB11668,B2,0.06,0
OB07404,B1,0.035,0
OB03794,A2,0.01,0
OB04488,A3,0.02,0
OB07459,B1,0.035,0
OB11235,B2,0.06,0
OB00531,A1,0.005,0
OB07931,B1,0.035,0
OB14649,C1,0.16,0
OB02709,A2,0.01,0
OB14036,B3,0.1,0
OB08631,B1,0.035,0
OB15833,C2,0.25,0
OB08941,B1,0.035,0
OB10408,B2,0.06,0
OB03261,A2,0.01,0
OB09729,B1,0.035,0
OB13501,B3,0.1,0
OB08127,B1,0.035,0
OB04896,A3,0.02,0
OB04115,A2,0.01,0
OB03702,A2,0.01,0
OB12801,B2,0.06,0
OB16082,C3,0.38,0
OB07639,B1,0.035,0
OB08362,B1,0.035,0
OB02985,A2,0.01,0
OB05115,A3,0.02,0
OB02558,A2,0.01,0
OB05192,A3,0.02,0
OB06896,A3,0.02,0
OB05233,A3,0.02,0
OB04400,A3,0.02,0
OB16188,C3,0.38,1
OB01444,A1,0.005,0
OB05068,A3,0.02,0
OB11793,B2,0.06,0
OB07438,B1,0.035,0
OB07293,B1,0.035,0
OB15991,C3,0.38,0
OB06800,A3,0.02,0
OB10249,B1,0.035,0
OB02518,A2,0.01,0
OB03927,A2,0.01,0
OB08095,B1,0.035,0
OB15524,C2,0.25,1
OB01005,A1,0.005,0
OB09582,B1,0.035,0
OB08360,B1,0.035,0
OB14344,B3,0.1,0
OB04227,A3,0.02,0
OB14750,C1,0.16,0
OB10590,B2,0.06,0
OB00670,A1,0.005,0
OB00066,A1,0.005,0
OB06822,A3,0.02,0
OB08483,B1,0.035,0
OB02491,A2,0.01,0
OB05740,A3,0.02,0
OB08521,B1,0.035,0
OB04684,A3,0.02,0
OB06448,A3,0.02,0
OB04495,A3,0.02,0
OB08174,B1,0.035,0
OB11137,B2,0.06,0
OB05605,A3,0.02,0
OB06072,A3,0.02,0
OB12594,B2,0.06,0
OB12338,B2,0.06,0
OB08729,B1,0.035,0
OB02647,A2,0.01,0
OB09710,B1,0.035,0
OB11903,B2,0.06,0
OB04612,A3,0.02,0
OB14280,B3,0.1,0
OB00598,A1,0.005,0
OB10269,B1,0.035,0
OB02837,A2,0.01,0
OB08350,B1,0.035,0
OB14345,B3,0.1,0
OB06470,A3,0.02,0
OB09752,B1,0.035,0
OB04240,A3,0.02,0
OB08630,B1,0.035,0
OB14248,B3,0.1,0
OB10902,B2,0.06,0
OB14837,C1,0.16,0
OB02478,A2,0.01,0
OB02077,A2,0.01,0
OB09880,B1,0.035,0
OB11964,B2,0.06,0
OB05030,A3,0.02,0
OB16061,C3,0.38,0
OB04029,A2,0.01,0
OB04062,A2,0.01,0
OB09150,B1,0.035,0
OB04300,A3,0.02,0
OB12954,B2,0.06,0
OB04990,A3,0.02,0
OB07387,B1,0.035,0
OB12747,B2,0.06,0
OB13462,B3,0.1,0
OB03881,A2,0.01,0
OB07122,A3,0.02,0
OB00835,A1,0.005,0
OB12831,B2,0.06,0
OB04274,A3,0.02,0
OB05559,A3,0.02,1
OB15650,C2,0.25,1
OB13882,B3,0.1,0
OB00504,A1,0.005,0
OB07168,A3,0.02,0
OB10208,B1,0.035,0
OB07723,B1,0.035,0
OB04520,A3,0.02,0
OB04664,A3,0.02,0
OB10173,B1,0.035,0
OB13621,B3,0.1,0
OB13915,B3,0.1,1
OB05956,A3,0.02,0
OB09951,B1,0.035,0
OB04533,A3,0.02,0
OB15660,C2,0.25,0
OB09133,B1,0.035,0
OB16019,C3,0.38,0
OB07201,B1,0.035,1
OB01309,A1,0.005,0
OB09743,B1,0.035,0
OB13015,B3,0.1,0
OB11360,B2,0.06,0
OB14961,C1,0.16,0
OB05758,A3,0.02,0
OB08736,B1,0.035,0
OB00676,A1,0.005,1
OB04885,A3,0.02,0
OB04880,A3,0.02,0
OB06499,A3,0.02,0
OB11720,B2,0.06,0
OB09755,B1,0.035,0
OB06721,A3,0.02,0
OB15691,C2,0.25,0
OB04912,A3,0.02,0
OB03650,A2,0.01,0
OB00831,A1,0.005,0
OB07428,B1,0.035,0
OB11531,B2,0.06,0
OB02202,A2,0.01,0
OB07697,B1,0.035,0
OB09618,B1,0.035,0
OB01892,A2,0.01,0
OB03958,A2,0.01,0
OB01731,A1,0.005,0
OB05976,A3,0.02,0
OB01913,A2,0.01,0
OB07563,B1,0.035,0
OB07553,B1,0.035,0
OB02923,A2,0.01,0
OB10294,B1,0.035,0
OB08993,B1,0.035,0
OB13848,B3,0.1,0
OB02917,A2,0.01,0
OB09919,B1,0.035,0
OB14673,C1,0.16,0
OB08955,B1,0.035,0
OB15799,C2,0.25,0
OB15884,C2,0.25,0
OB01331,A1,0.005,0
OB02489,A2,0.01,0
OB11865,B2,0.06,0
OB13759,B3,0.1,0
OB05117,A3,0.02,0
OB14195,B3,0.1,0
OB05364,A3,0.02,0
OB01086,A1,0.005,0
OB10980,B2,0.06,0
OB09603,B1,0.035,0
OB02511,A2,0.01,0
OB13688,B3,0.1,0
OB08425,B1,0.035,0
OB11311,B2,0.06,0
OB10599,B2,0.06,0
OB14479,B3,0.1,0
OB07922,B1,0.035,0
OB02446,A2,0.01,1
OB15323,C1,0.16,1
OB05441,A3,0.02,0
OB03274,A2,0.01,0
OB02708,A2,0.01,0
OB08980,B1,0.035,0
OB10639,B2,0.06,0
OB01422,A1,0.005,0
OB03444,A2,0.01,0
OB01588,A1,0.005,0
OB04572,A3,0.02,0
OB08000,B1,0.035,0
OB02484,A2,0.01,0
OB14701,C1,0.16,1
OB02355,A2,0.01,0
OB04289,A3,0.02,0
OB00037,A1,0.005,0
OB12257,B2,0.06,0
OB07941,B1,0.035,0
OB03333,A2,0.01,0
OB05912,A3,0.02,0
OB14438,B3,0.1,0
OB01367,A1,0.005,0
OB12874,B2,0.06,0
OB11902,B2,0.06,0
OB16054,C3,0.38,0
OB01898,A2,0.01,0
OB02137,A2,0.01,0
OB10545,B2,0.06,0
OB15618,C2,0.25,0
OB01860,A2,0.01,0
OB03628,A2,0.01,0
OB07306,B1,0.035,0
OB12957,B2,0.06,0
OB13698,B3,0.1,0
OB09451,B1,0.035,0
OB00218,A1,0.005,0
OB08660,B1,0.035,0
OB10521,B2,0.06,0
OB04955,A3,0.02,0
OB11202,B2,0.06,0
OB12192,B2,0.06,0
OB01879,A2,0.01,0
OB10206,B1,0.035,0
OB00366,A1,0.005,0
OB07153,A3,0.02,0
OB09338,B1,0.035,0
OB07857,B1,0.035,0
OB11417,B2,0.06,0
OB01352,A1,0.005,0
OB03602,A2,0.01,0
OB04570,A3,0.02,0
OB01754,A1,0.005,0
OB03278,A2,0.01,0
OB13060,B3,0.1,0
OB10830,B2,0.06,0
OB03983,A2,0.01,0
OB11864,B2,0.06,0
OB03390,A2,0.01,0
OB08414,B1,0.035,0
OB13616,B3,0.1,0
OB07397,B1,0.035,0
OB13580,B3,0.1,0
OB07530,B1,0.035,0
OB00469,A1,0.005,0
OB05639,A3,0.02,0
OB13855,B3,0.1,0
OB07489,B1,0.035,0
OB08180,B1,0.035,0
OB10171,B1,0.035,0
OB07970,B1,0.035,0
OB12177,B2,0.06,0
OB14381,B3,0.1,0
OB11476,B2,0.06,0
OB00585,A1,0.005,0
OB13826,B3,0.1,0
OB03590,A2,0.01,0
OB11923,B2,0.06,0
OB06078,A3,0.02,0
OB11647,B2,0.06,0
OB11627,B2,0.06,0
OB04963,A3,0.02,0
OB12442,B2,0.06,0
OB06839,A3,0.02,0
OB14254,B3,0.1,0
OB08370,B1,0.035,0
OB15253,C1,0.16,1
OB15782,C2,0.25,0
OB12030,B2,0.06,0
OB08211,B1,0.035,0
OB06825,A3,0.02,0
OB07753,B1,0.035,0
OB04845,A3,0.02,0
OB10004,B1,0.035,0
OB03022,A2,0.01,0
OB13519,B3,0.1,0
OB13499,B3,0.1,0
OB01719,A1,0.005,0
OB04730,A3,0.02,0
OB05591,A3,0.02,0
OB09437,B1,0.035,0
OB15768,C2,0.25,0
OB02564,A2,0.01,0
OB00264,A1,0.005,0
OB07467,B1,0.035,0
OB08847,B1,0.035,0
OB15889,C2,0.25,0
OB04793,A3,0.02,0
OB12918,B2,0.06,0
OB00593,A1,0.005,0
OB10577,B2,0.06,0
OB08853,B1,0.035,1
OB15793,C2,0.25,0
OB15707,C2,0.25,0
OB14651,C1,0.16,1
OB14094,B3,0.1,0
OB06283,A3,0.02,0
OB11885,B2,0.06,0
OB05907,A3,0.02,0
OB05150,A3,0.02,0
OB09886,B1,0.035,0
OB13725,B3,0.1,0
OB15923,C3,0.38,0
OB13744,B3,0.1,0
OB07378,B1,0.035,0
OB01690,A1,0.005,0
OB10575,B2,0.06,0
OB13794,B3,0.1,0
OB06049,A3,0.02,0
OB06528,A3,0.02,0
OB10591,B2,0.06,0
OB11274,B2,0.06,0
OB04559,A3,0.02,0
OB03196,A2,0.01,0
OB15902,C3,0.38,1
OB02620,A2,0.01,0
OB16160,C3,0.38,0
OB04297,A3,0.02,0
OB02039,A2,0.01,0
OB02922,A2,0.01,0
OB14238,B3,0.1,0
OB00438,A1,0.005,0
OB11649,B2,0.06,0
OB00525,A1,0.005,0
OB11878,B2,0.06,1
OB06024,A3,0.02,0
OB06521,A3,0.02,0
OB16011,C3,0.38,1
OB12268,B2,0.06,0
OB00281,A1,0.005,0
OB13540,B3,0.1,0
OB11463,B2,0.06,0
OB02815,A2,0.01,0
OB15666,C2,0.25,1
OB02727,A2,0.01,0
OB12175,B2,0.06,0
OB07025,A3,0.02,0
OB14931,C1,0.16,0
OB03957,A2,0.01,0
OB00975,A1,0.005,0
OB06190,A3,0.02,0
OB12575,B2,0.06,0
OB07720,B1,0.035,0
OB13695,B3,0.1,0
OB14538,C1,0.16,1
OB01858,A2,0.01,0
OB14231,B3,0.1,0
OB05882,A3,0.02,0
OB14440,B3,0.1,0
OB15137,C1,0.16,0
OB14523,C1,0.16,1
OB01046,A1,0.005,0
OB01904,A2,0.01,0
OB05259,A3,0.02,0
OB01513,A1,0.005,0
OB09778,B1,0.035,0
OB12462,B2,0.06,0
OB03898,A2,0.01,0
OB15753,C2,0.25,0
OB12291,B2,0.06,0
OB02943,A2,0.01,0
OB13137,B3,0.1,0
OB09041,B1,0.035,1
OB13629,B3,0.1,0
OB01471,A1,0.005,1
OB13736,B3,0.1,0
OB08301,B1,0.035,0
OB08820,B1,0.035,0
OB07190,A3,0.02,0
OB08247,B1,0.035,0
OB02061,A2,0.01,0
OB12040,B2,0.06,0
OB08482,B1,0.035,0
OB14761,C1,0.16,0
OB12709,B2,0.06,1
OB03208,A2,0.01,0
OB03793,A2,0.01,0
OB13098,B3,0.1,0
OB14628,C1,0.16,0
OB16193,C3,0.38,0
OB03425,A2,0.01,0
OB11778,B2,0.06,0
OB08998,B1,0.035,0
OB07980,B1,0.035,0
OB00609,A1,0.005,0
OB10314,B1,0.035,0
OB04221,A3,0.02,0
OB15241,C1,0.16,1
OB11706,B2,0.06,0
OB09656,B1,0.035,0
OB04195,A2,0.01,0
OB10309,B1,0.035,0
OB11093,B2,0.06,0
OB05497,A3,0.02,0
OB00171,A1,0.005,0
OB14924,C1,0.16,0
OB02718,A2,0.01,0
OB06592,A3,0.02,0
OB06723,A3,0.02,0
OB15571,C2,0.25,1
OB05837,A3,0.02,0
OB04805,A3,0.02,0
OB02658,A2,0.01,0
OB04273,A3,0.02,0
OB07279,B1,0.035,0
OB03749,A2,0.01,0
OB09262,B1,0.035,0
OB14223,B3,0.1,0
OB08364,B1,0.035,0
OB10993,B2,0.06,0
OB01577,A1,0.005,0
OB04147,A2,0.01,0
OB00545,A1,0.005,0
OB09283,B1,0.035,0
OB10616,B2,0.06,0
OB11848,B2,0.06,0
OB00383,A1,0.005,0
OB09813,B1,0.035,0
OB08176,B1,0.035,0
OB06897,A3,0.02,0
OB11320,B2,0.06,0
OB15881,C2,0.25,0
OB11034,B2,0.06,0
OB07787,B1,0.035,0
OB01999,A2,0.01,0
OB06050,A3,0.02,1
OB09533,B1,0.035,0
OB13664,B3,0.1,0
OB04110,A2,0.01,0
OB10192,B1,0.035,0
OB03437,A2,0.01,0
OB04622,A3,0.02,0
OB01658,A1,0.005,0
OB08154,B1,0.035,0
OB02902,A2,0.01,0
OB00182,A1,0.005,0
OB05602,A3,0.02,0
OB09152,B1,0.035,0
OB08733,B1,0.035,0
OB11667,B2,0.06,0
OB12886,B2,0.06,0
OB15430,C2,0.25,0
OB00312,A1,0.005,0
OB08626,B1,0.035,0
OB14002,B3,0.1,0
OB08210,B1,0.035,0
OB12480,B2,0.06,0
OB15352,C1,0.16,0
OB14968,C1,0.16,1
OB06467,A3,0.02,0
OB11676,B2,0.06,0
OB08905,B1,0.035,0
OB09542,B1,0.035,0
OB15801,C2,0.25,1
OB07624,B1,0.035,0
OB16141,C3,0.38,1
OB04323,A3,0.02,0
OB05854,A3,0.02,0
OB09719,B1,0.035,0
OB12756,B2,0.06,0
OB13034,B3,0.1,0
OB05019,A3,0.02,0
OB11574,B2,0.06,0
OB05895,A3,0.02,0
OB09325,B1,0.035,0
OB09914,B1,0.035,0
OB02901,A2,0.01,0
OB15442,C2,0.25,1
OB13385,B3,0.1,1
OB10385,B1,0.035,0
OB02121,A2,0.01,0
OB08439,B1,0.035,0
OB14943,C1,0.16,0
OB16076,C3,0.38,0
OB10525,B2,0.06,0
OB12379,B2,0.06,0
OB14801,C1,0.16,1
OB13505,B3,0.1,1
OB00261,A1,0.005,0
OB12264,B2,0.06,0
OB09422,B1,0.035,0
OB11776,B2,0.06,0
OB14537,C1,0.16,1
OB09324,B1,0.035,0
OB09396,B1,0.035,0
OB14979,C1,0.16,0
OB05948,A3,0.02,0
OB12010,B2,0.06,0
OB05246,A3,0.02,0
OB03351,A2,0.01,0
OB10901,B2,0.06,0
OB08039,B1,0.035,0
OB15914,C3,0.38,1
OB13152,B3,0.1,1
OB08326,B1,0.035,0
OB03503,A2,0.01,0
OB12478,B2,0.06,0
OB13300,B3,0.1,0
OB09532,B1,0.035,0
OB15420,C2,0.25,0
OB03260,A2,0.01,0
OB01126,A1,0.005,0
OB09285,B1,0.035,0
OB07878,B1,0.035,0
OB04768,A3,0.02,0
OB05118,A3,0.02,0
OB02618,A2,0.01,0
OB12337,B2,0.06,0
OB07943,B1,0.035,0
OB00519,A1,0.005,0
OB14506,C1,0.16,0
OB14435,B3,0.1,0
OB05813,A3,0.02,0
OB15454,C2,0.25,0
OB10308,B1,0.035,0
OB10311,B1,0.035,0
OB05718,A3,0.02,0
OB00474,A1,0.005,0
OB00046,A1,0.005,0
OB12391,B2,0.06,0
OB14978,C1,0.16,0
OB04972,A3,0.02,0
OB11083,B2,0.06,1
OB00338,A1,0.005,0
OB15637,C2,0.25,0
OB00197,A1,0.005,0
OB00954,A1,0.005,0
OB15979,C3,0.38,1
OB15709,C2,0.25,0
OB05766,A3,0.02,0
OB03355,A2,0.01,0
OB12532,B2,0.06,0
OB15119,C1,0.16,1
OB07917,B1,0.035,0
OB14080,B3,0.1,0
OB13026,B3,0.1,0
OB10264,B1,0.035,0
OB13525,B3,0.1,0
OB15722,C2,0.25,1
OB04800,A3,0.02,0
OB03750,A2,0.01,0
OB08435,B1,0.035,0
OB07845,B1,0.035,0
OB10666,B2,0.06,0
OB10624,B2,0.06,0
OB02598,A2,0.01,0
OB06807,A3,0.02,0
OB05003,A3,0.02,0
OB10343,B1,0.035,0
OB13863,B3,0.1,0
OB14148,B3,0.1,0
OB14501,C1,0.16,0
OB08488,B1,0.035,0
OB06234,A3,0.02,0
OB11701,B2,0.06,0
OB11854,B2,0.06,0
OB09392,B1,0.035,0
OB01763,A1,0.005,0
OB12724,B2,0.06,0
OB12460,B2,0.06,0
OB13845,B3,0.1,0
OB04873,A3,0.02,0
OB11830,B2,0.06,0
OB15789,C2,0.25,0
OB10271,B1,0.035,0
OB08440,B1,0.035,0
OB10139,B1,0.035,0
OB06563,A3,0.02,0
OB13599,B3,0.1,0
OB01411,A1,0.005,0
OB08637,B1,0.035,0
OB05200,A3,0.02,0
OB08505,B1,0.035,0
OB14122,B3,0.1,0
OB11434,B2,0.06,0
OB10029,B1,0.035,0
OB06501,A3,0.02,0
OB15187,C1,0.16,0
OB12632,B2,0.06,0
OB03305,A2,0.01,0
OB06131,A3,0.02,0
OB03813,A2,0.01,0
OB11492,B2,0.06,0
OB08839,B1,0.035,0
OB10713,B2,0.06,0
OB03093,A2,0.01,0
OB15424,C2,0.25,0
OB12695,B2,0.06,1
OB01675,A1,0.005,0
OB11849,B2,0.06,0
OB12847,B2,0.06,0
OB12336,B2,0.06,0
OB04423,A3,0.02,0
OB01951,A2,0.01,0
OB11020,B2,0.06,0
OB05484,A3,0.02,0
OB12271,B2,0.06,0
OB07040,A3,0.02,0
OB10938,B2,0.06,0
OB10527,B2,0.06,0
OB12508,B2,0.06,0
OB01647,A1,0.005,0
OB07273,B1,0.035,0
OB03497,A2,0.01,0
OB03669,A2,0.01,0
OB11685,B2,0.06,0
OB08048,B1,0.035,0
OB04464,A3,0.02,0
OB10817,B2,0.06,0
OB13944,B3,0.1,0
OB15013,C1,0.16,1
OB10461,B2,0.06,0
OB03646,A2,0.01,0
OB15021,C1,0.16,0
OB03432,A2,0.01,0
OB05222,A3,0.02,0
OB12899,B2,0.06,1
OB11072,B2,0.06,0
OB03741,A2,0.01,0
OB03383,A2,0.01,0
OB06378,A3,0.02,0
OB14213,B3,0.1,0
OB03744,A2,0.01,0
OB02960,A2,0.01,0
OB13596,B3,0.1,0
OB08334,B1,0.035,1
OB15828,C2,0.25,0
OB02177,A2,0.01,0
OB15891,C2,0.25,1
OB15139,C1,0.16,1
OB03059,A2,0.01,0
OB10574,B2,0.06,0
OB15724,C2,0.25,1
OB12817,B2,0.06,0
OB13683,B3,0.1,0
OB09810,B1,0.035,0
OB00203,A1,0.005,0
OB02557,A2,0.01,0
OB08600,B1,0.035,0
OB03485,A2,0.01,0
OB08895,B1,0.035,0
OB05330,A3,0.02,0
OB11456,B2,0.06,0
OB13653,B3,0.1,0
OB06928,A3,0.02,0
OB00120,A1,0.005,0
OB10752,B2,0.06,0
OB10321,B1,0.035,0
OB12717,B2,0.06,0
OB05610,A3,0.02,0
OB14760,C1,0.16,0
OB09507,B1,0.035,0
OB00239,A1,0.005,0
OB04222,A3,0.02,0
OB05478,A3,0.02,0
OB12187,B2,0.06,0
OB07901,B1,0.035,0
OB11060,B2,0.06,0
OB13245,B3,0.1,0
OB09903,B1,0.035,0
OB15411,C2,0.25,0
OB01330,A1,0.005,0
OB11152,B2,0.06,0
OB09541,B1,0.035,0
OB11985,B2,0.06,0
OB15543,C2,0.25,0
OB08054,B1,0.035,0
OB09013,B1,0.035,0
OB09125,B1,0.035,0
OB08589,B1,0.035,0
OB05906,A3,0.02,0
OB02707,A2,0.01,0
OB07921,B1,0.035,0
OB12664,B2,0.06,0
OB12519,B2,0.06,0
OB07332,B1,0.035,0
OB02148,A2,0.01,0
OB08407,B1,0.035,0
OB01025,A1,0.005,0
OB04277,A3,0.02,0
OB06692,A3,0.02,0
OB08133,B1,0.035,0
OB07510,B1,0.035,0
OB09315,B1,0.035,0
OB11115,B2,0.06,0
OB01520,A1,0.005,0
OB04388,A3,0.02,0
OB12047,B2,0.06,0
OB12879,B2,0.06,0
OB04118,A2,0.01,0
OB15087,C1,0.16,0
OB03863,A2,0.01,0
OB05729,A3,0.02,0
OB06250,A3,0.02,0
OB09181,B1,0.035,0
OB02904,A2,0.01,0
OB10238,B1,0.035,0
OB06613,A3,0.02,0
OB12885,B2,0.06,0
OB08393,B1,0.035,0
OB08218,B1,0.035,0
OB13910,B3,0.1,1
OB00400,A1,0.005,0
OB12775,B2,0.06,0
OB11610,B2,0.06,0
OB06829,A3,0.02,0
OB05223,A3,0.02,0
OB10233,B1,0.035,0
OB07292,B1,0.035,0
OB01436,A1,0.005,0
OB13301,B3,0.1,0
OB04593,A3,0.02,0
OB09617,B1,0.035,0
OB09661,B1,0.035,0
OB12728,B2,0.06,0
OB03987,A2,0.01,0
OB05402,A3,0.02,0
OB03069,A2,0.01,0
OB13023,B3,0.1,0
OB13781,B3,0.1,0
OB12705,B2,0.06,0
OB04674,A3,0.02,0
OB14617,C1,0.16,0
OB09445,B1,0.035,0
OB05492,A3,0.02,0
OB13885,B3,0.1,0
OB14023,B3,0.1,0
OB00617,A1,0.005,0
OB13724,B3,0.1,0
OB09487,B1,0.035,0
OB14361,B3,0.1,0
OB00677,A1,0.005,0
OB02855,A2,0.01,0
OB04621,A3,0.02,0
OB14091,B3,0.1,0
OB02757,A2,0.01,0
OB12603,B2,0.06,0
OB10453,B2,0.06,0
OB10744,B2,0.06,0
OB09095,B1,0.035,0
OB09638,B1,0.035,0
OB10687,B2,0.06,0
OB01235,A1,0.005,0
OB11040,B2,0.06,0
OB14851,C1,0.16,1
OB10503,B2,0.06,0
OB13321,B3,0.1,0
OB13134,B3,0.1,0
OB01274,A1,0.005,0
OB13181,B3,0.1,0
OB11742,B2,0.06,0
OB03644,A2,0.01,0
OB01976,A2,0.01,0
OB12682,B2,0.06,0
OB02089,A2,0.01,0
OB05242,A3,0.02,0
OB10825,B2,0.06,1
OB15211,C1,0.16,0
OB12083,B2,0.06,0
OB07253,B1,0.035,0
OB00572,A1,0.005,0
OB04649,A3,0.02,0
OB07002,A3,0.02,0
OB11403,B2,0.06,0
OB10339,B1,0.035,0
OB01590,A1,0.005,0
OB06955,A3,0.02,0
OB01516,A1,0.005,0
OB09687,B1,0.035,0
OB04503,A3,0.02,0
OB02271,A2,0.01,0
OB11501,B2,0.06,0
OB14644,C1,0.16,1
OB12157,B2,0.06,0
OB11499,B2,0.06,0
OB14922,C1,0.16,0
OB03666,A2,0.01,0
OB07584,B1,0.035,0
OB08345,B1,0.035,0
OB11005,B2,0.06,0
OB14256,B3,0.1,0
OB14948,C1,0.16,0
OB08410,B1,0.035,0
OB16166,C3,0.38,1
OB00568,A1,0.005,0
OB10621,B2,0.06,0
OB06716,A3,0.02,0
OB01823,A2,0.01,0
OB06399,A3,0.02,0
OB01271,A1,0.005,0
OB13065,B3,0.1,0
OB11175,B2,0.06,1
OB10273,B1,0.035,0
OB06612,A3,0.02,0
OB10358,B1,0.035,0
OB08524,B1,0.035,0
OB01749,A1,0.005,0
OB09941,B1,0.035,0
OB09626,B1,0.035,0
OB02186,A2,0.01,0
OB04282,A3,0.02,0
OB14063,B3,0.1,0
OB06342,A3,0.02,0
OB01186,A1,0.005,0
OB05054,A3,0.02,0
OB03925,A2,0.01,0
OB13873,B3,0.1,1
OB05333,A3,0.02,0
OB01798,A1,0.005,0
OB06445,A3,0.02,0
OB02506,A2,0.01,0
OB13869,B3,0.1,0
OB13652,B3,0.1,0
OB15436,C2,0.25,1
OB14008,B3,0.1,0
OB08984,B1,0.035,0
OB04369,A3,0.02,0
OB06204,A3,0.02,0
OB10176,B1,0.035,0
OB01573,A1,0.005,0
OB00384,A1,0.005,0
OB15813,C2,0.25,0
OB00996,A1,0.005,0
OB12324,B2,0.06,0
OB09405,B1,0.035,0
OB01502,A1,0.005,0
OB09763,B1,0.035,0
OB02784,A2,0.01,1
OB02937,A2,0.01,0
OB02886,A2,0.01,0
OB00207,A1,0.005,0
OB10354,B1,0.035,0
OB12994,B2,0.06,0
OB13220,B3,0.1,0
OB04494,A3,0.02,0
OB04371,A3,0.02,0
OB16135,C3,0.38,0
OB11278,B2,0.06,1
OB04826,A3,0.02,0
OB15626,C2,0.25,0
OB00257,A1,0.005,0
OB09915,B1,0.035,0
OB07776,B1,0.035,0
OB09025,B1,0.035,0
OB15284,C1,0.16,0
OB03887,A2,0.01,0
OB15007,C1,0.16,0
OB13804,B3,0.1,0
OB03370,A2,0.01,0
OB14627,C1,0.16,1
OB08262,B1,0.035,0
OB10341,B1,0.035,0
OB09625,B1,0.035,0
OB12563,B2,0.06,0
OB12823,B2,0.06,0
OB10646,B2,0.06,0
OB06857,A3,0.02,0
OB04121,A2,0.01,0
OB03924,A2,0.01,1
OB07077,A3,0.02,0
OB09221,B1,0.035,0
OB12686,B2,0.06,0
OB04653,A3,0.02,0
OB13522,B3,0.1,0
OB05309,A3,0.02,0
OB07992,B1,0.035,0
OB04513,A3,0.02,0
OB13061,B3,0.1,0
OB11313,B2,0.06,0
OB01145,A1,0.005,0
OB06223,A3,0.02,0
OB00695,A1,0.005,0
OB07566,B1,0.035,0
OB00795,A1,0.005,0
OB15674,C2,0.25,1
OB13586,B3,0.1,0
OB03471,A2,0.01,0
OB15133,C1,0.16,0
OB00290,A1,0.005,0
OB04585,A3,0.02,0
OB15835,C2,0.25,0
OB02699,A2,0.01,0
OB05664,A3,0.02,1
OB09197,B1,0.035,0
OB03902,A2,0.01,0
OB02555,A2,0.01,0
OB04330,A3,0.02,0
OB01428,A1,0.005,0
OB15780,C2,0.25,0
OB02055,A2,0.01,0
OB02572,A2,0.01,0
OB14414,B3,0.1,0
OB02550,A2,0.01,0
OB08653,B1,0.035,0
OB10583,B2,0.06,0
OB06782,A3,0.02,0
OB08806,B1,0.035,0
OB00367,A1,0.005,0
OB11782,B2,0.06,0
OB02859,A2,0.01,0
OB02047,A2,0.01,0
OB08832,B1,0.035,0
OB02894,A2,0.01,0
OB05793,A3,0.02,0
OB08329,B1,0.035,0
OB13649,B3,0.1,0
OB07633,B1,0.035,0
OB02079,A2,0.01,0
OB05186,A3,0.02,0
OB02822,A2,0.01,0
OB02436,A2,0.01,0
OB08159,B1,0.035,0
OB12630,B2,0.06,0
OB06497,A3,0.02,0
OB14669,C1,0.16,0
OB06003,A3,0.02,0
OB02808,A2,0.01,0
OB07107,A3,0.02,0
OB14509,C1,0.16,0
OB07465,B1,0.035,0
OB00633,A1,0.005,0
OB03658,A2,0.01,0
OB07225,B1,0.035,0
OB14070,B3,0.1,1
OB12292,B2,0.06,0
OB09962,B1,0.035,0
OB02135,A2,0.01,0
OB15909,C3,0.38,0
OB14316,B3,0.1,0
OB16006,C3,0.38,0
OB00896,A1,0.005,0
OB00104,A1,0.005,0
OB08948,B1,0.035,0
OB00315,A1,0.005,0
OB05493,A3,0.02,0
OB00044,A1,0.005,0
OB14566,C1,0.16,0
OB07688,B1,0.035,0
OB05265,A3,0.02,0
OB06671,A3,0.02,0
OB00387,A1,0.005,0
OB12388,B2,0.06,0
OB05653,A3,0.02,0
OB02160,A2,0.01,0
OB08960,B1,0.035,0
OB04941,A3,0.02,0
OB16129,C3,0.38,0
OB05904,A3,0.02,0
OB11653,B2,0.06,0
OB06188,A3,0.02,0
OB12844,B2,0.06,0
OB09169,B1,0.035,0
OB09147,B1,0.035,0
OB15570,C2,0.25,1
OB06269,A3,0.02,0
OB13413,B3,0.1,0
OB05913,A3,0.02,0
OB14937,C1,0.16,0
OB13460,B3,0.1,0
OB14358,B3,0.1,0
OB05781,A3,0.02,0
OB15134,C1,0.16,0
OB06048,A3,0.02,0
OB16075,C3,0.38,0
OB02852,A2,0.01,0
OB01508,A1,0.005,0
OB12422,B2,0.06,0
OB05891,A3,0.02,0
OB01669,A1,0.005,0
OB15020,C1,0.16,0
OB11928,B2,0.06,0
OB14405,B3,0.1,0
OB04302,A3,0.02,0
OB10500,B2,0.06,0
OB09967,B1,0.035,0
OB08485,B1,0.035,0
OB00444,A1,0.005,0
OB13433,B3,0.1,0
OB13174,B3,0.1,0
OB05194,A3,0.02,0
OB01553,A1,0.005,0
OB14970,C1,0.16,1
OB15011,C1,0.16,1
OB02695,A2,0.01,0
OB12583,B2,0.06,0
OB10961,B2,0.06,0
OB01267,A1,0.005,0
OB05645,A3,0.02,0
OB08768,B1,0.035,0
OB03789,A2,0.01,0
OB14605,C1,0.16,0
OB15684,C2,0.25,0
OB07540,B1,0.035,0
OB11875,B2,0.06,0
OB10597,B2,0.06,0
OB01621,A1,0.005,0
OB12588,B2,0.06,0
OB13608,B3,0.1,1
OB11710,B2,0.06,0
OB03214,A2,0.01,0
OB16178,C3,0.38,0
OB00334,A1,0.005,0
OB04767,A3,0.02,1
OB00940,A1,0.005,0
OB07640,B1,0.035,0
OB14043,B3,0.1,0
OB03212,A2,0.01,0
OB05017,A3,0.02,0
OB01394,A1,0.005,0
OB13222,B3,0.1,0
OB05553,A3,0.02,0
OB10884,B2,0.06,0
OB04084,A2,0.01,0
OB01511,A1,0.005,0
OB02041,A2,0.01,0
OB08689,B1,0.035,0
OB07607,B1,0.035,0
OB08046,B1,0.035,0
OB12317,B2,0.06,0
OB13635,B3,0.1,0
OB11318,B2,0.06,0
OB11194,B2,0.06,0
OB09980,B1,0.035,0
OB00251,A1,0.005,0
OB06694,A3,0.02,0
OB05852,A3,0.02,0
OB08035,B1,0.035,0
OB03457,A2,0.01,0
OB02407,A2,0.01,0
OB01620,A1,0.005,0
OB00459,A1,0.005,0
OB04244,A3,0.02,0
OB00433,A1,0.005,0
OB15736,C2,0.25,0
OB14163,B3,0.1,0
OB00613,A1,0.005,0
OB07994,B1,0.035,0
OB15964,C3,0.38,1
OB06911,A3,0.02,0
OB00934,A1,0.005,0
OB11705,B2,0.06,0
OB02216,A2,0.01,0
OB01855,A2,0.01,0
OB09177,B1,0.035,0
OB12136,B2,0.06,0
OB10929,B2,0.06,0
OB13074,B3,0.1,1
OB15245,C1,0.16,1
OB13282,B3,0.1,1
OB06550,A3,0.02,0
OB07396,B1,0.035,0
OB12304,B2,0.06,0
OB07525,B1,0.035,0
OB15015,C1,0.16,0
OB06589,A3,0.02,0
OB07780,B1,0.035,0
OB14921,C1,0.16,0
OB11474,B2,0.06,0
OB04061,A2,0.01,0
OB15533,C2,0.25,0
OB05185,A3,0.02,0
OB01169,A1,0.005,0
OB07940,B1,0.035,0
OB08868,B1,0.035,0
OB07687,B1,0.035,0
OB14395,B3,0.1,0
OB12520,B2,0.06,0
OB15734,C2,0.25,1
OB05888,A3,0.02,0
OB11784,B2,0.06,0
OB01449,A1,0.005,0
OB11114,B2,0.06,0
OB03531,A2,0.01,0
OB10680,B2,0.06,0
OB12123,B2,0.06,0
OB12444,B2,0.06,0
OB05266,A3,0.02,0
OB01736,A1,0.005,0
OB11699,B2,0.06,0
OB06355,A3,0.02,0
OB04266,A3,0.02,0
OB01496,A1,0.005,0
OB06765,A3,0.02,0
OB11897,B2,0.06,0
OB12509,B2,0.06,0
OB00955,A1,0.005,0
OB01572,A1,0.005,0
OB07649,B1,0.035,0
OB00068,A1,0.005,0
OB09510,B1,0.035,1
OB07327,B1,0.035,0
OB07999,B1,0.035,0
OB11651,B2,0.06,0
OB12362,B2,0.06,0
OB00559,A1,0.005,0
OB00377,A1,0.005,0
OB06758,A3,0.02,0
OB10492,B2,0.06,0
OB01353,A1,0.005,0
OB06491,A3,0.02,0
OB03282,A2,0.01,1
OB09093,B1,0.035,0
OB07232,B1,0.035,0
OB12071,B2,0.06,0
OB15620,C2,0.25,0
OB14928,C1,0.16,0
OB09846,B1,0.035,0
OB12329,B2,0.06,0
OB03285,A2,0.01,0
OB10524,B2,0.06,0
OB10580,B2,0.06,0
OB12671,B2,0.06,0
OB05620,A3,0.02,0
OB14013,B3,0.1,0
OB06341,A3,0.02,0
OB04125,A2,0.01,0
OB11600,B2,0.06,1
OB04433,A3,0.02,0
OB08240,B1,0.035,0
OB12618,B2,0.06,0
OB01064,A1,0.005,0
OB11522,B2,0.06,0
OB09244,B1,0.035,0
OB13388,B3,0.1,0
OB05306,A3,0.02,0
OB03439,A2,0.01,0
OB03869,A2,0.01,0
OB05383,A3,0.02,0
OB07003,A3,0.02,0
OB11563,B2,0.06,0
OB06627,A3,0.02,0
OB11141,B2,0.06,1
OB02673,A2,0.01,0
OB08018,B1,0.035,0
OB07131,A3,0.02,0
OB15384,C1,0.16,0
OB00631,A1,0.005,0
OB07616,B1,0.035,0
OB15924,C3,0.38,0
OB11265,B2,0.06,0
OB11270,B2,0.06,0
OB14887,C1,0.16,0
OB01665,A1,0.005,0
OB14999,C1,0.16,0
OB05229,A3,0.02,0
OB05181,A3,0.02,0
OB12858,B2,0.06,0
OB02083,A2,0.01,0
OB06038,A3,0.02,0
OB00930,A1,0.005,0
OB00310,A1,0.005,0
OB09792,B1,0.035,0
OB04076,A2,0.01,0
OB04889,A3,0.02,0
OB05773,A3,0.02,0
OB06844,A3,0.02,0
OB02054,A2,0.01,0
OB03725,A2,0.01,0
OB14448,B3,0.1,0
OB05651,A3,0.02,0
OB11215,B2,0.06,0
OB01728,A1,0.005,0
OB08225,B1,0.035,0
OB01036,A1,0.005,0
OB03625,A2,0.01,0
OB12330,B2,0.06,0
OB03943,A2,0.01,0
OB13769,B3,0.1,0
OB10255,B1,0.035,0
OB14773,C1,0.16,0
OB05608,A3,0.02,0
OB03872,A2,0.01,0
OB09552,B1,0.035,0
OB09688,B1,0.035,0
OB00368,A1,0.005,0
OB03708,A2,0.01,0
OB12661,B2,0.06,0
OB15378,C1,0.16,0
OB11569,B2,0.06,0
OB03736,A2,0.01,0
OB06755,A3,0.02,0
OB08791,B1,0.035,0
OB15656,C2,0.25,0
OB09067,B1,0.035,0
OB12265,B2,0.06,0
OB01391,A1,0.005,0
OB07531,B1,0.035,0
OB00035,A1,0.005,0
OB11828,B2,0.06,0
OB09890,B1,0.035,0
OB00713,A1,0.005,0
OB14780,C1,0.16,0
OB04704,A3,0.02,0
OB03480,A2,0.01,0
OB08215,B1,0.035,0
OB15074,C1,0.16,0
OB04412,A3,0.02,0
OB09447,B1,0.035,0
OB13823,B3,0.1,0
OB16150,C3,0.38,1
OB05855,A3,0.02,0
OB13818,B3,0.1,0
OB03787,A2,0.01,0
OB05821,A3,0.02,0
OB04659,A3,0.02,0
OB00137,A1,0.005,0
OB05403,A3,0.02,0
OB12308,B2,0.06,0
OB14849,C1,0.16,0
OB02334,A2,0.01,0
OB05500,A3,0.02,0
OB03926,A2,0.01,0
OB15823,C2,0.25,0
OB12122,B2,0.06,0
OB01533,A1,0.005,0
OB02930,A2,0.01,0
OB02490,A2,0.01,0
OB04466,A3,0.02,0
OB09534,B1,0.035,0
OB13173,B3,0.1,0
OB12713,B2,0.06,0
OB07672,B1,0.035,0
OB15735,C2,0.25,0
OB15886,C2,0.25,0
OB00527,A1,0.005,0
OB00510,A1,0.005,0
OB05662,A3,0.02,0
OB08704,B1,0.035,0
OB02908,A2,0.01,0
OB11858,B2,0.06,0
OB01453,A1,0.005,0
OB08762,B1,0.035,0
OB15038,C1,0.16,1
OB03163,A2,0.01,0
OB01765,A1,0.005,0
OB02577,A2,0.01,0
OB11498,B2,0.06,0
OB09357,B1,0.035,0
OB04943,A3,0.02,0
OB00017,A1,0.005,0
OB15446,C2,0.25,0
OB04952,A3,0.02,0
OB08772,B1,0.035,0
OB14001,B3,0.1,0
OB13771,B3,0.1,0
OB13902,B3,0.1,0
OB08656,B1,0.035,0
OB02782,A2,0.01,0
OB12807,B2,0.06,0
OB03129,A2,0.01,0
OB03420,A2,0.01,0
OB06041,A3,0.02,0
OB00496,A1,0.005,0
OB09332,B1,0.035,0
OB12871,B2,0.06,0
OB04389,A3,0.02,0
OB13776,B3,0.1,0
OB07750,B1,0.035,0
OB01638,A1,0.005,0
OB08261,B1,0.035,0
OB13480,B3,0.1,0
OB09726,B1,0.035,0
OB06175,A3,0.02,0
OB07424,B1,0.035,0
OB09085,B1,0.035,0
OB04321,A3,0.02,0
OB01016,A1,0.005,0
OB14420,B3,0.1,0
OB09000,B1,0.035,0
OB01718,A1,0.005,0
OB13105,B3,0.1,0
OB07143,A3,0.02,0
OB12169,B2,0.06,0
OB15329,C1,0.16,1
OB04191,A2,0.01,0
OB10763,B2,0.06,0
OB04853,A3,0.02,0
OB14228,B3,0.1,0
OB08284,B1,0.035,0
OB08923,B1,0.035,0
OB03981,A2,0.01,0
OB08255,B1,0.035,0
OB00216,A1,0.005,0
OB11469,B2,0.06,0
OB01265,A1,0.005,0
OB07505,B1,0.035,0
OB13802,B3,0.1,0
OB12002,B2,0.06,0
OB10458,B2,0.06,0
OB04900,A3,0.02,0
OB10880,B2,0.06,0
OB10184,B1,0.035,0
OB06314,A3,0.02,0
OB06154,A3,0.02,0
OB07433,B1,0.035,0
OB14102,B3,0.1,0
OB00458,A1,0.005,0
OB05978,A3,0.02,1
OB08954,B1,0.035,0
OB06718,A3,0.02,0
OB03476,A2,0.01,0
OB10467,B2,0.06,0
OB09651,B1,0.035,0
OB08447,B1,0.035,0
OB01305,A1,0.005,0
OB03771,A2,0.01,0
OB02619,A2,0.01,0
OB11999,B2,0.06,0
OB09929,B1,0.035,0
OB14496,B3,0.1,0
OB01813,A2,0.01,0
OB02683,A2,0.01,0
OB08793,B1,0.035,0
OB04103,A2,0.01,0
OB08529,B1,0.035,0
OB13068,B3,0.1,0
OB03166,A2,0.01,0
OB01214,A1,0.005,0
OB06641,A3,0.02,0
OB00332,A1,0.005,0
OB12150,B2,0.06,0
OB15850,C2,0.25,0
OB11154,B2,0.06,0
OB01946,A2,0.01,0
OB07597,B1,0.035,0
OB12643,B2,0.06,0
OB00040,A1,0.005,0
OB00962,A1,0.005,0
OB13898,B3,0.1,0
OB11087,B2,0.06,0
OB02586,A2,0.01,0
OB10789,B2,0.06,0
OB02661,A2,0.01,0
OB04969,A3,0.02,0
OB15055,C1,0.16,0
OB12721,B2,0.06,0
OB10856,B2,0.06,0
OB08130,B1,0.035,0
OB10546,B2,0.06,0
OB15344,C1,0.16,0
OB14301,B3,0.1,0
OB01729,A1,0.005,0
OB07329,B1,0.035,0
OB00804,A1,0.005,0
OB08556,B1,0.035,0
OB01090,A1,0.005,0
OB03135,A2,0.01,0
OB07065,A3,0.02,0
OB00961,A1,0.005,0
OB01374,A1,0.005,0
OB13557,B3,0.1,0
OB06951,A3,0.02,0
OB05694,A3,0.02,0
OB00148,A1,0.005,0
OB07189,A3,0.02,0
OB11145,B2,0.06,0
OB07199,A3,0.02,0
OB03311,A2,0.01,0
OB10452,B2,0.06,0
OB02591,A2,0.01,0
OB11444,B2,0.06,0
OB06476,A3,0.02,0
OB11882,B2,0.06,0
OB00260,A1,0.005,0
OB02123,A2,0.01,0
OB12787,B2,0.06,0
OB13196,B3,0.1,0
OB14160,B3,0.1,0
OB15148,C1,0.16,1
OB10959,B2,0.06,0
OB03272,A2,0.01,0
OB02377,A2,0.01,0
OB01115,A1,0.005,0
OB03659,A2,0.01,0
OB15360,C1,0.16,1
OB07788,B1,0.035,0
OB06339,A3,0.02,0
OB05388,A3,0.02,0
OB13107,B3,0.1,1
OB01816,A2,0.01,0
OB05532,A3,0.02,0
OB02861,A2,0.01,0
OB12742,B2,0.06,0
OB00041,A1,0.005,0
OB07233,B1,0.035,0
OB10515,B2,0.06,0
OB14401,B3,0.1,0
OB05870,A3,0.02,0
OB00779,A1,0.005,0
OB06098,A3,0.02,0
OB14120,B3,0.1,0
OB05706,A3,0.02,0
OB14050,B3,0.1,0
OB08789,B1,0.035,0
OB06931,A3,0.02,0
OB00837,A1,0.005,0
OB02513,A2,0.01,0
OB03920,A2,0.01,0
OB03519,A2,0.01,0
OB07468,B1,0.035,0
OB14926,C1,0.16,0
OB00905,A1,0.005,0
OB09908,B1,0.035,0
OB13037,B3,0.1,0
OB09127,B1,0.035,0
OB03230,A2,0.01,0
OB03501,A2,0.01,0
OB11890,B2,0.06,0
OB04387,A3,0.02,0
OB15439,C2,0.25,0
OB13685,B3,0.1,0
OB11051,B2,0.06,0
OB06044,A3,0.02,0
OB08721,B1,0.035,0
OB10661,B2,0.06,0
OB04591,A3,0.02,0
OB13947,B3,0.1,0
OB08319,B1,0.035,0
OB03108,A2,0.01,0
OB02180,A2,0.01,0
OB16100,C3,0.38,0
OB13828,B3,0.1,0
OB04307,A3,0.02,0
OB02218,A2,0.01,0
OB12447,B2,0.06,0
OB13939,B3,0.1,0
OB12859,B2,0.06,0
OB14375,B3,0.1,0
OB05997,A3,0.02,0
OB08427,B1,0.035,0
OB04992,A3,0.02,0
OB10779,B2,0.06,0
OB00038,A1,0.005,0
OB07550,B1,0.035,0
OB08587,B1,0.035,0
OB04438,A3,0.02,0
OB06248,A3,0.02,0
OB15277,C1,0.16,0
OB01884,A2,0.01,0
OB01905,A2,0.01,0
OB12517,B2,0.06,0
OB03364,A2,0.01,0
OB12830,B2,0.06,0
OB06869,A3,0.02,0
OB05442,A3,0.02,0
OB04087,A2,0.01,0
OB08171,B1,0.035,0
OB05432,A3,0.02,0
OB14754,C1,0.16,0
OB04472,A3,0.02,0
OB13255,B3,0.1,0
OB04237,A3,0.02,0
OB15713,C2,0.25,0
OB16121,C3,0.38,1
OB03036,A2,0.01,0
OB01234,A1,0.005,0
OB08118,B1,0.035,0
OB06526,A3,0.02,0
OB14570,C1,0.16,0
OB01110,A1,0.005,0
OB00932,A1,0.005,0
OB07382,B1,0.035,0
OB15953,C3,0.38,0
OB07660,B1,0.035,0
OB15480,C2,0.25,1
OB08935,B1,0.035,0
OB12543,B2,0.06,0
OB01280,A1,0.005,0
OB11641,B2,0.06,0
OB06209,A3,0.02,0
OB07715,B1,0.035,0
OB08096,B1,0.035,0
OB15517,C2,0.25,0
OB08730,B1,0.035,0
OB04981,A3,0.02,0
OB12679,B2,0.06,0
OB00087,A1,0.005,0
OB04380,A3,0.02,0
OB15099,C1,0.16,1
OB09652,B1,0.035,0
OB14521,C1,0.16,0
OB00976,A1,0.005,0
OB02706,A2,0.01,0
OB10312,B1,0.035,0
OB05831,A3,0.02,0
OB03589,A2,0.01,0
OB09926,B1,0.035,0
OB11332,B2,0.06,0
OB06776,A3,0.02,0
OB03246,A2,0.01,0
OB11712,B2,0.06,0
OB12993,B2,0.06,0
OB13426,B3,0.1,0
OB01191,A1,0.005,0
OB00514,A1,0.005,0
OB02774,A2,0.01,0
OB02867,A2,0.01,0
OB09497,B1,0.035,0
OB15049,C1,0.16,0
OB10426,B2,0.06,0
OB07416,B1,0.035,0
OB10033,B1,0.035,0
OB13193,B3,0.1,0
OB00405,A1,0.005,0
OB08200,B1,0.035,0
OB01491,A1,0.005,0
OB10180,B1,0.035,0
OB01907,A2,0.01,0
OB12911,B2,0.06,0
OB09519,B1,0.035,0
OB14564,C1,0.16,0
OB05469,A3,0.02,0
OB12118,B2,0.06,0
OB09224,B1,0.035,0
OB09515,B1,0.035,0
OB14074,B3,0.1,0
OB00726,A1,0.005,0
OB03464,A2,0.01,0
OB13613,B3,0.1,0
OB15773,C2,0.25,1
OB03318,A2,0.01,0
OB08951,B1,0.035,0
OB03395,A2,0.01,0
OB08714,B1,0.035,0
OB11730,B2,0.06,0
OB06321,A3,0.02,0
OB01936,A2,0.01,0
OB06370,A3,0.02,0
OB02777,A2,0.01,0
OB01724,A1,0.005,0
OB09577,B1,0.035,0
OB05516,A3,0.02,0
OB10887,B2,0.06,0
OB12255,B2,0.06,0
OB12386,B2,0.06,0
OB14099,B3,0.1,0
OB06305,A3,0.02,0
OB15056,C1,0.16,0
OB09081,B1,0.035,0
OB03092,A2,0.01,0
OB06983,A3,0.02,0
OB05650,A3,0.02,0
OB13552,B3,0.1,0
OB06813,A3,0.02,0
OB11604,B2,0.06,0
OB03852,A2,0.01,0
OB13896,B3,0.1,0
OB02913,A2,0.01,0
OB07488,B1,0.035,0
OB01197,A1,0.005,0
OB08265,B1,0.035,0
OB01221,A1,0.005,0
OB03975,A2,0.01,0
OB03287,A2,0.01,0
OB09185,B1,0.035,0
OB12152,B2,0.06,0
OB11560,B2,0.06,0
OB03988,A2,0.01,0
OB08352,B1,0.035,0
OB09957,B1,0.035,0
OB01917,A2,0.01,0
OB09091,B1,0.035,0
OB01876,A2,0.01,0
OB00803,A1,0.005,0
OB14014,B3,0.1,0
OB06870,A3,0.02,0
OB13777,B3,0.1,0
OB06308,A3,0.02,0
OB13258,B3,0.1,0
OB02189,A2,0.01,0
OB04258,A3,0.02,0
OB11728,B2,0.06,0
OB12740,B2,0.06,0
OB08766,B1,0.035,0
OB06290,A3,0.02,0
OB02701,A2,0.01,0
OB11092,B2,0.06,0
OB06580,A3,0.02,0
OB09174,B1,0.035,0
OB01474,A1,0.005,0
OB04058,A2,0.01,0
OB04267,A3,0.02,0
OB03080,A2,0.01,0
OB15971,C3,0.38,1
OB02828,A2,0.01,0
OB07642,B1,0.035,0
OB02806,A2,0.01,0
OB08498,B1,0.035,0
OB05656,A3,0.02,0
OB04578,A3,0.02,0
OB07834,B1,0.035,0
OB15356,C1,0.16,0
OB01263,A1,0.005,0
OB03188,A2,0.01,0
OB01196,A1,0.005,0
OB04516,A3,0.02,0
OB02074,A2,0.01,0
OB06006,A3,0.02,0
OB00977,A1,0.005,0
OB10179,B1,0.035,0
OB14983,C1,0.16,0
OB09418,B1,0.035,0
OB12734,B2,0.06,0
OB10056,B1,0.035,0
OB06532,A3,0.02,0
OB11734,B2,0.06,1
OB00084,A1,0.005,0
OB01918,A2,0.01,0
OB11692,B2,0.06,0
OB13711,B3,0.1,0
OB13795,B3,0.1,0
OB04985,A3,0.02,0
OB03443,A2,0.01,0
OB08783,B1,0.035,0
OB13416,B3,0.1,0
OB10181,B1,0.035,0
OB02563,A2,0.01,0
OB03225,A2,0.01,0
OB01413,A1,0.005,0
OB14577,C1,0.16,0
OB09018,B1,0.035,0
OB12662,B2,0.06,0
OB10047,B1,0.035,0
OB15095,C1,0.16,0
OB03252,A2,0.01,0
OB03788,A2,0.01,0
OB11615,B2,0.06,0
OB13953,B3,0.1,0
OB04085,A2,0.01,0
OB12075,B2,0.06,0
OB03283,A2,0.01,0
OB07247,B1,0.035,0
OB15943,C3,0.38,1
OB09257,B1,0.035,0
OB13790,B3,0.1,0
OB10770,B2,0.06,1
OB10645,B2,0.06,0
OB15671,C2,0.25,0
OB05765,A3,0.02,0
OB14073,B3,0.1,0
OB05214,A3,0.02,0
OB15824,C2,0.25,1
OB02693,A2,0.01,0
OB10138,B1,0.035,0
OB00967,A1,0.005,0
OB09751,B1,0.035,0
OB15132,C1,0.16,1
OB01173,A1,0.005,0
OB15509,C2,0.25,0
OB14709,C1,0.16,0
OB10923,B2,0.06,0
OB14159,B3,0.1,0
OB13929,B3,0.1,0
OB15453,C2,0.25,1
OB12820,B2,0.06,0
OB03715,A2,0.01,0
OB14724,C1,0.16,1
OB14878,C1,0.16,0
OB02751,A2,0.01,0
OB08030,B1,0.035,0
OB07177,A3,0.02,0
OB12068,B2,0.06,1
OB11894,B2,0.06,0
OB04489,A3,0.02,0
OB02106,A2,0.01,0
OB15239,C1,0.16,1
OB00421,A1,0.005,0
OB05646,A3,0.02,0
OB12300,B2,0.06,0
OB09987,B1,0.035,0
OB12996,B2,0.06,0
OB13843,B3,0.1,0
OB10512,B2,0.06,0
OB11022,B2,0.06,0
OB09287,B1,0.035,0
OB04424,A3,0.02,0
OB13833,B3,0.1,0
OB10434,B2,0.06,0
OB16052,C3,0.38,0
OB01726,A1,0.005,0
OB07240,B1,0.035,0
OB07894,B1,0.035,0
OB13229,B3,0.1,0
OB06756,A3,0.02,0
OB00748,A1,0.005,0
OB16130,C3,0.38,0
OB05175,A3,0.02,0
OB01232,A1,0.005,0
OB12639,B2,0.06,0
OB03229,A2,0.01,0
OB05356,A3,0.02,0
OB08657,B1,0.035,0
OB01423,A1,0.005,0
OB00294,A1,0.005,0
OB04692,A3,0.02,0
OB09161,B1,0.035,0
OB10039,B1,0.035,0
OB00061,A1,0.005,0
OB07840,B1,0.035,0
OB01389,A1,0.005,0
OB00712,A1,0.005,0
OB12715,B2,0.06,0
OB14000,B3,0.1,0
OB11938,B2,0.06,0
OB11901,B2,0.06,0
OB02037,A2,0.01,0
OB09493,B1,0.035,0
OB10905,B2,0.06,0
OB02984,A2,0.01,0
OB02394,A2,0.01,0
OB13028,B3,0.1,0
OB10021,B1,0.035,0
OB03474,A2,0.01,0
OB13948,B3,0.1,0
OB10189,B1,0.035,0
OB00268,A1,0.005,0
OB03634,A2,0.01,0
OB14550,C1,0.16,0
OB00119,A1,0.005,0
OB08052,B1,0.035,0
OB08340,B1,0.035,0
OB13593,B3,0.1,0
OB08137,B1,0.035,0
OB09971,B1,0.035,0
OB03729,A2,0.01,0
OB02977,A2,0.01,0
OB10218,B1,0.035,0
OB12902,B2,0.06,0
OB12978,B2,0.06,0
OB03955,A2,0.01,0
OB15596,C2,0.25,1
OB10631,B2,0.06,0
OB13283,B3,0.1,0
OB00139,A1,0.005,0
OB02916,A2,0.01,0
OB02672,A2,0.01,0
OB07761,B1,0.035,0
OB06598,A3,0.02,0
OB12919,B2,0.06,0
OB09297,B1,0.035,0
OB05841,A3,0.02,0
OB04521,A3,0.02,0
OB05790,A3,0.02,0
OB15963,C3,0.38,1
OB10891,B2,0.06,0
OB04151,A2,0.01,0
OB14407,B3,0.1,0
OB03530,A2,0.01,0
OB09640,B1,0.035,0
OB03822,A2,0.01,0
OB12233,B2,0.06,0
OB02871,A2,0.01,0
OB12481,B2,0.06,0
OB07669,B1,0.035,0
OB15191,C1,0.16,0
OB02625,A2,0.01,0
OB02532,A2,0.01,0
OB10416,B2,0.06,0
OB10838,B2,0.06,0
OB09489,B1,0.035,0
OB02942,A2,0.01,0
OB09082,B1,0.035,0
OB00090,A1,0.005,0
OB13389,B3,0.1,0
OB07884,B1,0.035,0
OB12557,B2,0.06,0
OB14246,B3,0.1,0
OB07886,B1,0.035,0
OB15926,C3,0.38,0
OB13414,B3,0.1,0
OB13940,B3,0.1,0
OB05260,A3,0.02,0
OB02230,A2,0.01,0
OB05311,A3,0.02,0
OB04482,A3,0.02,0
OB02551,A2,0.01,0
OB07004,A3,0.02,0
OB07760,B1,0.035,0
OB15539,C2,0.25,1
OB04599,A3,0.02,0
OB12062,B2,0.06,0
OB06429,A3,0.02,0
OB13360,B3,0.1,0
OB12248,B2,0.06,0
OB01397,A1,0.005,0
OB03803,A2,0.01,0
OB04669,A3,0.02,0
OB10972,B2,0.06,0
OB01926,A2,0.01,0
OB12163,B2,0.06,0
OB00245,A1,0.005,0
OB12213,B2,0.06,0
OB07385,B1,0.035,0
OB14185,B3,0.1,0
OB00952,A1,0.005,0
OB13394,B3,0.1,0
OB11467,B2,0.06,0
OB11163,B2,0.06,1
OB01038,A1,0.005,0
OB14193,B3,0.1,1
OB14744,C1,0.16,0
OB06683,A3,0.02,0
OB09367,B1,0.035,0
OB11640,B2,0.06,0
OB02979,A2,0.01,0
OB08882,B1,0.035,0
OB06037,A3,0.02,0
OB01751,A1,0.005,0
OB03002,A2,0.01,0
OB02371,A2,0.01,0
OB07203,B1,0.035,0
OB05515,A3,0.02,0
OB04729,A3,0.02,0
OB07358,B1,0.035,0
OB12791,B2,0.06,0
OB05254,A3,0.02,0
OB02152,A2,0.01,0
OB13637,B3,0.1,1
OB02005,A2,0.01,0
OB14404,B3,0.1,0
OB15868,C2,0.25,0
OB07512,B1,0.035,0
OB00103,A1,0.005,0
OB11839,B2,0.06,0
OB01653,A1,0.005,0
OB04966,A3,0.02,0
OB04501,A3,0.02,0
OB09065,B1,0.035,0
OB11527,B2,0.06,0
OB09192,B1,0.035,0
OB05248,A3,0.02,0
OB13279,B3,0.1,0
OB06480,A3,0.02,0
OB00651,A1,0.005,0
OB08415,B1,0.035,0
OB14677,C1,0.16,1
OB13742,B3,0.1,0
OB06545,A3,0.02,0
OB04668,A3,0.02,0
OB11883,B2,0.06,0
OB12471,B2,0.06,0
OB03834,A2,0.01,0
OB04318,A3,0.02,0
OB06104,A3,0.02,0
OB11327,B2,0.06,0
OB06236,A3,0.02,0
OB01300,A1,0.005,0
OB03189,A2,0.01,0
OB14151,B3,0.1,0
OB00118,A1,0.005,0
OB05004,A3,0.02,0
OB09296,B1,0.035,0
OB10732,B2,0.06,0
OB08737,B1,0.035,0
OB03631,A2,0.01,0
OB00445,A1,0.005,0
OB01822,A2,0.01,0
OB09827,B1,0.035,0
OB12316,B2,0.06,0
OB13624,B3,0.1,0
OB02654,A2,0.01,0
OB05477,A3,0.02,0
OB10025,B1,0.035,0
OB01133,A1,0.005,0
OB11112,B2,0.06,0
OB03973,A2,0.01,0
OB03281,A2,0.01,0
OB14802,C1,0.16,0
OB03070,A2,0.01,0
OB09348,B1,0.035,0
OB11263,B2,0.06,0
OB03962,A2,0.01,0
OB13444,B3,0.1,0
OB04248,A3,0.02,0
OB04483,A3,0.02,0
OB03691,A2,0.01,0
OB02891,A2,0.01,0
OB09124,B1,0.035,0
OB06922,A3,0.02,0
OB09358,B1,0.035,1
OB03470,A2,0.01,0
OB04813,A3,0.02,0
OB08111,B1,0.035,0
OB12310,B2,0.06,1
OB04710,A3,0.02,0
OB04803,A3,0.02,0
OB03245,A2,0.01,0
OB05032,A3,0.02,0
OB12562,B2,0.06,0
OB11541,B2,0.06,0
OB16187,C3,0.38,1
OB03086,A2,0.01,0
OB12621,B2,0.06,0
OB16111,C3,0.38,0
OB15816,C2,0.25,0
OB12982,B2,0.06,0
OB00759,A1,0.005,0
OB14064,B3,0.1,1
OB15502,C2,0.25,0
OB05856,A3,0.02,0
OB04154,A2,0.01,0
OB10797,B2,0.06,0
OB00163,A1,0.005,0
OB07812,B1,0.035,0
OB12339,B2,0.06,0
OB02584,A2,0.01,0
OB01636,A1,0.005,0
OB15518,C2,0.25,0
OB10594,B2,0.06,1
OB04364,A3,0.02,0
OB07966,B1,0.035,0
OB05444,A3,0.02,0
OB08146,B1,0.035,0
OB00742,A1,0.005,0
OB00025,A1,0.005,0
OB08860,B1,0.035,0
OB01684,A1,0.005,0
OB08936,B1,0.035,0
OB10164,B1,0.035,0
OB02750,A2,0.01,0
OB09800,B1,0.035,0
OB01975,A2,0.01,0
OB13690,B3,0.1,0
OB02040,A2,0.01,0
OB12143,B2,0.06,0
OB02681,A2,0.01,0
OB12501,B2,0.06,0
OB01051,A1,0.005,0
OB08573,B1,0.035,0
OB14471,B3,0.1,0
OB05418,A3,0.02,0
OB08884,B1,0.035,0
OB11727,B2,0.06,1
OB08613,B1,0.035,0
OB11352,B2,0.06,0
OB10497,B2,0.06,0
OB11353,B2,0.06,0
OB14012,B3,0.1,1
OB11024,B2,0.06,0
OB10479,B2,0.06,0
OB11558,B2,0.06,0
OB10609,B2,0.06,0
OB09480,B1,0.035,0
OB00422,A1,0.005,0
OB09314,B1,0.035,0
OB00698,A1,0.005,0
OB08692,B1,0.035,0
OB08177,B1,0.035,0
OB10568,B2,0.06,0
OB10944,B2,0.06,0
OB00067,A1,0.005,0
OB01769,A1,0.005,0
OB13864,B3,0.1,0
OB15485,C2,0.25,0
OB11264,B2,0.06,0
OB04313,A3,0.02,0
OB06781,A3,0.02,0
OB06210,A3,0.02,0
OB05454,A3,0.02,0
OB05329,A3,0.02,0
OB09189,B1,0.035,0
OB07220,B1,0.035,0
OB12984,B2,0.06,0
OB12546,B2,0.06,1
OB13542,B3,0.1,1
OB02349,A2,0.01,0
OB01149,A1,0.005,0
OB09803,B1,0.035,0
OB06637,A3,0.02,0
OB12840,B2,0.06,0
OB13111,B3,0.1,0
OB03047,A2,0.01,0
OB15651,C2,0.25,0
OB01625,A1,0.005,0
OB00963,A1,0.005,0
OB10653,B2,0.06,0
OB06741,A3,0.02,0
OB09136,B1,0.035,0
OB04054,A2,0.01,0
OB07737,B1,0.035,0
OB13772,B3,0.1,0
OB00683,A1,0.005,0
OB11254,B2,0.06,0
OB10132,B1,0.035,0
OB07932,B1,0.035,0
OB15206,C1,0.16,0
OB05081,A3,0.02,0
OB10159,B1,0.035,0
OB00193,A1,0.005,0
OB08390,B1,0.035,0
OB07551,B1,0.035,0
OB07668,B1,0.035,0
OB01994,A2,0.01,0
OB08109,B1,0.035,0
OB00399,A1,0.005,0
OB12247,B2,0.06,0
OB01268,A1,0.005,0
OB06916,A3,0.02,0
OB08227,B1,0.035,0
OB04293,A3,0.02,0
OB02140,A2,0.01,0
OB14642,C1,0.16,0
OB04094,A2,0.01,0
OB11260,B2,0.06,0
OB05692,A3,0.02,0
OB05996,A3,0.02,0
OB15014,C1,0.16,0
OB13431,B3,0.1,0
OB11001,B2,0.06,0
OB14641,C1,0.16,1
OB05090,A3,0.02,0
OB10204,B1,0.035,0
OB05693,A3,0.02,0
OB10805,B2,0.06,0
OB14663,C1,0.16,0
OB10205,B1,0.035,0
OB13356,B3,0.1,0
OB12439,B2,0.06,0
OB11116,B2,0.06,0
OB10915,B2,0.06,1
OB16101,C3,0.38,1
OB06866,A3,0.02,0
OB06894,A3,0.02,0
OB02483,A2,0.01,0
OB13514,B3,0.1,0
OB09207,B1,0.035,0
OB02546,A2,0.01,0
OB01146,A1,0.005,0
OB06527,A3,0.02,0
OB15315,C1,0.16,0
OB02650,A2,0.01,0
OB14557,C1,0.16,0
OB15648,C2,0.25,0
OB13069,B3,0.1,0
OB02193,A2,0.01,0
OB08192,B1,0.035,0
OB09130,B1,0.035,0
OB14585,C1,0.16,0
OB02254,A2,0.01,0
OB00941,A1,0.005,0
OB08915,B1,0.035,0
OB10131,B1,0.035,0
OB10372,B1,0.035,0
OB14384,B3,0.1,0
OB05076,A3,0.02,0
OB10228,B1,0.035,0
OB03339,A2,0.01,0
OB04343,A3,0.02,0
OB07841,B1,0.035,0
OB02912,A2,0.01,0
OB01947,A2,0.01,0
OB07671,B1,0.035,0
OB03629,A2,0.01,0
OB15977,C3,0.38,0
OB15756,C2,0.25,1
OB14443,B3,0.1,0
OB03873,A2,0.01,0
OB14892,C1,0.16,0
OB12725,B2,0.06,0
OB00117,A1,0.005,0
OB07617,B1,0.035,0
OB02166,A2,0.01,0
OB12006,B2,0.06,0
OB01359,A1,0.005,0
OB13693,B3,0.1,1
OB11493,B2,0.06,0
OB00051,A1,0.005,0
OB04478,A3,0.02,0
OB15297,C1,0.16,0
OB09613,B1,0.035,0
OB14241,B3,0.1,0
OB01222,A1,0.005,0
OB10837,B2,0.06,1
OB14396,B3,0.1,0
OB00825,A1,0.005,0
OB12757,B2,0.06,1
OB12027,B2,0.06,0
OB00439,A1,0.005,0
OB06443,A3,0.02,0
OB13366,B3,0.1,0
OB11591,B2,0.06,0
OB10299,B1,0.035,0
OB03598,A2,0.01,0
OB15477,C2,0.25,0
OB15281,C1,0.16,0
OB04411,A3,0.02,0
OB03211,A2,0.01,0
OB09852,B1,0.035,0
OB05056,A3,0.02,0
OB00666,A1,0.005,0
OB10213,B1,0.035,0
OB09865,B1,0.035,0
OB07365,B1,0.035,0
OB14117,B3,0.1,1
OB10439,B2,0.06,0
OB15551,C2,0.25,0
OB10766,B2,0.06,0
OB13886,B3,0.1,0
OB13854,B3,0.1,0
OB05672,A3,0.02,0
OB11414,B2,0.06,1
OB13382,B3,0.1,0
OB13958,B3,0.1,0
OB09628,B1,0.035,0
OB00508,A1,0.005,0
OB05594,A3,0.02,0
OB11253,B2,0.06,0
OB09282,B1,0.035,0
OB04709,A3,0.02,0
OB15350,C1,0.16,0
OB07555,B1,0.035,0
OB02460,A2,0.01,0
OB08883,B1,0.035,0
OB05148,A3,0.02,0
OB01601,A1,0.005,0
OB02415,A2,0.01,0
OB15879,C2,0.25,0
OB09990,B1,0.035,0
OB11012,B2,0.06,0
OB13553,B3,0.1,0
OB12347,B2,0.06,0
OB10386,B1,0.035,0
OB14093,B3,0.1,0
OB01505,A1,0.005,0
OB14556,C1,0.16,0
OB12652,B2,0.06,0
OB13597,B3,0.1,0
OB10472,B2,0.06,0
OB05339,A3,0.02,0
OB03074,A2,0.01,0
OB09839,B1,0.035,0
OB04660,A3,0.02,0
OB08680,B1,0.035,0
OB05253,A3,0.02,0
OB15044,C1,0.16,0
OB07155,A3,0.02,0
OB15809,C2,0.25,0
OB09064,B1,0.035,0
OB14991,C1,0.16,0
OB05690,A3,0.02,0
OB11966,B2,0.06,0
OB06972,A3,0.02,0
OB16089,C3,0.38,0
OB10481,B2,0.06,0
OB10882,B2,0.06,0
OB10081,B1,0.035,0
OB01448,A1,0.005,0
OB08235,B1,0.035,0
OB07297,B1,0.035,0
OB00304,A1,0.005,0
OB13035,B3,0.1,0
OB11735,B2,0.06,0
OB14349,B3,0.1,0
OB11804,B2,0.06,0
OB09599,B1,0.035,0
OB15382,C1,0.16,0
OB01122,A1,0.005,0
OB06274,A3,0.02,0
OB01082,A1,0.005,0
OB13316,B3,0.1,0
OB04739,A3,0.02,0
OB14615,C1,0.16,0
OB12909,B2,0.06,0
OB09250,B1,0.035,0
OB12637,B2,0.06,0
OB05901,A3,0.02,0
OB12745,B2,0.06,0
OB03238,A2,0.01,0
OB04091,A2,0.01,0
OB05271,A3,0.02,0
OB10978,B2,0.06,0
OB07502,B1,0.035,0
OB07158,A3,0.02,0
OB11319,B2,0.06,0
OB10940,B2,0.06,0
OB11018,B2,0.06,0
OB16126,C3,0.38,1
OB05343,A3,0.02,0
OB12114,B2,0.06,0
OB03101,A2,0.01,0
OB07984,B1,0.035,0
OB15874,C2,0.25,0
OB11994,B2,0.06,0
OB09009,B1,0.035,0
OB03584,A2,0.01,0
OB02931,A2,0.01,0
OB02408,A2,0.01,0
OB12647,B2,0.06,0
OB07346,B1,0.035,0
OB14919,C1,0.16,0
OB06030,A3,0.02,0
OB03029,A2,0.01,0
OB14726,C1,0.16,0
OB07557,B1,0.035,0
OB08330,B1,0.035,0
OB13706,B3,0.1,0
OB13411,B3,0.1,1
OB06810,A3,0.02,0
OB05883,A3,0.02,0
OB00122,A1,0.005,0
OB01541,A1,0.005,0
OB11872,B2,0.06,0
OB12004,B2,0.06,0
OB08283,B1,0.035,0
OB10889,B2,0.06,0
OB01478,A1,0.005,0
OB14620,C1,0.16,0
OB07936,B1,0.035,0
OB00354,A1,0.005,0
OB06372,A3,0.02,0
OB11153,B2,0.06,0
OB12089,B2,0.06,0
OB06559,A3,0.02,0
OB04292,A3,0.02,0
OB01561,A1,0.005,0
OB05391,A3,0.02,0
OB07486,B1,0.035,0
OB15871,C2,0.25,0
OB06796,A3,0.02,0
OB01974,A2,0.01,0
OB12513,B2,0.06,0
OB09188,B1,0.035,0
OB15260,C1,0.16,0
OB04685,A3,0.02,0
OB04515,A3,0.02,0
OB02158,A2,0.01,0
OB03348,A2,0.01,0
OB00467,A1,0.005,0
OB07244,B1,0.035,0
OB06644,A3,0.02,0
OB02295,A2,0.01,0
OB02919,A2,0.01,1
OB14425,B3,0.1,0
OB03923,A2,0.01,0
OB06547,A3,0.02,0
OB13276,B3,0.1,0
OB00560,A1,0.005,0
OB02329,A2,0.01,0
OB15368,C1,0.16,0
OB01459,A1,0.005,0
OB11555,B2,0.06,0
OB06459,A3,0.02,0
OB00151,A1,0.005,0
OB11084,B2,0.06,0
OB07405,B1,0.035,0
OB01334,A1,0.005,0
OB15474,C2,0.25,1
OB16009,C3,0.38,0
OB03818,A2,0.01,0
OB10681,B2,0.06,0
OB08756,B1,0.035,1
OB13198,B3,0.1,0
OB05503,A3,0.02,0
OB06262,A3,0.02,0
OB05153,A3,0.02,0
OB00685,A1,0.005,0
OB10229,B1,0.035,0
OB12595,B2,0.06,0
OB00902,A1,0.005,0
OB10263,B1,0.035,1
OB12438,B2,0.06,0
OB09896,B1,0.035,0
OB03113,A2,0.01,0
OB15595,C2,0.25,1
OB02480,A2,0.01,0
OB02038,A2,0.01,0
OB07858,B1,0.035,0
OB13994,B3,0.1,0
OB10383,B1,0.035,0
OB02347,A2,0.01,0
OB05313,A3,0.02,0
OB09393,B1,0.035,0
OB12731,B2,0.06,0
OB14586,C1,0.16,0
OB00390,A1,0.005,0
OB12198,B2,0.06,0
OB10034,B1,0.035,0
OB07929,B1,0.035,0
OB07613,B1,0.035,0
OB10727,B2,0.06,0
OB09780,B1,0.035,0
OB01109,A1,0.005,0
OB06383,A3,0.02,0
OB01655,A1,0.005,0
OB12892,B2,0.06,0
OB01925,A2,0.01,0
OB03419,A2,0.01,0
OB01438,A1,0.005,0
OB05451,A3,0.02,0
OB02336,A2,0.01,0
OB08106,B1,0.035,0
OB11268,B2,0.06,0
OB07950,B1,0.035,0
OB15097,C1,0.16,0
OB15575,C2,0.25,0
OB00646,A1,0.005,0
OB09649,B1,0.035,0
OB04968,A3,0.02,0
OB12127,B2,0.06,0
OB13027,B3,0.1,0
OB12384,B2,0.06,0
OB02345,A2,0.01,0
OB05195,A3,0.02,0
OB04983,A3,0.02,0
OB06560,A3,0.02,0
OB12873,B2,0.06,0
OB05249,A3,0.02,0
OB11695,B2,0.06,0
OB16046,C3,0.38,0
OB06219,A3,0.02,0
OB12884,B2,0.06,0
OB06465,A3,0.02,0
OB03825,A2,0.01,0
OB04336,A3,0.02,0
OB10710,B2,0.06,0
OB15017,C1,0.16,0
OB14847,C1,0.16,1
OB14875,C1,0.16,0
OB12385,B2,0.06,0
OB13471,B3,0.1,0
OB02640,A2,0.01,0
OB14733,C1,0.16,1
OB03979,A2,0.01,0
OB10553,B2,0.06,0
OB10162,B1,0.035,0
OB03405,A2,0.01,0
OB11838,B2,0.06,0
OB01380,A1,0.005,0
OB13890,B3,0.1,1
OB09995,B1,0.035,0
OB03991,A2,0.01,0
OB16037,C3,0.38,0
OB08503,B1,0.035,0
OB06946,A3,0.02,0
OB12382,B2,0.06,0
OB10792,B2,0.06,0
OB13052,B3,0.1,0
OB09972,B1,0.035,1
OB02845,A2,0.01,0
OB12282,B2,0.06,0
OB01642,A1,0.005,0
OB15075,C1,0.16,0
OB07275,B1,0.035,0
OB01099,A1,0.005,0
OB12028,B2,0.06,0
OB04265,A3,0.02,0
OB01304,A1,0.005,0
OB15219,C1,0.16,1
OB06672,A3,0.02,0
OB07029,A3,0.02,0
OB08606,B1,0.035,0
OB02653,A2,0.01,0
OB13840,B3,0.1,0
OB15927,C3,0.38,0
OB14426,B3,0.1,1
OB10576,B2,0.06,0
OB02834,A2,0.01,0
OB14411,B3,0.1,1
OB07498,B1,0.035,0
OB05753,A3,0.02,0
OB03206,A2,0.01,0
OB03910,A2,0.01,0
OB16053,C3,0.38,0
OB13510,B3,0.1,0
OB03068,A2,0.01,0
OB03656,A2,0.01,0
OB12672,B2,0.06,0
OB14250,B3,0.1,0
OB05227,A3,0.02,0
OB15806,C2,0.25,0
OB11471,B2,0.06,0
OB11271,B2,0.06,0
OB05726,A3,0.02,0
OB07957,B1,0.035,0
OB10183,B1,0.035,0
OB00396,A1,0.005,0
OB14929,C1,0.16,1
OB11594,B2,0.06,0
OB13299,B3,0.1,0
OB08073,B1,0.035,0
OB13686,B3,0.1,1
OB12126,B2,0.06,0
OB14676,C1,0.16,0
OB10491,B2,0.06,0
OB05143,A3,0.02,0
OB09059,B1,0.035,0
OB15177,C1,0.16,0
OB16109,C3,0.38,0
OB07050,A3,0.02,0
OB14170,B3,0.1,1
OB13459,B3,0.1,1
OB03144,A2,0.01,0
OB02554,A2,0.01,0
OB15487,C2,0.25,1
OB08436,B1,0.035,0
OB11049,B2,0.06,0
OB14356,B3,0.1,0
OB15931,C3,0.38,0
OB07450,B1,0.035,0
OB14419,B3,0.1,0
OB00252,A1,0.005,0
OB14516,C1,0.16,0
OB12573,B2,0.06,0
OB04748,A3,0.02,0
OB01136,A1,0.005,1
OB09362,B1,0.035,0
OB01009,A1,0.005,0
OB14103,B3,0.1,0
OB10799,B2,0.06,1
OB12610,B2,0.06,0
OB13743,B3,0.1,0
OB02043,A2,0.01,0
OB01495,A1,0.005,0
OB10859,B2,0.06,0
OB00707,A1,0.005,0
OB08120,B1,0.035,0
OB15974,C3,0.38,1
OB03763,A2,0.01,0
OB10617,B2,0.06,0
OB11450,B2,0.06,0
OB07381,B1,0.035,0
OB06325,A3,0.02,0
OB07436,B1,0.035,0
OB01247,A1,0.005,0
OB05685,A3,0.02,0
OB03889,A2,0.01,0
OB04592,A3,0.02,0
OB12102,B2,0.06,0
OB11328,B2,0.06,0
OB08696,B1,0.035,0
OB05865,A3,0.02,0
OB13076,B3,0.1,0
OB03847,A2,0.01,0
OB03345,A2,0.01,0
OB08579,B1,0.035,0
OB02234,A2,0.01,0
OB12038,B2,0.06,0
OB11666,B2,0.06,0
OB04662,A3,0.02,0
OB14572,C1,0.16,0
OB14543,C1,0.16,0
OB08741,B1,0.035,0
OB00847,A1,0.005,0
OB00187,A1,0.005,0
OB14639,C1,0.16,0
OB04093,A2,0.01,0
OB12685,B2,0.06,0
OB05512,A3,0.02,0
OB14869,C1,0.16,0
OB02010,A2,0.01,0
OB00022,A1,0.005,0
OB00612,A1,0.005,0
OB08206,B1,0.035,0
OB11739,B2,0.06,0
OB01973,A2,0.01,0
OB10483,B2,0.06,0
OB12505,B2,0.06,0
OB16020,C3,0.38,1
OB15564,C2,0.25,0
OB02024,A2,0.01,0
OB14276,B3,0.1,1
OB07910,B1,0.035,0
OB15158,C1,0.16,0
OB03522,A2,0.01,0
OB15052,C1,0.16,1
OB05324,A3,0.02,0
OB01080,A1,0.005,0
OB14679,C1,0.16,0
OB05000,A3,0.02,0
OB06912,A3,0.02,0
OB15895,C2,0.25,0
OB12470,B2,0.06,0
OB04415,A3,0.02,0
OB14944,C1,0.16,1
OB02903,A2,0.01,0
OB11546,B2,0.06,0
OB00926,A1,0.005,0
OB08397,B1,0.035,0
OB00192,A1,0.005,0
OB01477,A1,0.005,0
OB09769,B1,0.035,1
OB08090,B1,0.035,0
OB10913,B2,0.06,0
OB02755,A2,0.01,0
OB01585,A1,0.005,0
OB05294,A3,0.02,0
OB09627,B1,0.035,0
OB10251,B1,0.035,1
OB14116,B3,0.1,0
OB15899,C2,0.25,0
OB14045,B3,0.1,0
OB10210,B1,0.035,0
OB07124,A3,0.02,0
OB01393,A1,0.005,0
OB03791,A2,0.01,0
OB11904,B2,0.06,0
OB03534,A2,0.01,0
OB06555,A3,0.02,0
OB05989,A3,0.02,0
OB07299,B1,0.035,0
OB08500,B1,0.035,0
OB13861,B3,0.1,0
OB14864,C1,0.16,0
OB03908,A2,0.01,0
OB02754,A2,0.01,0
OB10899,B2,0.06,0
OB04454,A3,0.02,0
OB15170,C1,0.16,0
OB04870,A3,0.02,0
OB10407,B2,0.06,0
OB01883,A2,0.01,0
OB04199,A2,0.01,0
OB07709,B1,0.035,0
OB05733,A3,0.02,0
OB11851,B2,0.06,0
OB09237,B1,0.035,0
OB10642,B2,0.06,0
OB03179,A2,0.01,0
OB03436,A2,0.01,0
OB04547,A3,0.02,0
OB07463,B1,0.035,0
OB15680,C2,0.25,0
OB13554,B3,0.1,0
OB03572,A2,0.01,0
OB09310,B1,0.035,0
OB13168,B3,0.1,0
OB08453,B1,0.035,0
OB09094,B1,0.035,0
OB01203,A1,0.005,0
OB15090,C1,0.16,0
OB08719,B1,0.035,0
OB14265,B3,0.1,0
OB00565,A1,0.005,0
OB00956,A1,0.005,0
OB14044,B3,0.1,0
OB03079,A2,0.01,0
OB12848,B2,0.06,0
OB00959,A1,0.005,0
OB11301,B2,0.06,0
OB04785,A3,0.02,0
OB05777,A3,0.02,0
OB06971,A3,0.02,0
OB08245,B1,0.035,0
OB07653,B1,0.035,0
OB08767,B1,0.035,1
OB15250,C1,0.16,0
OB04925,A3,0.02,0
OB04957,A3,0.02,0
OB11825,B2,0.06,0
OB07600,B1,0.035,1
OB10700,B2,0.06,0
OB01170,A1,0.005,0
OB11391,B2,0.06,0
OB04220,A3,0.02,0
OB05768,A3,0.02,0
OB08273,B1,0.035,0
OB05217,A3,0.02,0
OB07495,B1,0.035,0
OB09502,B1,0.035,0
OB07951,B1,0.035,0
OB01652,A1,0.005,0
OB00752,A1,0.005,0
OB15774,C2,0.25,1
OB01772,A1,0.005,0
OB07070,A3,0.02,0
OB02018,A2,0.01,0
OB06635,A3,0.02,0
OB04670,A3,0.02,0
OB00413,A1,0.005,0
OB03726,A2,0.01,0
OB03415,A2,0.01,0
OB07635,B1,0.035,0
OB15866,C2,0.25,0
OB07372,B1,0.035,0
OB11396,B2,0.06,0
OB09747,B1,0.035,0
OB07305,B1,0.035,0
OB07774,B1,0.035,0
OB11525,B2,0.06,0
OB15009,C1,0.16,0
OB11377,B2,0.06,0
OB09436,B1,0.035,0
OB09272,B1,0.035,0
OB00792,A1,0.005,0
OB07570,B1,0.035,0
OB08131,B1,0.035,0
OB04632,A3,0.02,0
OB13127,B3,0.1,0
OB07082,A3,0.02,0
OB03819,A2,0.01,0
OB01037,A1,0.005,0
OB03850,A2,0.01,0
OB01774,A1,0.005,0
OB11184,B2,0.06,0
OB06837,A3,0.02,0
OB04007,A2,0.01,0
OB03434,A2,0.01,0
OB01163,A1,0.005,0
OB09138,B1,0.035,1
OB14413,B3,0.1,0
OB15415,C2,0.25,0
OB02305,A2,0.01,0
OB10069,B1,0.035,0
OB15769,C2,0.25,1
OB12635,B2,0.06,0
OB03454,A2,0.01,0
OB14817,C1,0.16,0
OB02301,A2,0.01,0
OB02206,A2,0.01,0
OB01880,A2,0.01,0
OB13717,B3,0.1,0
OB15901,C3,0.38,0
OB02099,A2,0.01,0
OB04844,A3,0.02,0
OB12061,B2,0.06,0
OB04143,A2,0.01,0
OB13722,B3,0.1,0
OB04627,A3,0.02,0
OB00326,A1,0.005,0
OB06245,A3,0.02,0
OB11663,B2,0.06,0
OB04749,A3,0.02,0
OB01387,A1,0.005,0
OB07879,B1,0.035,0
OB07518,B1,0.035,0
OB12190,B2,0.06,0
OB11314,B2,0.06,0
OB07277,B1,0.035,1
OB03733,A2,0.01,0
OB09300,B1,0.035,0
OB07096,A3,0.02,0
OB02315,A2,0.01,0
OB05788,A3,0.02,0
OB12063,B2,0.06,0
OB01303,A1,0.005,0
OB02243,A2,0.01,0
OB05592,A3,0.02,0
OB03389,A2,0.01,0
OB12766,B2,0.06,0
OB13398,B3,0.1,0
OB09857,B1,0.035,0
OB02340,A2,0.01,0
OB11303,B2,0.06,0
OB05784,A3,0.02,0
OB11619,B2,0.06,0
OB00497,A1,0.005,0
OB02009,A2,0.01,0
OB05812,A3,0.02,0
OB13373,B3,0.1,0
OB10919,B2,0.06,0
OB00937,A1,0.005,0
OB08107,B1,0.035,0
OB03762,A2,0.01,0
OB00112,A1,0.005,0
OB04398,A3,0.02,0
OB00375,A1,0.005,0
OB09131,B1,0.035,0
OB10798,B2,0.06,0
OB15089,C1,0.16,0
OB01343,A1,0.005,0
OB15693,C2,0.25,0
OB05764,A3,0.02,0
OB02474,A2,0.01,0
OB04010,A2,0.01,0
OB06907,A3,0.02,0
OB06816,A3,0.02,0
OB13668,B3,0.1,0
OB04766,A3,0.02,0
OB11995,B2,0.06,0
OB05967,A3,0.02,0
OB03811,A2,0.01,0
OB00603,A1,0.005,0
OB05998,A3,0.02,0
OB15236,C1,0.16,0
OB09043,B1,0.035,0
OB08457,B1,0.035,0
OB06088,A3,0.02,0
OB11571,B2,0.06,0
OB09180,B1,0.035,0
OB12604,B2,0.06,0
OB00091,A1,0.005,0
OB15051,C1,0.16,0
OB13497,B3,0.1,0
OB09521,B1,0.035,0
OB08316,B1,0.035,0
OB08175,B1,0.035,0
OB01135,A1,0.005,0
OB15322,C1,0.16,1
OB07313,B1,0.035,0
OB05208,A3,0.02,0
OB09474,B1,0.035,0
OB00284,A1,0.005,0
OB11639,B2,0.06,0
OB09936,B1,0.035,0
OB08650,B1,0.035,0
OB12125,B2,0.06,0
OB07764,B1,0.035,0
OB00701,A1,0.005,0
OB12619,B2,0.06,0
OB11625,B2,0.06,0
OB05190,A3,0.02,0
OB04020,A2,0.01,0
OB04146,A2,0.01,0
OB13469,B3,0.1,0
OB11470,B2,0.06,0
OB15701,C2,0.25,1
OB08995,B1,0.035,0
OB15179,C1,0.16,1
OB03397,A2,0.01,0
OB15363,C1,0.16,0
OB05721,A3,0.02,0
OB13949,B3,0.1,0
OB00170,A1,0.005,0
OB15738,C2,0.25,0
OB05541,A3,0.02,0
OB11397,B2,0.06,0
OB11888,B2,0.06,0
OB09873,B1,0.035,0
OB00679,A1,0.005,0
OB14351,B3,0.1,0
OB15936,C3,0.38,0
OB08801,B1,0.035,0
OB08826,B1,0.035,0
OB11601,B2,0.06,0
OB06229,A3,0.02,0
OB08182,B1,0.035,0
OB12299,B2,0.06,0
OB10381,B1,0.035,0
OB05161,A3,0.02,0
OB07598,B1,0.035,0
OB05846,A3,0.02,0
OB00434,A1,0.005,0
OB15091,C1,0.16,0
OB13244,B3,0.1,1
OB01484,A1,0.005,0
OB05728,A3,0.02,0
OB06956,A3,0.02,0
OB03582,A2,0.01,0
OB07775,B1,0.035,0
OB10230,B1,0.035,0
OB11340,B2,0.06,0
OB13442,B3,0.1,0
OB13568,B3,0.1,0
OB04538,A3,0.02,0
OB02967,A2,0.01,0
OB07097,A3,0.02,0
OB03000,A2,0.01,0
OB14457,B3,0.1,0
OB13086,B3,0.1,0
OB02127,A2,0.01,0
OB01424,A1,0.005,0
OB04437,A3,0.02,0
OB13913,B3,0.1,0
OB11786,B2,0.06,1
OB01691,A1,0.005,0
OB07987,B1,0.035,0
OB10619,B2,0.06,0
OB04913,A3,0.02,0
OB13327,B3,0.1,0
OB09481,B1,0.035,1
OB15418,C2,0.25,0
OB13374,B3,0.1,0
OB08385,B1,0.035,0
OB04269,A3,0.02,0
OB06230,A3,0.02,0
OB09483,B1,0.035,0
OB10356,B1,0.035,0
OB03514,A2,0.01,0
OB16167,C3,0.38,1
OB13571,B3,0.1,0
OB02395,A2,0.01,0
OB06137,A3,0.02,0
OB14456,B3,0.1,0
OB11220,B2,0.06,0
OB10096,B1,0.035,0
OB13001,B3,0.1,0
OB07181,A3,0.02,0
OB01820,A2,0.01,0
OB06307,A3,0.02,0
OB09459,B1,0.035,0
OB06238,A3,0.02,0
OB13083,B3,0.1,0
OB13446,B3,0.1,0
OB12992,B2,0.06,0
OB02689,A2,0.01,0
OB02823,A2,0.01,0
OB13048,B3,0.1,0
OB09631,B1,0.035,0
OB10327,B1,0.035,0
OB11869,B2,0.06,0
OB10109,B1,0.035,0
OB02169,A2,0.01,0
OB11707,B2,0.06,0
OB00811,A1,0.005,0
OB03172,A2,0.01,0
OB08441,B1,0.035,0
OB05486,A3,0.02,0
OB01996,A2,0.01,0
OB05138,A3,0.02,0
OB10549,B2,0.06,0
OB01384,A1,0.005,0
OB11486,B2,0.06,0
OB13079,B3,0.1,1
OB02262,A2,0.01,0
OB15619,C2,0.25,0
OB04251,A3,0.02,0
OB03945,A2,0.01,0
OB08640,B1,0.035,0
OB05165,A3,0.02,0
OB02840,A2,0.01,0
OB01150,A1,0.005,0
OB13415,B3,0.1,0
OB14011,B3,0.1,0
OB07307,B1,0.035,0
OB06636,A3,0.02,0
OB00305,A1,0.005,0
OB14514,C1,0.16,0
OB00102,A1,0.005,0
OB03360,A2,0.01,1
OB13590,B3,0.1,0
OB04600,A3,0.02,0
OB11566,B2,0.06,0
OB01040,A1,0.005,0
OB06700,A3,0.02,0
OB00299,A1,0.005,0
OB09391,B1,0.035,0
OB02568,A2,0.01,0
OB12269,B2,0.06,0
OB05925,A3,0.02,0
OB09033,B1,0.035,0
OB05459,A3,0.02,0
OB10811,B2,0.06,0
OB06923,A3,0.02,0
OB14343,B3,0.1,1
OB13906,B3,0.1,0
OB13100,B3,0.1,0
OB04959,A3,0.02,0
OB04497,A3,0.02,0
OB01382,A1,0.005,0
OB10652,B2,0.06,1
OB01856,A2,0.01,0
OB02775,A2,0.01,0
OB04568,A3,0.02,0
OB07076,A3,0.02,0
OB12566,B2,0.06,0
OB02499,A2,0.01,0
OB04447,A3,0.02,0
OB09646,B1,0.035,0
OB08452,B1,0.035,0
OB09295,B1,0.035,0
OB04799,A3,0.02,0
OB14025,B3,0.1,0
OB04998,A3,0.02,0
OB12655,B2,0.06,0
OB13914,B3,0.1,0
OB04995,A3,0.02,0
OB15810,C2,0.25,0
OB06183,A3,0.02,0
OB00166,A1,0.005,0
OB04641,A3,0.02,0
OB05850,A3,0.02,0
OB06319,A3,0.02,0
OB04916,A3,0.02,0
OB06647,A3,0.02,1
OB12178,B2,0.06,0
OB00026,A1,0.005,0
OB13543,B3,0.1,0
OB14608,C1,0.16,0
OB04250,A3,0.02,0
OB10567,B2,0.06,0
OB02065,A2,0.01,0
OB09446,B1,0.035,0
OB04663,A3,0.02,0
OB14945,C1,0.16,0
OB14715,C1,0.16,0
OB04705,A3,0.02,0
OB00824,A1,0.005,0
OB05568,A3,0.02,0
OB16073,C3,0.38,1
OB11900,B2,0.06,0
OB04934,A3,0.02,0
OB10231,B1,0.035,0
OB01746,A1,0.005,0
OB14636,C1,0.16,1
OB08775,B1,0.035,0
OB06417,A3,0.02,0
OB13732,B3,0.1,0
OB03668,A2,0.01,0
OB00635,A1,0.005,0
OB09989,B1,0.035,0
OB07458,B1,0.035,0
OB04328,A3,0.02,0
OB10977,B2,0.06,0
OB12620,B2,0.06,0
OB04937,A3,0.02,0
OB04136,A2,0.01,0
OB06987,A3,0.02,0
OB02585,A2,0.01,0
OB13588,B3,0.1,1
OB09449,B1,0.035,0
OB10418,B2,0.06,0
OB03491,A2,0.01,0
OB06421,A3,0.02,0
OB01156,A1,0.005,0
OB13567,B3,0.1,0
OB12076,B2,0.06,0
OB11262,B2,0.06,1
OB04386,A3,0.02,0
OB02571,A2,0.01,0
OB09699,B1,0.035,0
OB00727,A1,0.005,0
OB06446,A3,0.02,0
OB05496,A3,0.02,0
OB04883,A3,0.02,0
OB00047,A1,0.005,0
OB03296,A2,0.01,0
OB13675,B3,0.1,0
OB16191,C3,0.38,1
OB02533,A2,0.01,0
OB11840,B2,0.06,0
OB09739,B1,0.035,0
OB02616,A2,0.01,0
OB05293,A3,0.02,0
OB10785,B2,0.06,0
OB02934,A2,0.01,0
OB11223,B2,0.06,0
OB06710,A3,0.02,0
OB08320,B1,0.035,0
OB06285,A3,0.02,0
OB14480,B3,0.1,0
OB11799,B2,0.06,0
OB14098,B3,0.1,0
OB07918,B1,0.035,0
OB06938,A3,0.02,0
OB03369,A2,0.01,0
OB16144,C3,0.38,1
OB13311,B3,0.1,0
OB03709,A2,0.01,0
OB10725,B2,0.06,0
OB09104,B1,0.035,0
OB12752,B2,0.06,1
OB14917,C1,0.16,0
OB11296,B2,0.06,0
OB04539,A3,0.02,0
OB01323,A1,0.005,0
OB05024,A3,0.02,1
OB02120,A2,0.01,0
OB07169,A3,0.02,0
OB06915,A3,0.02,0
OB06801,A3,0.02,0
OB02829,A2,0.01,0
OB14619,C1,0.16,0
OB14607,C1,0.16,0
OB03555,A2,0.01,0
OB05468,A3,0.02,0
OB10511,B2,0.06,0
OB12498,B2,0.06,0
OB02198,A2,0.01,0
OB13765,B3,0.1,1
OB14268,B3,0.1,0
OB06129,A3,0.02,0
OB16180,C3,0.38,0
OB09801,B1,0.035,0
OB01794,A1,0.005,0
OB04614,A3,0.02,0
OB07978,B1,0.035,0
OB10804,B2,0.06,0
OB13092,B3,0.1,0
OB04187,A2,0.01,0
OB10841,B2,0.06,0
OB02016,A2,0.01,0
OB05946,A3,0.02,0
OB06876,A3,0.02,0
OB15220,C1,0.16,0
OB07859,B1,0.035,0
OB01250,A1,0.005,0
OB08910,B1,0.035,0
OB13012,B3,0.1,0
OB09991,B1,0.035,0
OB01396,A1,0.005,0
OB10531,B2,0.06,0
OB09647,B1,0.035,1
OB08831,B1,0.035,0
OB12475,B2,0.06,0
OB11577,B2,0.06,0
OB12000,B2,0.06,0
OB00800,A1,0.005,0
OB12760,B2,0.06,0
OB09431,B1,0.035,0
OB01930,A2,0.01,0
OB15443,C2,0.25,0
OB14612,C1,0.16,0
OB09007,B1,0.035,0
OB05597,A3,0.02,0
OB09692,B1,0.035,0
OB09716,B1,0.035,0
OB03748,A2,0.01,0
OB15763,C2,0.25,0
OB15364,C1,0.16,1
OB06240,A3,0.02,0
OB11637,B2,0.06,0
OB15077,C1,0.16,0
OB05616,A3,0.02,0
OB00775,A1,0.005,0
OB02721,A2,0.01,0
OB07695,B1,0.035,0
OB08254,B1,0.035,0
OB03723,A2,0.01,0
OB01562,A1,0.005,0
OB11548,B2,0.06,0
OB03331,A2,0.01,0
OB01567,A1,0.005,0
OB05803,A3,0.02,0
OB01013,A1,0.005,0
OB00801,A1,0.005,0
OB03776,A2,0.01,0
OB07705,B1,0.035,0
OB05915,A3,0.02,0
OB14467,B3,0.1,0
OB14088,B3,0.1,0
OB10143,B1,0.035,0
OB14852,C1,0.16,1
OB07735,B1,0.035,0
OB14894,C1,0.16,1
OB10828,B2,0.06,0
OB15700,C2,0.25,1
OB13324,B3,0.1,0
OB05425,A3,0.02,0
OB02238,A2,0.01,0
OB14774,C1,0.16,0
OB00687,A1,0.005,0
OB07355,B1,0.035,0
OB08294,B1,0.035,0
OB06576,A3,0.02,0
OB15282,C1,0.16,0
OB11700,B2,0.06,0
OB10236,B1,0.035,0
OB14980,C1,0.16,0
OB15331,C1,0.16,0
OB00095,A1,0.005,0
OB11670,B2,0.06,0
OB10448,B2,0.06,0
OB12369,B2,0.06,0
OB03865,A2,0.01,0
OB01318,A1,0.005,0
OB10908,B2,0.06,0
OB04810,A3,0.02,0
OB13868,B3,0.1,0
OB13628,B3,0.1,0
OB09176,B1,0.035,0
OB10534,B2,0.06,0
OB10800,B2,0.06,0
OB15975,C3,0.38,1
OB08807,B1,0.035,0
OB14164,B3,0.1,0
OB02264,A2,0.01,0
OB15921,C3,0.38,1
OB11146,B2,0.06,0
OB10000,B1,0.035,0
OB04329,A3,0.02,0
OB03858,A2,0.01,0
OB09983,B1,0.035,0
OB12405,B2,0.06,0
OB16077,C3,0.38,0
OB04737,A3,0.02,0
OB13166,B3,0.1,0
OB13918,B3,0.1,0
OB02046,A2,0.01,0
OB02442,A2,0.01,0
OB13719,B3,0.1,1
OB10596,B2,0.06,0
OB07693,B1,0.035,0
OB08158,B1,0.035,0
OB07547,B1,0.035,0
OB08443,B1,0.035,0
OB14111,B3,0.1,0
OB07826,B1,0.035,0
OB12184,B2,0.06,0
OB11385,B2,0.06,0
OB10954,B2,0.06,0
OB11052,B2,0.06,0
OB15761,C2,0.25,0
OB14354,B3,0.1,0
OB14874,C1,0.16,1
OB02773,A2,0.01,0
OB08291,B1,0.035,0
OB09113,B1,0.035,0
OB03836,A2,0.01,0
OB03586,A2,0.01,0
OB14675,C1,0.16,0
OB14437,B3,0.1,0
OB07325,B1,0.035,0
OB12326,B2,0.06,1
OB05377,A3,0.02,0
OB09587,B1,0.035,0
OB07043,A3,0.02,0
OB01383,A1,0.005,0
OB13865,B3,0.1,0
OB10237,B1,0.035,0
OB13569,B3,0.1,0
OB11266,B2,0.06,0
OB06795,A3,0.02,1
OB06570,A3,0.02,0
OB03556,A2,0.01,0
OB03418,A2,0.01,0
OB02652,A2,0.01,0
OB05240,A3,0.02,0
OB07869,B1,0.035,1
OB09798,B1,0.035,0
OB04465,A3,0.02,0
OB14067,B3,0.1,0
OB15744,C2,0.25,1
OB07094,A3,0.02,0
OB04907,A3,0.02,0
OB07682,B1,0.035,0
OB11761,B2,0.06,0
OB00719,A1,0.005,0
OB01220,A1,0.005,0
OB00478,A1,0.005,0
OB15553,C2,0.25,0
OB12019,B2,0.06,0
OB07129,A3,0.02,0
OB11468,B2,0.06,0
OB12565,B2,0.06,1
OB08318,B1,0.035,0
OB13148,B3,0.1,0
OB04637,A3,0.02,0
OB13369,B3,0.1,0
OB14129,B3,0.1,0
OB00758,A1,0.005,0
OB01717,A1,0.005,0
OB07188,A3,0.02,0
OB11813,B2,0.06,0
OB06664,A3,0.02,0
OB06116,A3,0.02,0
OB06257,A3,0.02,0
OB15340,C1,0.16,0
OB15174,C1,0.16,0
OB10719,B2,0.06,0
OB06062,A3,0.02,0
OB05365,A3,0.02,0
OB14327,B3,0.1,0
OB07875,B1,0.035,0
OB12387,B2,0.06,0
OB00101,A1,0.005,0
OB11549,B2,0.06,0
OB11580,B2,0.06,0
OB03064,A2,0.01,0
OB14069,B3,0.1,0
OB02344,A2,0.01,0
OB13937,B3,0.1,0
OB09334,B1,0.035,0
OB05520,A3,0.02,0
OB04190,A2,0.01,0
OB06071,A3,0.02,0
OB01510,A1,0.005,0
OB12653,B2,0.06,0
OB02416,A2,0.01,0
OB10313,B1,0.035,0
OB10873,B2,0.06,0
OB00958,A1,0.005,0
OB03671,A2,0.01,0
OB00513,A1,0.005,0
OB12041,B2,0.06,0
OB04363,A3,0.02,0
OB04145,A2,0.01,0
OB02614,A2,0.01,0
OB05120,A3,0.02,1
OB09319,B1,0.035,0
OB06597,A3,0.02,0
OB00049,A1,0.005,0
OB06790,A3,0.02,0
OB11599,B2,0.06,0
OB05476,A3,0.02,0
OB09797,B1,0.035,0
OB13401,B3,0.1,0
OB04526,A3,0.02,0
OB10107,B1,0.035,0
OB15547,C2,0.25,0
OB03915,A2,0.01,0
OB07769,B1,0.035,0
OB04818,A3,0.02,0
OB12962,B2,0.06,0
OB02576,A2,0.01,0
OB08667,B1,0.035,1
OB13978,B3,0.1,0
OB04863,A3,0.02,0
OB10443,B2,0.06,0
OB14421,B3,0.1,1
OB15930,C3,0.38,0
OB03812,A2,0.01,0
OB01955,A2,0.01,0
OB14300,B3,0.1,1
OB11781,B2,0.06,0
OB03006,A2,0.01,0
OB06493,A3,0.02,0
OB13696,B3,0.1,0
OB08536,B1,0.035,0
OB14830,C1,0.16,0
OB10815,B2,0.06,0
OB04688,A3,0.02,0
OB07538,B1,0.035,0
OB09693,B1,0.035,0
OB14786,C1,0.16,1
OB15520,C2,0.25,0
OB00756,A1,0.005,0
OB02946,A2,0.01,0
OB02488,A2,0.01,0
OB08471,B1,0.035,0
OB08674,B1,0.035,0
OB03270,A2,0.01,0
OB01867,A2,0.01,0
OB05679,A3,0.02,0
OB14450,B3,0.1,0
OB01066,A1,0.005,0
OB12759,B2,0.06,0
OB05769,A3,0.02,0
OB07507,B1,0.035,0
OB06648,A3,0.02,0
OB09984,B1,0.035,0
OB05130,A3,0.02,0
OB09779,B1,0.035,0
OB03950,A2,0.01,0
OB12219,B2,0.06,0
OB06819,A3,0.02,0
OB10832,B2,0.06,0
OB03505,A2,0.01,0
OB03269,A2,0.01,0
OB15264,C1,0.16,0
OB04855,A3,0.02,0
OB06215,A3,0.02,0
OB12983,B2,0.06,0
OB11675,B2,0.06,0
OB08464,B1,0.035,0
OB06387,A3,0.02,0
OB04690,A3,0.02,0
OB09572,B1,0.035,0
OB02776,A2,0.01,0
OB14442,B3,0.1,1
OB07340,B1,0.035,0
OB02452,A2,0.01,0
OB13058,B3,0.1,0
OB06431,A3,0.02,0
OB02993,A2,0.01,0
OB04827,A3,0.02,0
OB00943,A1,0.005,0
OB07638,B1,0.035,0
OB05310,A3,0.02,0
OB05286,A3,0.02,0
OB01945,A2,0.01,0
OB08572,B1,0.035,0
OB08582,B1,0.035,0
OB13359,B3,0.1,0
OB05571,A3,0.02,0
OB10078,B1,0.035,0
OB10808,B2,0.06,0
OB09883,B1,0.035,0
OB14294,B3,0.1,0
OB00394,A1,0.005,0
OB02569,A2,0.01,0
OB15532,C2,0.25,0
OB14592,C1,0.16,0
OB12739,B2,0.06,0
OB11708,B2,0.06,0
OB06481,A3,0.02,0
OB04053,A2,0.01,0
OB05797,A3,0.02,0
OB10538,B2,0.06,0
OB11616,B2,0.06,0
OB05205,A3,0.02,0
OB10611,B2,0.06,0
OB05757,A3,0.02,0
OB06352,A3,0.02,0
OB08351,B1,0.035,0
OB11509,B2,0.06,0
OB09695,B1,0.035,0
OB01929,A2,0.01,0
OB14330,B3,0.1,0
OB12837,B2,0.06,0
OB07261,B1,0.035,0
OB15555,C2,0.25,0
OB10442,B2,0.06,0
OB01910,A2,0.01,0
OB03802,A2,0.01,0
OB13288,B3,0.1,0
OB00457,A1,0.005,0
OB00788,A1,0.005,0
OB05304,A3,0.02,0
OB06454,A3,0.02,0
OB13021,B3,0.1,0
OB02531,A2,0.01,0
OB08914,B1,0.035,0
OB06144,A3,0.02,0
OB15302,C1,0.16,0
OB11682,B2,0.06,0
OB14918,C1,0.16,0
OB12374,B2,0.06,0
OB09623,B1,0.035,0
OB01615,A1,0.005,0
OB00694,A1,0.005,0
OB08309,B1,0.035,0
OB13343,B3,0.1,0
OB10526,B2,0.06,0
OB08937,B1,0.035,0
OB04954,A3,0.02,0
OB09686,B1,0.035,1
OB07504,B1,0.035,0
OB08540,B1,0.035,0
OB08749,B1,0.035,0
OB12154,B2,0.06,0
OB10012,B1,0.035,0
OB06778,A3,0.02,0
OB11814,B2,0.06,0
OB10373,B1,0.035,0
OB00111,A1,0.005,0
OB10224,B1,0.035,0
OB01256,A1,0.005,0
OB15661,C2,0.25,0
OB05437,A3,0.02,0
OB10075,B1,0.035,0
OB00895,A1,0.005,0
OB10463,B2,0.06,0
OB04242,A3,0.02,0
OB12558,B2,0.06,0
OB10190,B1,0.035,0
OB11225,B2,0.06,0
OB06108,A3,0.02,0
OB05609,A3,0.02,1
OB03472,A2,0.01,0
OB04299,A3,0.02,0
OB12494,B2,0.06,0
OB04034,A2,0.01,0
OB13485,B3,0.1,0
OB14208,B3,0.1,0
OB12908,B2,0.06,0
OB15803,C2,0.25,0
OB10706,B2,0.06,0
OB00597,A1,0.005,0
OB13009,B3,0.1,0
OB08517,B1,0.035,0
OB09874,B1,0.035,0
OB13423,B3,0.1,0
OB13527,B3,0.1,0
OB01759,A1,0.005,0
OB00300,A1,0.005,0
OB00566,A1,0.005,0
OB09565,B1,0.035,0
OB02199,A2,0.01,0
OB10910,B2,0.06,0
OB15104,C1,0.16,0
OB13212,B3,0.1,0
OB01826,A2,0.01,0
OB01007,A1,0.005,0
OB02583,A2,0.01,0
OB08251,B1,0.035,0
OB15827,C2,0.25,0
OB15460,C2,0.25,0
OB09387,B1,0.035,0
OB01279,A1,0.005,0
OB12348,B2,0.06,0
OB13820,B3,0.1,0
OB12564,B2,0.06,0
OB09019,B1,0.035,0
OB03097,A2,0.01,0
OB05048,A3,0.02,0
OB10863,B2,0.06,1
OB13671,B3,0.1,0
OB13271,B3,0.1,0
OB15562,C2,0.25,0
OB07282,B1,0.035,0
OB02528,A2,0.01,0
OB00063,A1,0.005,0
OB08484,B1,0.035,0
OB11550,B2,0.06,0
OB08411,B1,0.035,0
OB03124,A2,0.01,0
OB01659,A1,0.005,0
OB12941,B2,0.06,0
OB03203,A2,0.01,0
OB01409,A1,0.005,0
OB10656,B2,0.06,1
OB12773,B2,0.06,0
OB14108,B3,0.1,0
OB00964,A1,0.005,0
OB10803,B2,0.06,0
OB06272,A3,0.02,0
OB06965,A3,0.02,0
OB02690,A2,0.01,0
OB01654,A1,0.005,0
OB08412,B1,0.035,0
OB00011,A1,0.005,0
OB11399,B2,0.06,0
OB06789,A3,0.02,0
OB11285,B2,0.06,0
OB07114,A3,0.02,0
OB08388,B1,0.035,0
OB13376,B3,0.1,0
OB14859,C1,0.16,0
OB07801,B1,0.035,0
OB10608,B2,0.06,1
OB01670,A1,0.005,0
OB08481,B1,0.035,0
OB06244,A3,0.02,0
OB02362,A2,0.01,0
OB01103,A1,0.005,0
OB12769,B2,0.06,0
OB10219,B1,0.035,0
OB01139,A1,0.005,0
OB05885,A3,0.02,0
OB05780,A3,0.02,0
OB13268,B3,0.1,1
OB05473,A3,0.02,0
OB08938,B1,0.035,0
OB12221,B2,0.06,0
OB15333,C1,0.16,1
OB01485,A1,0.005,0
OB16186,C3,0.38,0
OB04017,A2,0.01,0
OB12274,B2,0.06,0
OB04504,A3,0.02,0
OB08272,B1,0.035,0
OB04097,A2,0.01,0
OB00730,A1,0.005,1
OB07678,B1,0.035,0
OB08165,B1,0.035,0
OB05087,A3,0.02,0
OB03978,A2,0.01,0
OB06639,A3,0.02,1
OB15535,C2,0.25,1
OB01814,A2,0.01,0
OB13424,B3,0.1,0
OB11958,B2,0.06,0
OB02250,A2,0.01,0
OB14251,B3,0.1,0
OB05147,A3,0.02,0
OB01177,A1,0.005,0
OB12883,B2,0.06,0
OB12751,B2,0.06,0
OB13609,B3,0.1,0
OB08624,B1,0.035,0
OB09629,B1,0.035,0
OB11300,B2,0.06,0
OB07249,B1,0.035,0
OB14840,C1,0.16,1
OB07164,A3,0.02,0
OB06879,A3,0.02,0
OB13458,B3,0.1,0
OB08694,B1,0.035,0
OB02150,A2,0.01,0
OB03060,A2,0.01,0
OB14236,B3,0.1,0
OB01535,A1,0.005,0
OB00321,A1,0.005,0
OB11440,B2,0.06,0
OB14214,B3,0.1,0
OB05369,A3,0.02,0
OB05164,A3,0.02,0
OB00404,A1,0.005,0
OB05128,A3,0.02,0
OB06572,A3,0.02,0
OB10122,B1,0.035,1
OB07815,B1,0.035,0
OB15812,C2,0.25,0
OB02456,A2,0.01,0
OB09410,B1,0.035,0
OB00652,A1,0.005,0
OB12090,B2,0.06,0
OB10623,B2,0.06,0
OB04728,A3,0.02,0
OB00306,A1,0.005,0
OB09190,B1,0.035,0
OB05661,A3,0.02,0
OB06474,A3,0.02,0
OB02910,A2,0.01,0
OB08712,B1,0.035,0
OB02496,A2,0.01,0
OB08843,B1,0.035,0
OB03999,A2,0.01,0
OB15965,C3,0.38,0
OB07331,B1,0.035,0
OB05466,A3,0.02,0
OB03949,A2,0.01,0
OB05415,A3,0.02,0
OB09051,B1,0.035,0
OB15482,C2,0.25,0
OB02641,A2,0.01,0
OB01404,A1,0.005,0
OB11655,B2,0.06,0
OB01838,A2,0.01,0
OB02587,A2,0.01,0
OB07887,B1,0.035,0
OB08917,B1,0.035,0
OB09268,B1,0.035,0
OB02715,A2,0.01,0
OB04286,A3,0.02,0
OB06201,A3,0.02,0
OB09106,B1,0.035,0
OB06948,A3,0.02,0
OB15182,C1,0.16,0
OB02352,A2,0.01,0
OB08770,B1,0.035,0
OB05979,A3,0.02,0
OB06439,A3,0.02,0
OB05228,A3,0.02,0
OB03158,A2,0.01,0
OB12165,B2,0.06,0
OB11913,B2,0.06,0
OB08852,B1,0.035,0
OB09793,B1,0.035,0
OB10118,B1,0.035,0
OB10948,B2,0.06,0
OB03938,A2,0.01,0
OB10415,B2,0.06,0
OB11790,B2,0.06,0
OB03596,A2,0.01,0
OB11043,B2,0.06,0
OB14010,B3,0.1,0
OB06974,A3,0.02,0
OB13186,B3,0.1,0
OB15188,C1,0.16,0
OB12458,B2,0.06,0
OB09939,B1,0.035,0
OB13050,B3,0.1,0
OB03994,A2,0.01,0
OB10330,B1,0.035,0
OB06278,A3,0.02,0
OB04866,A3,0.02,0
OB11035,B2,0.06,0
OB11436,B2,0.06,0
OB08499,B1,0.035,1
OB11780,B2,0.06,0
OB05345,A3,0.02,0
OB06133,A3,0.02,0
OB03681,A2,0.01,0
OB05488,A3,0.02,0
OB10111,B1,0.035,0
OB10561,B2,0.06,0
OB07085,A3,0.02,0
OB10614,B2,0.06,0
OB07508,B1,0.035,0
OB15566,C2,0.25,1
OB00607,A1,0.005,0
OB09900,B1,0.035,0
OB02473,A2,0.01,0
OB11665,B2,0.06,0
OB14366,B3,0.1,0
OB14519,C1,0.16,0
OB11292,B2,0.06,0
OB15614,C2,0.25,0
OB06263,A3,0.02,0
OB13847,B3,0.1,0
OB14081,B3,0.1,1
OB14746,C1,0.16,0
OB13632,B3,0.1,1
OB09685,B1,0.035,0
OB11131,B2,0.06,0
OB10450,B2,0.06,0
OB11227,B2,0.06,0
OB10144,B1,0.035,0
OB14685,C1,0.16,0
OB15733,C2,0.25,0
OB15496,C2,0.25,1
OB07268,B1,0.035,0
OB15473,C2,0.25,0
OB06266,A3,0.02,0
OB01003,A1,0.005,0
OB04261,A3,0.02,0
OB00389,A1,0.005,0
OB15399,C1,0.16,1
OB04700,A3,0.02,0
OB00441,A1,0.005,0
OB12574,B2,0.06,0
OB11390,B2,0.06,0
OB06026,A3,0.02,0
OB10669,B2,0.06,0
OB03770,A2,0.01,0
OB13992,B3,0.1,0
OB07658,B1,0.035,0
OB12828,B2,0.06,0
OB13319,B3,0.1,0
OB08375,B1,0.035,0
OB01517,A1,0.005,0
OB13964,B3,0.1,0
OB05547,A3,0.02,0
OB02449,A2,0.01,0
OB03085,A2,0.01,0
OB15605,C2,0.25,1
OB04275,A3,0.02,1
OB09727,B1,0.035,0
OB11047,B2,0.06,0
OB07708,B1,0.035,0
OB15235,C1,0.16,0
OB05684,A3,0.02,0
OB14489,B3,0.1,0
OB10551,B2,0.06,0
OB08547,B1,0.035,0
OB10777,B2,0.06,0
OB13513,B3,0.1,0
OB08636,B1,0.035,0
OB09344,B1,0.035,0
OB13157,B3,0.1,0
OB04392,A3,0.02,0
OB12829,B2,0.06,0
OB13085,B3,0.1,1
OB00486,A1,0.005,0
OB06546,A3,0.02,0
OB07414,B1,0.035,0
OB08929,B1,0.035,0
OB12779,B2,0.06,0
OB14317,B3,0.1,0
OB07719,B1,0.035,0
OB03879,A2,0.01,0
OB09946,B1,0.035,0
OB13348,B3,0.1,0
OB10125,B1,0.035,0
OB04628,A3,0.02,0
OB05676,A3,0.02,0
OB12283,B2,0.06,0
OB03336,A2,0.01,0
OB12692,B2,0.06,0
OB16172,C3,0.38,1
OB15457,C2,0.25,0
OB06599,A3,0.02,0
OB14441,B3,0.1,0
OB06243,A3,0.02,0
OB02050,A2,0.01,0
OB02090,A2,0.01,0
OB01952,A2,0.01,0
OB02720,A2,0.01,0
OB10895,B2,0.06,0
OB01557,A1,0.005,0
OB03683,A2,0.01,0
OB13570,B3,0.1,0
OB09574,B1,0.035,0
OB04216,A3,0.02,0
OB15687,C2,0.25,0
OB03509,A2,0.01,0
OB07011,A3,0.02,0
OB13384,B3,0.1,0
OB08734,B1,0.035,0
OB06666,A3,0.02,0
OB06463,A3,0.02,0
OB03186,A2,0.01,0
OB00227,A1,0.005,0
OB03477,A2,0.01,0
OB10587,B2,0.06,0
OB03266,A2,0.01,0
OB02285,A2,0.01,0
OB10801,B2,0.06,0
OB08081,B1,0.035,0
OB06709,A3,0.02,0
OB11952,B2,0.06,0
OB13962,B3,0.1,1
OB02722,A2,0.01,0
OB01029,A1,0.005,0
OB04962,A3,0.02,0
OB03319,A2,0.01,0
OB04590,A3,0.02,0
OB12321,B2,0.06,0
OB10522,B2,0.06,0
OB13783,B3,0.1,0
OB13600,B3,0.1,0
OB04285,A3,0.02,0
OB08809,B1,0.035,0
OB08478,B1,0.035,0
OB02409,A2,0.01,0
OB08892,B1,0.035,0
OB11987,B2,0.06,0
OB09938,B1,0.035,0
OB03916,A2,0.01,0
OB10966,B2,0.06,0
OB01649,A1,0.005,0
OB07680,B1,0.035,0
OB05124,A3,0.02,0
OB00773,A1,0.005,0
OB07473,B1,0.035,0
OB13755,B3,0.1,0
OB15561,C2,0.25,0
OB00985,A1,0.005,0
OB04683,A3,0.02,0
OB11159,B2,0.06,0
OB01761,A1,0.005,0
OB15606,C2,0.25,1
OB14791,C1,0.16,1
OB03552,A2,0.01,0
OB03109,A2,0.01,0
OB03198,A2,0.01,0
OB02736,A2,0.01,0
OB00121,A1,0.005,0
OB15380,C1,0.16,0
OB11135,B2,0.06,1
OB13952,B3,0.1,0
OB03385,A2,0.01,0
OB05215,A3,0.02,0
OB07285,B1,0.035,0
OB09047,B1,0.035,0
OB05884,A3,0.02,0
OB01499,A1,0.005,0
OB08932,B1,0.035,0
OB03220,A2,0.01,0
OB12273,B2,0.06,0
OB08642,B1,0.035,0
OB05716,A3,0.02,0
OB14584,C1,0.16,0
OB04801,A3,0.02,0
OB09322,B1,0.035,0
OB07312,B1,0.035,0
OB14858,C1,0.16,0
OB02143,A2,0.01,0
OB03841,A2,0.01,0
OB15565,C2,0.25,1
OB11658,B2,0.06,0
OB15034,C1,0.16,0
OB13595,B3,0.1,0
OB00123,A1,0.005,0
OB10957,B2,0.06,0
OB13581,B3,0.1,0
OB01720,A1,0.005,0
OB01231,A1,0.005,0
OB11937,B2,0.06,1
OB01607,A1,0.005,0
OB02240,A2,0.01,0
OB11520,B2,0.06,0
OB13427,B3,0.1,0
OB02547,A2,0.01,0
OB02032,A2,0.01,0
OB02359,A2,0.01,0
OB05109,A3,0.02,0
OB15844,C2,0.25,0
OB01358,A1,0.005,0
OB16031,C3,0.38,0
OB07588,B1,0.035,0
OB15490,C2,0.25,0
OB05621,A3,0.02,0
OB11837,B2,0.06,0
OB03127,A2,0.01,0
OB14660,C1,0.16,0
OB11376,B2,0.06,0
OB02719,A2,0.01,0
OB00661,A1,0.005,0
OB04101,A2,0.01,0
OB09961,B1,0.035,0
OB07526,B1,0.035,0
OB09585,B1,0.035,0
OB03728,A2,0.01,0
OB03689,A2,0.01,0
OB01310,A1,0.005,0
OB14601,C1,0.16,1
OB02327,A2,0.01,0
OB15832,C2,0.25,1
OB02462,A2,0.01,0
OB13007,B3,0.1,0
OB10217,B1,0.035,0
OB10374,B1,0.035,0
OB00983,A1,0.005,0
OB02339,A2,0.01,0
OB10664,B2,0.06,0
OB09944,B1,0.035,0
OB06786,A3,0.02,0
OB15795,C2,0.25,1
OB08638,B1,0.035,0
OB11842,B2,0.06,0
OB02890,A2,0.01,0
OB12663,B2,0.06,0
OB09669,B1,0.035,0
OB05863,A3,0.02,0
OB07579,B1,0.035,0
OB03851,A2,0.01,0
OB07521,B1,0.035,0
OB04657,A3,0.02,0
OB00002,A1,0.005,0
OB08867,B1,0.035,0
OB00055,A1,0.005,0
OB09316,B1,0.035,0
OB07991,B1,0.035,0
OB02502,A2,0.01,0
OB01087,A1,0.005,0
OB06809,A3,0.02,0
OB03840,A2,0.01,0
OB05631,A3,0.02,0
OB08178,B1,0.035,0
OB10212,B1,0.035,0
OB10879,B2,0.06,0
OB12638,B2,0.06,0
OB01628,A1,0.005,0
OB05877,A3,0.02,0
OB12812,B2,0.06,0
OB04936,A3,0.02,0
OB00904,A1,0.005,0
OB10547,B2,0.06,0
OB07033,A3,0.02,0
OB01462,A1,0.005,0
OB02403,A2,0.01,0
OB16018,C3,0.38,0
OB15125,C1,0.16,0
OB11831,B2,0.06,0
OB15814,C2,0.25,0
OB06702,A3,0.02,0
OB03905,A2,0.01,0
OB11722,B2,0.06,0
OB14324,B3,0.1,0
OB01777,A1,0.005,0
OB11853,B2,0.06,0
OB02346,A2,0.01,0
OB07683,B1,0.035,0
OB00594,A1,0.005,0
OB03122,A2,0.01,0
OB02696,A2,0.01,0
OB14114,B3,0.1,0
OB04314,A3,0.02,0
OB11455,B2,0.06,0
OB05564,A3,0.02,0
OB13013,B3,0.1,0
OB13249,B3,0.1,0
OB05524,A3,0.02,0
OB01919,A2,0.01,0
OB00539,A1,0.005,0
OB01432,A1,0.005,0
OB03205,A2,0.01,0
OB08468,B1,0.035,0
OB11686,B2,0.06,0
OB01702,A1,0.005,0
OB13243,B3,0.1,0
OB09610,B1,0.035,0
OB01565,A1,0.005,0
OB09430,B1,0.035,0
OB06453,A3,0.02,0
OB00455,A1,0.005,0
OB04918,A3,0.02,0
OB06667,A3,0.02,0
OB04858,A3,0.02,0
OB10352,B1,0.035,1
OB05809,A3,0.02,0
OB06326,A3,0.02,0
OB02229,A2,0.01,0
OB07896,B1,0.035,0
OB09234,B1,0.035,0
OB10627,B2,0.06,0
OB10077,B1,0.035,0
OB10114,B1,0.035,0
OB01288,A1,0.005,0
OB14259,B3,0.1,0
OB00463,A1,0.005,0
OB01172,A1,0.005,0
OB05438,A3,0.02,0
OB15016,C1,0.16,0
OB15408,C2,0.25,1
OB05398,A3,0.02,0
OB06626,A3,0.02,0
OB06507,A3,0.02,0
OB16183,C3,0.38,0
OB04898,A3,0.02,0
OB13849,B3,0.1,0
OB05506,A3,0.02,0
OB15916,C3,0.38,0
OB13090,B3,0.1,0
OB11598,B2,0.06,0
OB14176,B3,0.1,1
OB07883,B1,0.035,0
OB12981,B2,0.06,0
OB15892,C2,0.25,0
OB07053,A3,0.02,0
OB07179,A3,0.02,0
OB12762,B2,0.06,0
OB01972,A2,0.01,0
OB10626,B2,0.06,0
OB09551,B1,0.035,1
OB01703,A1,0.005,0
OB05747,A3,0.02,0
OB06160,A3,0.02,0
OB00966,A1,0.005,0
OB10488,B2,0.06,1
OB02109,A2,0.01,0
OB05982,A3,0.02,0
OB03772,A2,0.01,0
OB05298,A3,0.02,0
OB04382,A3,0.02,0
OB15984,C3,0.38,0
OB05949,A3,0.02,0
OB09266,B1,0.035,1
OB04201,A3,0.02,0
OB07133,A3,0.02,0
OB05141,A3,0.02,0
OB09035,B1,0.035,0
OB12660,B2,0.06,0
OB07054,A3,0.02,0
OB09672,B1,0.035,0
OB09435,B1,0.035,1
OB07514,B1,0.035,0
OB01041,A1,0.005,0
OB04986,A3,0.02,0
OB00140,A1,0.005,0
OB04418,A3,0.02,0
OB06103,A3,0.02,0
OB15725,C2,0.25,1
OB16001,C3,0.38,1
OB13024,B3,0.1,0
OB09194,B1,0.035,0
OB01818,A2,0.01,0
OB01076,A1,0.005,0
OB03760,A2,0.01,0
OB00146,A1,0.005,0
OB13491,B3,0.1,0
OB08862,B1,0.035,0
OB06878,A3,0.02,0
OB02756,A2,0.01,0
OB00518,A1,0.005,0
OB09061,B1,0.035,0
OB14072,B3,0.1,0
OB09264,B1,0.035,0
OB15431,C2,0.25,0
OB13254,B3,0.1,0
OB07710,B1,0.035,0
OB10928,B2,0.06,0
OB07093,A3,0.02,0
OB13900,B3,0.1,0
OB14087,B3,0.1,0
OB12156,B2,0.06,0
OB04459,A3,0.02,0
OB13607,B3,0.1,0
OB14422,B3,0.1,0
OB08466,B1,0.035,0
OB15135,C1,0.16,0
OB02167,A2,0.01,0
OB07865,B1,0.035,1
OB11846,B2,0.06,0
OB14494,B3,0.1,0
OB06458,A3,0.02,0
OB12818,B2,0.06,0
OB02084,A2,0.01,0
OB04003,A2,0.01,0
OB01920,A2,0.01,0
OB09056,B1,0.035,0
OB15085,C1,0.16,0
OB15860,C2,0.25,0
OB11678,B2,0.06,0
OB10468,B2,0.06,0
OB12898,B2,0.06,0
OB14459,B3,0.1,0
OB11766,B2,0.06,0
OB14353,B3,0.1,0
OB09401,B1,0.035,0
OB00466,A1,0.005,0
OB10160,B1,0.035,0
OB02471,A2,0.01,0
OB15503,C2,0.25,0
OB14995,C1,0.16,0
OB04508,A3,0.02,0
OB13391,B3,0.1,0
OB08649,B1,0.035,0
OB12688,B2,0.06,0
OB09670,B1,0.035,0
OB02887,A2,0.01,0
OB06764,A3,0.02,0
OB12547,B2,0.06,0
OB05430,A3,0.02,0
OB12421,B2,0.06,0
OB04888,A3,0.02,0
OB01830,A2,0.01,0
OB08510,B1,0.035,0
OB07100,A3,0.02,0
OB07023,A3,0.02,0
OB04522,A3,0.02,0
OB09151,B1,0.035,0
OB14499,B3,0.1,0
OB02521,A2,0.01,0
OB07663,B1,0.035,0
OB15401,C2,0.25,0
OB02175,A2,0.01,0
OB02108,A2,0.01,0
OB08114,B1,0.035,0
OB07417,B1,0.035,0
OB00158,A1,0.005,0
OB05798,A3,0.02,0
OB09380,B1,0.035,0
OB00362,A1,0.005,0
OB06337,A3,0.02,0
OB05514,A3,0.02,1
OB09816,B1,0.035,1
OB02530,A2,0.01,0
OB09346,B1,0.035,0
OB09455,B1,0.035,0
OB02816,A2,0.01,0
OB16022,C3,0.38,1
OB13095,B3,0.1,1
OB14020,B3,0.1,0
OB09932,B1,0.035,0
OB09634,B1,0.035,0
OB07685,B1,0.035,0
OB01067,A1,0.005,0
OB00327,A1,0.005,0
OB13467,B3,0.1,0
OB15972,C3,0.38,0
OB13393,B3,0.1,0
OB05981,A3,0.02,0
OB04069,A2,0.01,0
OB09728,B1,0.035,0
OB10445,B2,0.06,0
OB05927,A3,0.02,0
OB05319,A3,0.02,0
OB15028,C1,0.16,0
OB07784,B1,0.035,0
OB03511,A2,0.01,0
OB00253,A1,0.005,0
OB07602,B1,0.035,0
OB04045,A2,0.01,0
OB05104,A3,0.02,0
OB12806,B2,0.06,0
OB04852,A3,0.02,0
OB01551,A1,0.005,0
OB10486,B2,0.06,0
OB04198,A2,0.01,0
OB03976,A2,0.01,0
OB07757,B1,0.035,0
OB09011,B1,0.035,0
OB16024,C3,0.38,1
OB03053,A2,0.01,0
OB16040,C3,0.38,0
OB12514,B2,0.06,0
OB03207,A2,0.01,0
OB08898,B1,0.035,0
OB05924,A3,0.02,0
OB14518,C1,0.16,0
OB04638,A3,0.02,0
OB06347,A3,0.02,0
OB10484,B2,0.06,0
OB07348,B1,0.035,0
OB08907,B1,0.035,0
OB09766,B1,0.035,0
OB02704,A2,0.01,0
OB09253,B1,0.035,0
OB05077,A3,0.02,0
OB13429,B3,0.1,0
OB05479,A3,0.02,0
OB07071,A3,0.02,0
OB05929,A3,0.02,0
OB09549,B1,0.035,0
OB12699,B2,0.06,1
OB00544,A1,0.005,0
OB01587,A1,0.005,0
OB02962,A2,0.01,0
OB13674,B3,0.1,0
OB13297,B3,0.1,0
OB03247,A2,0.01,0
OB04946,A3,0.02,0
OB04325,A3,0.02,0
OB00417,A1,0.005,0
OB13274,B3,0.1,0
OB11510,B2,0.06,0
OB12577,B2,0.06,1
OB05833,A3,0.02,0
OB06697,A3,0.02,0
OB09927,B1,0.035,0
OB06600,A3,0.02,0
OB11880,B2,0.06,0
OB14745,C1,0.16,0
OB13654,B3,0.1,0
OB07565,B1,0.035,0
OB08042,B1,0.035,0
OB07794,B1,0.035,0
OB12049,B2,0.06,0
OB12134,B2,0.06,0
OB12451,B2,0.06,0
OB00851,A1,0.005,0
OB08049,B1,0.035,0
OB12105,B2,0.06,0
OB13969,B3,0.1,0
OB04821,A3,0.02,0
OB08559,B1,0.035,0
OB11746,B2,0.06,0
OB06567,A3,0.02,0
OB05930,A3,0.02,0
OB13430,B3,0.1,0
OB08381,B1,0.035,0
OB02342,A2,0.01,0
OB06847,A3,0.02,0
OB14112,B3,0.1,0
OB00347,A1,0.005,0
OB14493,B3,0.1,0
OB10090,B1,0.035,0
OB06734,A3,0.02,0
OB00638,A1,0.005,0
OB06517,A3,0.02,0
OB00928,A1,0.005,0
OB00196,A1,0.005,0
OB11534,B2,0.06,0
OB09263,B1,0.035,0
OB08593,B1,0.035,0
OB11926,B2,0.06,0
OB13763,B3,0.1,1
OB06823,A3,0.02,0
OB04639,A3,0.02,0
OB01348,A1,0.005,0
OB01752,A1,0.005,0
OB15279,C1,0.16,0
OB08287,B1,0.035,0
OB10949,B2,0.06,0
OB08665,B1,0.035,0
OB06711,A3,0.02,0
OB01317,A1,0.005,0
OB13799,B3,0.1,0
OB02850,A2,0.01,0
OB15301,C1,0.16,0
OB04453,A3,0.02,0
OB09725,B1,0.035,0
OB15781,C2,0.25,0
OB10945,B2,0.06,0
OB14182,B3,0.1,0
OB14382,B3,0.1,0
OB12718,B2,0.06,0
OB03860,A2,0.01,0
OB09154,B1,0.035,0
OB10128,B1,0.035,0
OB12798,B2,0.06,0
OB13329,B3,0.1,0
OB15950,C3,0.38,1
OB11748,B2,0.06,0
OB09525,B1,0.035,0
OB04193,A2,0.01,0
OB13603,B3,0.1,0
OB12311,B2,0.06,0
OB06903,A3,0.02,0
OB10892,B2,0.06,0
OB13511,B3,0.1,0
OB03941,A2,0.01,0
OB11934,B2,0.06,0
OB08663,B1,0.035,0
OB14764,C1,0.16,0
OB02380,A2,0.01,0
OB01578,A1,0.005,0
OB01249,A1,0.005,0
OB11316,B2,0.06,0
OB15900,C2,0.25,0
OB13533,B3,0.1,0
OB04347,A3,0.02,0
OB08341,B1,0.035,0
OB03731,A2,0.01,0
OB02906,A2,0.01,0
OB01710,A1,0.005,0
OB13475,B3,0.1,0
OB10849,B2,0.06,0
OB10854,B2,0.06,0
OB09355,B1,0.035,1
OB15762,C2,0.25,0
OB01395,A1,0.005,0
OB07646,B1,0.035,0
OB06261,A3,0.02,0
OB11247,B2,0.06,0
OB00728,A1,0.005,0
OB12401,B2,0.06,0
OB08569,B1,0.035,0
OB07706,B1,0.035,0
OB07946,B1,0.035,0
OB06761,A3,0.02,0
OB06276,A3,0.02,0
OB04096,A2,0.01,0
OB09491,B1,0.035,0
OB00088,A1,0.005,0
OB00547,A1,0.005,0
OB07318,B1,0.035,0
OB06186,A3,0.02,0
OB04607,A3,0.02,1
OB05548,A3,0.02,0
OB11475,B2,0.06,0
OB15981,C3,0.38,0
OB05144,A3,0.02,0
OB01112,A1,0.005,0
OB05337,A3,0.02,0
OB04169,A2,0.01,0
OB12846,B2,0.06,0
OB01262,A1,0.005,0
OB01693,A1,0.005,0
OB06435,A3,0.02,0
OB03376,A2,0.01,0
OB10422,B2,0.06,0
OB02590,A2,0.01,0
OB03660,A2,0.01,0
OB11242,B2,0.06,0
OB12209,B2,0.06,1
OB03551,A2,0.01,0
OB00699,A1,0.005,0
OB13779,B3,0.1,0
OB02735,A2,0.01,0
OB13996,B3,0.1,0
OB14903,C1,0.16,0
OB09420,B1,0.035,0
OB03888,A2,0.01,0
OB04535,A3,0.02,0
OB02969,A2,0.01,0
OB04429,A3,0.02,0
OB04499,A3,0.02,0
OB13138,B3,0.1,0
OB12113,B2,0.06,0
OB02915,A2,0.01,0
OB11032,B2,0.06,0
OB09807,B1,0.035,0
OB13202,B3,0.1,0
OB12427,B2,0.06,0
OB06313,A3,0.02,0
OB10456,B2,0.06,0
OB14909,C1,0.16,0
OB13452,B3,0.1,0
OB01580,A1,0.005,0
OB08731,B1,0.035,0
OB08470,B1,0.035,0
OB01017,A1,0.005,0
OB04165,A2,0.01,0
OB06249,A3,0.02,0
OB03286,A2,0.01,0
OB07392,B1,0.035,0
OB02389,A2,0.01,0
OB12627,B2,0.06,0
OB04790,A3,0.02,1
OB12640,B2,0.06,0
OB14732,C1,0.16,1
OB08079,B1,0.035,0
OB04849,A3,0.02,0
OB13298,B3,0.1,0
OB06168,A3,0.02,0
OB00127,A1,0.005,0
OB02257,A2,0.01,0
OB03041,A2,0.01,0
OB11359,B2,0.06,0
OB12782,B2,0.06,0
OB14065,B3,0.1,0
OB12383,B2,0.06,0
OB15098,C1,0.16,0
OB03226,A2,0.01,0
OB14996,C1,0.16,0
OB00286,A1,0.005,0
OB08507,B1,0.035,0
OB03328,A2,0.01,0
OB01722,A1,0.005,0
OB04555,A3,0.02,0
OB00681,A1,0.005,0
OB00978,A1,0.005,0
OB05933,A3,0.02,0
OB07955,B1,0.035,1
OB15466,C2,0.25,0
OB02724,A2,0.01,0
OB10595,B2,0.06,0
OB11404,B2,0.06,0
OB03884,A2,0.01,0
OB04155,A2,0.01,0
OB01682,A1,0.005,0
OB12729,B2,0.06,0
OB06994,A3,0.02,0
OB00780,A1,0.005,0
OB02426,A2,0.01,0
OB09490,B1,0.035,0
OB06906,A3,0.02,0
OB05423,A3,0.02,0
OB09500,B1,0.035,0
OB02635,A2,0.01,0
OB13745,B3,0.1,0
OB04552,A3,0.02,0
OB02479,A2,0.01,0
OB07868,B1,0.035,0
OB00608,A1,0.005,0
OB00717,A1,0.005,0
OB08557,B1,0.035,0
OB13218,B3,0.1,1
OB10932,B2,0.06,0
OB10870,B2,0.06,0
OB13063,B3,0.1,0
OB05447,A3,0.02,0
OB02068,A2,0.01,0
OB07736,B1,0.035,0
OB15319,C1,0.16,1
OB09112,B1,0.035,0
OB01356,A1,0.005,0
OB04967,A3,0.02,0
OB04035,A2,0.01,0
OB01419,A1,0.005,0
OB06638,A3,0.02,0
OB09598,B1,0.035,0
OB09848,B1,0.035,0
OB13627,B3,0.1,0
OB16185,C3,0.38,0
OB01795,A1,0.005,0
OB07398,B1,0.035,0
OB04557,A3,0.02,0
OB11435,B2,0.06,0
OB02539,A2,0.01,0
OB12920,B2,0.06,0
OB01504,A1,0.005,0
OB10790,B2,0.06,0
OB06689,A3,0.02,0
OB05439,A3,0.02,0
OB04817,A3,0.02,0
OB09281,B1,0.035,0
OB02441,A2,0.01,0
OB02492,A2,0.01,0
OB08140,B1,0.035,0
OB14775,C1,0.16,0
OB06981,A3,0.02,0
OB11744,B2,0.06,0
OB07452,B1,0.035,0
OB15653,C2,0.25,0
OB00979,A1,0.005,0
OB05353,A3,0.02,0
OB01555,A1,0.005,0
OB09668,B1,0.035,0
OB09584,B1,0.035,0
OB00662,A1,0.005,0
OB01233,A1,0.005,0
OB14097,B3,0.1,0
OB04558,A3,0.02,0
OB01785,A1,0.005,0
OB14965,C1,0.16,0
OB02163,A2,0.01,0
OB11420,B2,0.06,0
OB04342,A3,0.02,0
OB02501,A2,0.01,0
OB01010,A1,0.005,0
OB14054,B3,0.1,0
OB09511,B1,0.035,0
OB07533,B1,0.035,0
OB06944,A3,0.02,0
OB00731,A1,0.005,0
OB10088,B1,0.035,0
OB10147,B1,0.035,0
OB02069,A2,0.01,0
OB14860,C1,0.16,0
OB11656,B2,0.06,0
OB05495,A3,0.02,0
OB01939,A2,0.01,0
OB00004,A1,0.005,0
OB14823,C1,0.16,0
OB07328,B1,0.035,0
OB09733,B1,0.035,0
OB13859,B3,0.1,0
OB10129,B1,0.035,0
OB07483,B1,0.035,0
OB12738,B2,0.06,0
OB04033,A2,0.01,0
OB05059,A3,0.02,0
OB04403,A3,0.02,0
OB04795,A3,0.02,0
OB04718,A3,0.02,0
OB12360,B2,0.06,0
OB12689,B2,0.06,0
OB07227,B1,0.035,0
OB06115,A3,0.02,1
OB13517,B3,0.1,0
OB00195,A1,0.005,0
OB06768,A3,0.02,0
OB07532,B1,0.035,0
OB02515,A2,0.01,0
OB03554,A2,0.01,0
OB07802,B1,0.035,0
OB11273,B2,0.06,0
OB00423,A1,0.005,0
OB13933,B3,0.1,0
OB01096,A1,0.005,0
OB02310,A2,0.01,0
OB11240,B2,0.06,0
OB07360,B1,0.035,0
OB08444,B1,0.035,0
OB14465,B3,0.1,0
OB05513,A3,0.02,0
OB11911,B2,0.06,0
OB02044,A2,0.01,0
OB04449,A3,0.02,0
OB04268,A3,0.02,0
OB05554,A3,0.02,0
OB10063,B1,0.035,0
OB02335,A2,0.01,0
OB05796,A3,0.02,0
OB09891,B1,0.035,0
OB00280,A1,0.005,0
OB01212,A1,0.005,0
OB12058,B2,0.06,0
OB16196,C3,0.38,0
OB05140,A3,0.02,0
OB07475,B1,0.035,0
OB05449,A3,0.02,0
OB13333,B3,0.1,1
OB01028,A1,0.005,0
OB05014,A3,0.02,0
OB13287,B3,0.1,0
OB13990,B3,0.1,0
OB10477,B2,0.06,0
OB09546,B1,0.035,0
OB03422,A2,0.01,0
OB10823,B2,0.06,0
OB12217,B2,0.06,0
OB10701,B2,0.06,0
OB02406,A2,0.01,0
OB09637,B1,0.035,0
OB04230,A3,0.02,0
OB10365,B1,0.035,0
OB02957,A2,0.01,0
OB12949,B2,0.06,0
OB11504,B2,0.06,0
OB15526,C2,0.25,0
OB12404,B2,0.06,0
OB00238,A1,0.005,0
OB04050,A2,0.01,0
OB15412,C2,0.25,0
OB11977,B2,0.06,0
OB09414,B1,0.035,0
OB04651,A3,0.02,0
OB15664,C2,0.25,0
OB11969,B2,0.06,0
OB12783,B2,0.06,0
OB13070,B3,0.1,0
OB08394,B1,0.035,0
OB01102,A1,0.005,0
OB05212,A3,0.02,0
OB10244,B1,0.035,0
OB03528,A2,0.01,0
OB10258,B1,0.035,0
OB02058,A2,0.01,0
OB03651,A2,0.01,0
OB00746,A1,0.005,0
OB15667,C2,0.25,1
OB12101,B2,0.06,0
OB15873,C2,0.25,1
OB13349,B3,0.1,0
OB02797,A2,0.01,0
OB11331,B2,0.06,0
OB03459,A2,0.01,0
OB00142,A1,0.005,0
OB06970,A3,0.02,0
OB06687,A3,0.02,0
OB08978,B1,0.035,0
OB02147,A2,0.01,0
OB00348,A1,0.005,0
OB15081,C1,0.16,1
OB14027,B3,0.1,0
OB00710,A1,0.005,0
OB14688,C1,0.16,0
OB10369,B1,0.035,0
OB06814,A3,0.02,0
OB07996,B1,0.035,0
OB10824,B2,0.06,0
OB02128,A2,0.01,0
OB02326,A2,0.01,0
OB02711,A2,0.01,0
OB14432,B3,0.1,1
OB05736,A3,0.02,0
OB06477,A3,0.02,0
OB06134,A3,0.02,0
OB08824,B1,0.035,0
OB01667,A1,0.005,0
OB09473,B1,0.035,0
OB03448,A2,0.01,0
OB10914,B2,0.06,0
OB15852,C2,0.25,0
OB12693,B2,0.06,0
OB03288,A2,0.01,0
OB05614,A3,0.02,0
OB09371,B1,0.035,0
OB13620,B3,0.1,1
OB15521,C2,0.25,0
OB11779,B2,0.06,0
OB11446,B2,0.06,0
OB10847,B2,0.06,0
OB12895,B2,0.06,0
OB03627,A2,0.01,0
OB08794,B1,0.035,0
OB06651,A3,0.02,0
OB11157,B2,0.06,0
OB06634,A3,0.02,0
OB00167,A1,0.005,0
OB02725,A2,0.01,0
OB00189,A1,0.005,0
OB03609,A2,0.01,0
OB14889,C1,0.16,0
OB06436,A3,0.02,0
OB09251,B1,0.035,0
OB14935,C1,0.16,1
OB14052,B3,0.1,0
OB00705,A1,0.005,0
OB00034,A1,0.005,0
OB01529,A1,0.005,0
OB06194,A3,0.02,0
OB08958,B1,0.035,0
OB03077,A2,0.01,0
OB12649,B2,0.06,0
OB14643,C1,0.16,0
OB10649,B2,0.06,0
OB06853,A3,0.02,0
OB01923,A2,0.01,0
OB02364,A2,0.01,0
OB04742,A3,0.02,0
OB04532,A3,0.02,0
OB13582,B3,0.1,0
OB00012,A1,0.005,0
OB07542,B1,0.035,0
OB01683,A1,0.005,0
OB04073,A2,0.01,0
OB07580,B1,0.035,0
OB14105,B3,0.1,1
OB00577,A1,0.005,0
OB15690,C2,0.25,0
OB13266,B3,0.1,0
OB01216,A1,0.005,0
OB14755,C1,0.16,1
OB05335,A3,0.02,0
OB04496,A3,0.02,0
OB00770,A1,0.005,0
OB07690,B1,0.035,0
OB14180,B3,0.1,0
OB01836,A2,0.01,0
OB07149,A3,0.02,0
OB05800,A3,0.02,0
OB04996,A3,0.02,0
OB03075,A2,0.01,0
OB13878,B3,0.1,0
OB07377,B1,0.035,0
OB13757,B3,0.1,0
OB13120,B3,0.1,1
OB03820,A2,0.01,0
OB03141,A2,0.01,0
OB12279,B2,0.06,0
OB11372,B2,0.06,0
OB12025,B2,0.06,0
OB05452,A3,0.02,0
OB11606,B2,0.06,0
OB05360,A3,0.02,0
OB02928,A2,0.01,0
OB02868,A2,0.01,0
OB04436,A3,0.02,0
OB12587,B2,0.06,0
OB04352,A3,0.02,0
OB01672,A1,0.005,0
OB13397,B3,0.1,0
OB05431,A3,0.02,0
OB04949,A3,0.02,0
OB04024,A2,0.01,0
OB01744,A1,0.005,0
OB11868,B2,0.06,0
OB10822,B2,0.06,0
OB12323,B2,0.06,0
OB06043,A3,0.02,0
OB01503,A1,0.005,0
OB14079,B3,0.1,0
OB13115,B3,0.1,0
OB05213,A3,0.02,0
OB13474,B3,0.1,0
OB07544,B1,0.035,0
OB05999,A3,0.02,0
OB14696,C1,0.16,0
OB03350,A2,0.01,0
OB10582,B2,0.06,1
OB15657,C2,0.25,1
OB03757,A2,0.01,0
OB06502,A3,0.02,0
OB14895,C1,0.16,0
OB07675,B1,0.035,0
OB10360,B1,0.035,0
OB12423,B2,0.06,0
OB09328,B1,0.035,0
OB00845,A1,0.005,0
OB00126,A1,0.005,0
OB13383,B3,0.1,1
OB03067,A2,0.01,0
OB06170,A3,0.02,0
OB05830,A3,0.02,1
OB11465,B2,0.06,0
OB08434,B1,0.035,0
OB09741,B1,0.035,0
OB10786,B2,0.06,0
OB01803,A2,0.01,0
OB11029,B2,0.06,0
OB15247,C1,0.16,0
OB03128,A2,0.01,0
OB05093,A3,0.02,0
OB12706,B2,0.06,0
OB02846,A2,0.01,0
OB13530,B3,0.1,0
OB03365,A2,0.01,0
OB14938,C1,0.16,0
OB02116,A2,0.01,0
OB08968,B1,0.035,0
OB01128,A1,0.005,0
OB04933,A3,0.02,0
OB08196,B1,0.035,0
OB12194,B2,0.06,0
OB15913,C3,0.38,0
OB08124,B1,0.035,0
OB03876,A2,0.01,0
OB03684,A2,0.01,0
OB09969,B1,0.035,0
OB11076,B2,0.06,0
OB13425,B3,0.1,0
OB06023,A3,0.02,0
OB00353,A1,0.005,0
OB08372,B1,0.035,0
OB13963,B3,0.1,0
OB09212,B1,0.035,1
OB02596,A2,0.01,0
OB02866,A2,0.01,0
OB02290,A2,0.01,0
OB05026,A3,0.02,0
OB07993,B1,0.035,0
OB02498,A2,0.01,0
OB01993,A2,0.01,0
OB13704,B3,0.1,1
OB02422,A2,0.01,0
OB10536,B2,0.06,0
OB14522,C1,0.16,0
OB08555,B1,0.035,0
OB14156,B3,0.1,0
OB04948,A3,0.02,0
OB13330,B3,0.1,0
OB15234,C1,0.16,0
OB05820,A3,0.02,0
OB00138,A1,0.005,0
OB06713,A3,0.02,0
OB11908,B2,0.06,0
OB03523,A2,0.01,0
OB01593,A1,0.005,0
OB10818,B2,0.06,0
OB09940,B1,0.035,0
OB14263,B3,0.1,0
OB05197,A3,0.02,0
OB07549,B1,0.035,0
OB14616,C1,0.16,0
OB11715,B2,0.06,0
OB02255,A2,0.01,0
OB15306,C1,0.16,1
OB07866,B1,0.035,0
OB05010,A3,0.02,0
OB05875,A3,0.02,0
OB00215,A1,0.005,0
OB10872,B2,0.06,0
OB14410,B3,0.1,0
OB10134,B1,0.035,0
OB00866,A1,0.005,0
OB02351,A2,0.01,0
OB03946,A2,0.01,0
OB06293,A3,0.02,0
OB07111,A3,0.02,0
OB15668,C2,0.25,0
OB06221,A3,0.02,0
OB07437,B1,0.035,0
OB03403,A2,0.01,0
OB02341,A2,0.01,0
OB09014,B1,0.035,0
OB07817,B1,0.035,0
OB03953,A2,0.01,0
OB03515,A2,0.01,0
OB12099,B2,0.06,1
OB09372,B1,0.035,0
OB03747,A2,0.01,0
OB05126,A3,0.02,0
OB12484,B2,0.06,0
OB09777,B1,0.035,0
OB14532,C1,0.16,1
OB07456,B1,0.035,0
OB03790,A2,0.01,0
OB15385,C1,0.16,0
OB00911,A1,0.005,0
OB04851,A3,0.02,0
OB13466,B3,0.1,0
OB00069,A1,0.005,0
OB15181,C1,0.16,0
OB03600,A2,0.01,0
OB02176,A2,0.01,0
OB12677,B2,0.06,0
OB08992,B1,0.035,0
OB01345,A1,0.005,0
OB06573,A3,0.02,0
OB01015,A1,0.005,0
OB13257,B3,0.1,1
OB07110,A3,0.02,0
OB03468,A2,0.01,0
OB10758,B2,0.06,1
OB00493,A1,0.005,0
OB00714,A1,0.005,0
OB07904,B1,0.035,0
OB03657,A2,0.01,0
OB03722,A2,0.01,0
OB06281,A3,0.02,0
OB10272,B1,0.035,0
OB14172,B3,0.1,0
OB12034,B2,0.06,0
OB02098,A2,0.01,0
OB15195,C1,0.16,0
OB09327,B1,0.035,0
OB15904,C3,0.38,0
OB15274,C1,0.16,1
OB03105,A2,0.01,0
OB06575,A3,0.02,0
OB04278,A3,0.02,0
OB00749,A1,0.005,0
OB00530,A1,0.005,0
OB09001,B1,0.035,0
OB08342,B1,0.035,0
OB02994,A2,0.01,0
OB00990,A1,0.005,0
OB09887,B1,0.035,1
OB14790,C1,0.16,0
OB14540,C1,0.16,0
OB01604,A1,0.005,0
OB11545,B2,0.06,0
OB01747,A1,0.005,0
OB14135,B3,0.1,0
OB11216,B2,0.06,0
OB11419,B2,0.06,0
OB03936,A2,0.01,0
OB02035,A2,0.01,0
OB01661,A1,0.005,0
OB00673,A1,0.005,0
OB13631,B3,0.1,0
OB03049,A2,0.01,0
OB00885,A1,0.005,0
OB07703,B1,0.035,0
OB10729,B2,0.06,0
OB00453,A1,0.005,0
OB06368,A3,0.02,0
OB10979,B2,0.06,0
OB09238,B1,0.035,0
OB13957,B3,0.1,0
OB11155,B2,0.06,0
OB02033,A2,0.01,0
OB00647,A1,0.005,0
OB11232,B2,0.06,1
OB00540,A1,0.005,0
OB06206,A3,0.02,0
OB11027,B2,0.06,0
OB11423,B2,0.06,0
OB13461,B3,0.1,0
OB08477,B1,0.035,0
OB13242,B3,0.1,0
OB13123,B3,0.1,1
OB04897,A3,0.02,0
OB05325,A3,0.02,0
OB12244,B2,0.06,0
OB03219,A2,0.01,0
OB03025,A2,0.01,0
OB12131,B2,0.06,0
OB11760,B2,0.06,0
OB05713,A3,0.02,0
OB14542,C1,0.16,1
OB12977,B2,0.06,0
OB06941,A3,0.02,0
OB00548,A1,0.005,0
OB00668,A1,0.005,0
OB13047,B3,0.1,0
OB05184,A3,0.02,0
OB15603,C2,0.25,0
OB12097,B2,0.06,0
OB08924,B1,0.035,0
OB08181,B1,0.035,0
OB12648,B2,0.06,0
OB05522,A3,0.02,0
OB01057,A1,0.005,0
OB05601,A3,0.02,0
OB16117,C3,0.38,1
OB11870,B2,0.06,0
OB11578,B2,0.06,0
OB05962,A3,0.02,0
OB11158,B2,0.06,0
OB05523,A3,0.02,0
OB10016,B1,0.035,0
OB15299,C1,0.16,0
OB14066,B3,0.1,0
OB07702,B1,0.035,0
OB10014,B1,0.035,0
OB00319,A1,0.005,0
OB15463,C2,0.25,0
OB05864,A3,0.02,0
OB10946,B2,0.06,1
OB05174,A3,0.02,0
OB00680,A1,0.005,0
OB03478,A2,0.01,0
OB14312,B3,0.1,0
OB14630,C1,0.16,0
OB06340,A3,0.02,0
OB03704,A2,0.01,0
OB06745,A3,0.02,0
OB01846,A2,0.01,0
OB00211,A1,0.005,0
OB12500,B2,0.06,1
OB10010,B1,0.035,0
OB06252,A3,0.02,0
OB12414,B2,0.06,0
OB02588,A2,0.01,0
OB08773,B1,0.035,0
OB09129,B1,0.035,0
OB13874,B3,0.1,0
OB04463,A3,0.02,1
OB11448,B2,0.06,0
OB08219,B1,0.035,0
OB03081,A2,0.01,0
OB08031,B1,0.035,0
OB08461,B1,0.035,0
OB10140,B1,0.035,0
OB05179,A3,0.02,0
OB06301,A3,0.02,0
OB03136,A2,0.01,0
OB13392,B3,0.1,0
OB15770,C2,0.25,0
OB12176,B2,0.06,0
OB05851,A3,0.02,0
OB13788,B3,0.1,0
OB12515,B2,0.06,0
OB03862,A2,0.01,0
OB09321,B1,0.035,0
OB15321,C1,0.16,1
OB14260,B3,0.1,0
OB02535,A2,0.01,0
OB00487,A1,0.005,0
OB12237,B2,0.06,0
OB04537,A3,0.02,0
OB02843,A2,0.01,0
OB14561,C1,0.16,1
OB06130,A3,0.02,0
OB08699,B1,0.035,0
OB13161,B3,0.1,0
OB13943,B3,0.1,0
OB08987,B1,0.035,0
OB01739,A1,0.005,0
OB14646,C1,0.16,0
OB06856,A3,0.02,0
OB12354,B2,0.06,0
OB13735,B3,0.1,0
OB15398,C1,0.16,0
OB01637,A1,0.005,0
OB14500,B3,0.1,0
OB14737,C1,0.16,0
OB15990,C3,0.38,1
OB13247,B3,0.1,0
OB07893,B1,0.035,0
OB12888,B2,0.06,0
OB06012,A3,0.02,0
OB02390,A2,0.01,0
OB13370,B3,0.1,1
OB15145,C1,0.16,0
OB11143,B2,0.06,0
OB00809,A1,0.005,0
OB03412,A2,0.01,0
OB09424,B1,0.035,0
OB05775,A3,0.02,0
OB01992,A2,0.01,0
OB08043,B1,0.035,0
OB08896,B1,0.035,0
OB15327,C1,0.16,0
OB13814,B3,0.1,0
OB06569,A3,0.02,0
OB09439,B1,0.035,0
OB11620,B2,0.06,0
OB15905,C3,0.38,0
OB14690,C1,0.16,1
OB04083,A2,0.01,0
OB14930,C1,0.16,0
OB11113,B2,0.06,0
OB08426,B1,0.035,0
OB09470,B1,0.035,0
OB15366,C1,0.16,1
OB10663,B2,0.06,0
OB03294,A2,0.01,0
OB03758,A2,0.01,0
OB05234,A3,0.02,0
OB12786,B2,0.06,0
OB13490,B3,0.1,0
OB10260,B1,0.035,0
OB12767,B2,0.06,0
OB12400,B2,0.06,0
OB00350,A1,0.005,0
OB05705,A3,0.02,1
OB05897,A3,0.02,0
OB08596,B1,0.035,0
OB15231,C1,0.16,1
OB05131,A3,0.02,0
OB14183,B3,0.1,0
OB05211,A3,0.02,0
OB00561,A1,0.005,0
OB08367,B1,0.035,1
OB02595,A2,0.01,0
OB11105,B2,0.06,1
OB01767,A1,0.005,0
OB06676,A3,0.02,0
OB03970,A2,0.01,0
OB01887,A2,0.01,0
OB11764,B2,0.06,0
OB11122,B2,0.06,0
OB07727,B1,0.035,0
OB10707,B2,0.06,0
OB02768,A2,0.01,0
OB02414,A2,0.01,0
OB09548,B1,0.035,0
OB09235,B1,0.035,0
OB14829,C1,0.16,0
OB10996,B2,0.06,0
OB08609,B1,0.035,0
OB09560,B1,0.035,0
OB11490,B2,0.06,0
OB10288,B1,0.035,0
OB06254,A3,0.02,0
OB14856,C1,0.16,1
OB08198,B1,0.035,0
OB04013,A2,0.01,0
OB16158,C3,0.38,0
OB08648,B1,0.035,0
OB08834,B1,0.035,0
OB08846,B1,0.035,0
OB08490,B1,0.035,1
OB09879,B1,0.035,0
OB01498,A1,0.005,0
OB03275,A2,0.01,0
OB01863,A2,0.01,0
OB00997,A1,0.005,0
OB10421,B2,0.06,0
OB08418,B1,0.035,0
OB11721,B2,0.06,0
OB12668,B2,0.06,0
OB08861,B1,0.035,0
OB11738,B2,0.06,0
OB07692,B1,0.035,0
OB08717,B1,0.035,0
OB08708,B1,0.035,0
OB03143,A2,0.01,0
OB12736,B2,0.06,1
OB08047,B1,0.035,0
OB14277,B3,0.1,0
OB14723,C1,0.16,0
OB08950,B1,0.035,0
OB09605,B1,0.035,0
OB10498,B2,0.06,1
OB07418,B1,0.035,0
OB01666,A1,0.005,0
OB01325,A1,0.005,0
OB00415,A1,0.005,0
OB05598,A3,0.02,0
OB08966,B1,0.035,0
OB01098,A1,0.005,0
OB08289,B1,0.035,0
OB09612,B1,0.035,0
OB06317,A3,0.02,0
OB00740,A1,0.005,0
OB14335,B3,0.1,1
OB00549,A1,0.005,0
OB08497,B1,0.035,0
OB14329,B3,0.1,0
OB15574,C2,0.25,0
OB15168,C1,0.16,0
OB14545,C1,0.16,1
OB08804,B1,0.035,0
OB02968,A2,0.01,0
OB11299,B2,0.06,0
OB11224,B2,0.06,0
OB01073,A1,0.005,0
OB01388,A1,0.005,0
OB05009,A3,0.02,0
OB00998,A1,0.005,0
OB05302,A3,0.02,0
OB05552,A3,0.02,0
OB03804,A2,0.01,0
OB00986,A1,0.005,0
OB15698,C2,0.25,0
OB00411,A1,0.005,0
OB03637,A2,0.01,0
OB05734,A3,0.02,0
OB13919,B3,0.1,0
OB03779,A2,0.01,1
OB07934,B1,0.035,0
OB02638,A2,0.01,0
OB15847,C2,0.25,1
OB14242,B3,0.1,0
OB10038,B1,0.035,0
OB09166,B1,0.035,0
OB09567,B1,0.035,0
OB07315,B1,0.035,0
OB00056,A1,0.005,0
OB00335,A1,0.005,0
OB13625,B3,0.1,0
OB06432,A3,0.02,0
OB15639,C2,0.25,1
OB14152,B3,0.1,0
OB13982,B3,0.1,0
OB04049,A2,0.01,0
OB06381,A3,0.02,0
OB10149,B1,0.035,0
OB14217,B3,0.1,0
OB10112,B1,0.035,0
OB05049,A3,0.02,0
OB12418,B2,0.06,0
OB10772,B2,0.06,0
OB12245,B2,0.06,0
OB13658,B3,0.1,0
OB01792,A1,0.005,0
OB15276,C1,0.16,1
OB01559,A1,0.005,0
OB16056,C3,0.38,0
OB13066,B3,0.1,0
OB12889,B2,0.06,0
OB11622,B2,0.06,0
OB02541,A2,0.01,0
OB11259,B2,0.06,0
OB02170,A2,0.01,0
OB15294,C1,0.16,0
OB07259,B1,0.035,0
OB08829,B1,0.035,1
OB02232,A2,0.01,0
OB08274,B1,0.035,0
OB15362,C1,0.16,0
OB05301,A3,0.02,0
OB03148,A2,0.01,0
OB15100,C1,0.16,0
OB14347,B3,0.1,0
OB15742,C2,0.25,0
OB15560,C2,0.25,0
OB12687,B2,0.06,0
OB12602,B2,0.06,0
OB00213,A1,0.005,0
OB02195,A2,0.01,0
OB07223,B1,0.035,0
OB09076,B1,0.035,0
OB01385,A1,0.005,0
OB09754,B1,0.035,0
OB13712,B3,0.1,0
OB04239,A3,0.02,0
OB00757,A1,0.005,0
OB00840,A1,0.005,0
OB14031,B3,0.1,0
OB13248,B3,0.1,0
OB11991,B2,0.06,1
OB14804,C1,0.16,0
OB06818,A3,0.02,0
OB09216,B1,0.035,0
OB08588,B1,0.035,0
OB15544,C2,0.25,1
OB13584,B3,0.1,0
OB01346,A1,0.005,0
OB12098,B2,0.06,0
OB12934,B2,0.06,0
OB01014,A1,0.005,0
OB15811,C2,0.25,1
OB12277,B2,0.06,0
OB02936,A2,0.01,0
OB15394,C1,0.16,0
OB11387,B2,0.06,0
OB12087,B2,0.06,0
OB04752,A3,0.02,0
OB13155,B3,0.1,0
OB02328,A2,0.01,0
OB03054,A2,0.01,0
OB13687,B3,0.1,0
OB10303,B1,0.035,0
OB10268,B1,0.035,0
OB12121,B2,0.06,0
OB07852,B1,0.035,0
OB12485,B2,0.06,0
OB13872,B3,0.1,0
OB13094,B3,0.1,0
OB03716,A2,0.01,0
OB09403,B1,0.035,0
OB05940,A3,0.02,0
OB09819,B1,0.035,0
OB08930,B1,0.035,0
OB13791,B3,0.1,0
OB01882,A2,0.01,0
OB12534,B2,0.06,0
OB12066,B2,0.06,0
OB07648,B1,0.035,0
OB08620,B1,0.035,0
OB08815,B1,0.035,0
OB12452,B2,0.06,0
OB00446,A1,0.005,0
OB15488,C2,0.25,1
OB06760,A3,0.02,0
OB01400,A1,0.005,0
OB11295,B2,0.06,0
OB09664,B1,0.035,0
OB15882,C2,0.25,1
OB00243,A1,0.005,0
OB05525,A3,0.02,0
OB11679,B2,0.06,0
OB15109,C1,0.16,0
OB07854,B1,0.035,0
OB06750,A3,0.02,0
OB14862,C1,0.16,1
OB15962,C3,0.38,0
OB05550,A3,0.02,0
OB12492,B2,0.06,0
OB09968,B1,0.035,0
OB03191,A2,0.01,0
OB03608,A2,0.01,0
OB04456,A3,0.02,0
OB13132,B3,0.1,0
OB12808,B2,0.06,0
OB13646,B3,0.1,0
OB06631,A3,0.02,0
OB04279,A3,0.02,0
OB12925,B2,0.06,0
OB00452,A1,0.005,0
OB08618,B1,0.035,0
OB06719,A3,0.02,0
OB01626,A1,0.005,0
OB13239,B3,0.1,0
OB00502,A1,0.005,0
OB15723,C2,0.25,1
OB09814,B1,0.035,0
OB07670,B1,0.035,0
OB15748,C2,0.25,0
OB14089,B3,0.1,0
OB15805,C2,0.25,0
OB06207,A3,0.02,0
OB13265,B3,0.1,0
OB03664,A2,0.01,0
OB07915,B1,0.035,0
OB08389,B1,0.035,0
OB12748,B2,0.06,0
OB07347,B1,0.035,0
OB02316,A2,0.01,0
OB10247,B1,0.035,0
OB07880,B1,0.035,0
OB07637,B1,0.035,0
OB13149,B3,0.1,0
OB15381,C1,0.16,0
OB15370,C1,0.16,0
OB06437,A3,0.02,0
OB03687,A2,0.01,0
OB09165,B1,0.035,1
OB07806,B1,0.035,0
OB15029,C1,0.16,0
OB14178,B3,0.1,0
OB04525,A3,0.02,0
OB02992,A2,0.01,0
OB01701,A1,0.005,0
OB07877,B1,0.035,0
OB07205,B1,0.035,0
OB07015,A3,0.02,0
OB04305,A3,0.02,0
OB04679,A3,0.02,0
OB14982,C1,0.16,1
OB08825,B1,0.035,1
OB10554,B2,0.06,0
OB02838,A2,0.01,0
OB08813,B1,0.035,0
OB03663,A2,0.01,0
OB13808,B3,0.1,1
OB00447,A1,0.005,0
OB01299,A1,0.005,0
OB05739,A3,0.02,0
OB16177,C3,0.38,1
OB13199,B3,0.1,0
OB07751,B1,0.035,0
OB02668,A2,0.01,0
OB06496,A3,0.02,0
OB10387,B1,0.035,0
OB02841,A2,0.01,0
OB10970,B2,0.06,0
OB11963,B2,0.06,0
OB07612,B1,0.035,0
OB05129,A3,0.02,0
OB06081,A3,0.02,0
OB08423,B1,0.035,0
OB06196,A3,0.02,0
OB07255,B1,0.035,0
OB04758,A3,0.02,0
OB14491,B3,0.1,0
OB04904,A3,0.02,0
OB06401,A3,0.02,0
OB08560,B1,0.035,0
OB04207,A3,0.02,0
OB05674,A3,0.02,0
OB00454,A1,0.005,0
OB03243,A2,0.01,1
OB06336,A3,0.02,0
OB11769,B2,0.06,0
OB05267,A3,0.02,0
OB11551,B2,0.06,0
OB13767,B3,0.1,0
OB06611,A3,0.02,0
OB05029,A3,0.02,0
OB03677,A2,0.01,0
OB11350,B2,0.06,0
OB02247,A2,0.01,0
OB09731,B1,0.035,1
OB03240,A2,0.01,0
OB04982,A3,0.02,0
OB14429,B3,0.1,0
OB01021,A1,0.005,0
OB10636,B2,0.06,0
OB04978,A3,0.02,0
OB07148,A3,0.02,0
OB05085,A3,0.02,0
OB10427,B2,0.06,0
OB10100,B1,0.035,0
OB02188,A2,0.01,0
OB15563,C2,0.25,0
OB14107,B3,0.1,0
OB06587,A3,0.02,0
OB06957,A3,0.02,0
OB00796,A1,0.005,0
OB01335,A1,0.005,0
OB11585,B2,0.06,0
OB10036,B1,0.035,0
OB03866,A2,0.01,0
OB04079,A2,0.01,0
OB10040,B1,0.035,0
OB01963,A2,0.01,0
OB04099,A2,0.01,0
OB03337,A2,0.01,0
OB13440,B3,0.1,0
OB06141,A3,0.02,0
OB01808,A2,0.01,0
OB05759,A3,0.02,0
OB07603,B1,0.035,0
OB03561,A2,0.01,0
OB15163,C1,0.16,1
OB01018,A1,0.005,0
OB05994,A3,0.02,0
OB06737,A3,0.02,0
OB15202,C1,0.16,0
OB00509,A1,0.005,0
OB15338,C1,0.16,0
OB14194,B3,0.1,0
OB03713,A2,0.01,0
OB09947,B1,0.035,0
OB12943,B2,0.06,0
OB08399,B1,0.035,0
OB03901,A2,0.01,0
OB06084,A3,0.02,0
OB05521,A3,0.02,0
OB16002,C3,0.38,0
OB15645,C2,0.25,1
OB14446,B3,0.1,0
OB07170,A3,0.02,0
OB05649,A3,0.02,0
OB01878,A2,0.01,0
OB09073,B1,0.035,0
OB06707,A3,0.02,0
OB15101,C1,0.16,1
OB09550,B1,0.035,0
OB13816,B3,0.1,0
OB08016,B1,0.035,0
OB15968,C3,0.38,0
OB03386,A2,0.01,0
OB07373,B1,0.035,0
OB05348,A3,0.02,0
OB03460,A2,0.01,0
OB14747,C1,0.16,1
OB07756,B1,0.035,0
OB08279,B1,0.035,0
OB06242,A3,0.02,0
OB06541,A3,0.02,0
OB13598,B3,0.1,0
OB12109,B2,0.06,0
OB00751,A1,0.005,0
OB10451,B2,0.06,0
OB08155,B1,0.035,0
OB08595,B1,0.035,0
OB01246,A1,0.005,0
OB13281,B3,0.1,0
OB14346,B3,0.1,0
OB10690,B2,0.06,0
OB10119,B1,0.035,0
OB08061,B1,0.035,0
OB09286,B1,0.035,0
OB13032,B3,0.1,0
OB01365,A1,0.005,0
OB03751,A2,0.01,0
OB00789,A1,0.005,0
OB12776,B2,0.06,0
OB02076,A2,0.01,0
OB14958,C1,0.16,0
OB09912,B1,0.035,0
OB08431,B1,0.035,0
OB02353,A2,0.01,0
OB08353,B1,0.035,0
OB15865,C2,0.25,0
OB00323,A1,0.005,0
OB15621,C2,0.25,0
OB05767,A3,0.02,0
OB12714,B2,0.06,0
OB11583,B2,0.06,0
OB15118,C1,0.16,0
OB10556,B2,0.06,0
OB10019,B1,0.035,0
OB02376,A2,0.01,0
OB02156,A2,0.01,0
OB07047,A3,0.02,0
OB07018,A3,0.02,0
OB08727,B1,0.035,0
OB15494,C2,0.25,0
OB13434,B3,0.1,0
OB02832,A2,0.01,0
OB15216,C1,0.16,0
OB08585,B1,0.035,0
OB04262,A3,0.02,0
OB14009,B3,0.1,0
OB11810,B2,0.06,0
OB02000,A2,0.01,0
OB05358,A3,0.02,0
OB02856,A2,0.01,0
OB15249,C1,0.16,1
OB14255,B3,0.1,0
OB04377,A3,0.02,0
OB01027,A1,0.005,0
OB04654,A3,0.02,0
OB03512,A2,0.01,0
OB14515,C1,0.16,1
OB02157,A2,0.01,0
OB03481,A2,0.01,0
OB01801,A2,0.01,0
OB09209,B1,0.035,0
OB08946,B1,0.035,0
OB11756,B2,0.06,0
OB07591,B1,0.035,0
OB03539,A2,0.01,0
OB12443,B2,0.06,0
OB09123,B1,0.035,0
OB08257,B1,0.035,0
OB13130,B3,0.1,0
OB05578,A3,0.02,0
OB13774,B3,0.1,0
OB03824,A2,0.01,0
OB03817,A2,0.01,0
OB03452,A2,0.01,0
OB00263,A1,0.005,0
OB07080,A3,0.02,0
OB07517,B1,0.035,0
OB13950,B3,0.1,0
OB09039,B1,0.035,0
OB15908,C3,0.38,1
OB04876,A3,0.02,0
OB13764,B3,0.1,0
OB06153,A3,0.02,0
OB04354,A3,0.02,0
OB03591,A2,0.01,0
OB05028,A3,0.02,0
OB01239,A1,0.005,0
OB05108,A3,0.02,0
OB14155,B3,0.1,0
OB01643,A1,0.005,0
OB03344,A2,0.01,0
OB11322,B2,0.06,0
OB05483,A3,0.02,0
OB03894,A2,0.01,0
OB11174,B2,0.06,0
OB14950,C1,0.16,0
OB08864,B1,0.035,0
OB11418,B2,0.06,0
OB13734,B3,0.1,0
OB10795,B2,0.06,0
OB11110,B2,0.06,0
OB15599,C2,0.25,1
OB14319,B3,0.1,1
OB03487,A2,0.01,0
OB01454,A1,0.005,0
OB06682,A3,0.02,0
OB07855,B1,0.035,0
OB13209,B3,0.1,0
OB01698,A1,0.005,0
OB00862,A1,0.005,0
OB15685,C2,0.25,0
OB12536,B2,0.06,0
OB01906,A2,0.01,0
OB10802,B2,0.06,0
OB03399,A2,0.01,0
OB11886,B2,0.06,0
OB12901,B2,0.06,0
OB14713,C1,0.16,0
OB16091,C3,0.38,1
OB09024,B1,0.035,0
OB07722,B1,0.035,0
OB11896,B2,0.06,0
OB02556,A2,0.01,0
OB09562,B1,0.035,0
OB03899,A2,0.01,0
OB06304,A3,0.02,0
OB08325,B1,0.035,0
OB04549,A3,0.02,0
OB06397,A3,0.02,0
OB16058,C3,0.38,0
OB01550,A1,0.005,0
OB10475,B2,0.06,0
OB15522,C2,0.25,0
OB12800,B2,0.06,0
OB12341,B2,0.06,0
OB08149,B1,0.035,0
OB13703,B3,0.1,0
OB02881,A2,0.01,0
OB14391,B3,0.1,0
OB10420,B2,0.06,0
OB10136,B1,0.035,0
OB08913,B1,0.035,0
OB05834,A3,0.02,1
OB13988,B3,0.1,0
OB09186,B1,0.035,0
OB11190,B2,0.06,0
OB14189,B3,0.1,0
OB10935,B2,0.06,0
OB07707,B1,0.035,0
OB14599,C1,0.16,0
OB15764,C2,0.25,0
OB05136,A3,0.02,0
OB10722,B2,0.06,0
OB08983,B1,0.035,0
OB15383,C1,0.16,0
OB07924,B1,0.035,0
OB00935,A1,0.005,0
OB15841,C2,0.25,1
OB01784,A1,0.005,0
OB01427,A1,0.005,0
OB01735,A1,0.005,0
OB08893,B1,0.035,0
OB15213,C1,0.16,0
OB04938,A3,0.02,0
OB00345,A1,0.005,0
OB09856,B1,0.035,0
OB00418,A1,0.005,0
OB09274,B1,0.035,0
OB01044,A1,0.005,0
OB03038,A2,0.01,0
OB15720,C2,0.25,0
OB12406,B2,0.06,0
OB07926,B1,0.035,0
OB11811,B2,0.06,0
OB07274,B1,0.035,0
OB00324,A1,0.005,0
OB10169,B1,0.035,0
OB03897,A2,0.01,0
OB02269,A2,0.01,0
OB02221,A2,0.01,0
OB12349,B2,0.06,0
OB06150,A3,0.02,0
OB03778,A2,0.01,0
OB15403,C2,0.25,1
OB07442,B1,0.035,0
OB00720,A1,0.005,0
OB13354,B3,0.1,1
OB15024,C1,0.16,0
OB14167,B3,0.1,0
OB11940,B2,0.06,0
OB06784,A3,0.02,0
OB08053,B1,0.035,0
OB07770,B1,0.035,0
OB12487,B2,0.06,0
OB14109,B3,0.1,1
OB03877,A2,0.01,0
OB12861,B2,0.06,0
OB00778,A1,0.005,0
OB05276,A3,0.02,0
OB06433,A3,0.02,0
OB16153,C3,0.38,1
OB09036,B1,0.035,0
OB01386,A1,0.005,0
OB08625,B1,0.035,0
OB11554,B2,0.06,0
OB02637,A2,0.01,0
OB06606,A3,0.02,0
OB00451,A1,0.005,0
OB05632,A3,0.02,0
OB04159,A2,0.01,0
OB04787,A3,0.02,0
OB11609,B2,0.06,0
OB02566,A2,0.01,0
OB04074,A2,0.01,0
OB02697,A2,0.01,0
OB03421,A2,0.01,0
OB15600,C2,0.25,0
OB10812,B2,0.06,0
OB02747,A2,0.01,0
OB08103,B1,0.035,0
OB03235,A2,0.01,0
OB04854,A3,0.02,0
OB14674,C1,0.16,0
OB12878,B2,0.06,0
OB03378,A2,0.01,0
OB09232,B1,0.035,0
OB14249,B3,0.1,0
OB02118,A2,0.01,0
OB08627,B1,0.035,0
OB15067,C1,0.16,0
OB05534,A3,0.02,0
OB15557,C2,0.25,1
OB12939,B2,0.06,0
OB04445,A3,0.02,0
OB10906,B2,0.06,0
OB05362,A3,0.02,0
OB01834,A2,0.01,0
OB01943,A2,0.01,0
OB05510,A3,0.02,0
OB15821,C2,0.25,0
OB00910,A1,0.005,0
OB08157,B1,0.035,0
OB00702,A1,0.005,0
OB02427,A2,0.01,0
OB00134,A1,0.005,0
OB06831,A3,0.02,0
OB03342,A2,0.01,0
OB13096,B3,0.1,0
OB00271,A1,0.005,0
OB09591,B1,0.035,0
OB04740,A3,0.02,0
OB14594,C1,0.16,0
OB06327,A3,0.02,0
OB12039,B2,0.06,1
OB06642,A3,0.02,0
OB01840,A2,0.01,0
OB08108,B1,0.035,0
OB01020,A1,0.005,0
OB02611,A2,0.01,0
OB07099,A3,0.02,0
OB10855,B2,0.06,0
OB07631,B1,0.035,0
OB09153,B1,0.035,0
OB11321,B2,0.06,0
OB07350,B1,0.035,0
OB07413,B1,0.035,0
OB11552,B2,0.06,0
OB12788,B2,0.06,0
OB10335,B1,0.035,0
OB05709,A3,0.02,0
OB09544,B1,0.035,0
OB06145,A3,0.02,0
OB15345,C1,0.16,0
OB13558,B3,0.1,0
OB01932,A2,0.01,0
OB15542,C2,0.25,0
OB09772,B1,0.035,0
OB05137,A3,0.02,0
OB05171,A3,0.02,0
OB04867,A3,0.02,0
OB11183,B2,0.06,0
OB11876,B2,0.06,0
OB02293,A2,0.01,0
OB06556,A3,0.02,0
OB16041,C3,0.38,0
OB02194,A2,0.01,0
OB06361,A3,0.02,0
OB06895,A3,0.02,0
OB09408,B1,0.035,0
OB13102,B3,0.1,0
OB01266,A1,0.005,0
OB05155,A3,0.02,0
OB01457,A1,0.005,0
OB05977,A3,0.02,0
OB07321,B1,0.035,0
OB10688,B2,0.06,0
OB11177,B2,0.06,0
OB00820,A1,0.005,0
OB07345,B1,0.035,0
OB12081,B2,0.06,0
OB08437,B1,0.035,0
OB14320,B3,0.1,0
OB14722,C1,0.16,0
OB00435,A1,0.005,0
OB14336,B3,0.1,0
OB06218,A3,0.02,0
OB12183,B2,0.06,0
OB12253,B2,0.06,0
OB05848,A3,0.02,0
OB11648,B2,0.06,0
OB00658,A1,0.005,0
OB06202,A3,0.02,0
OB08670,B1,0.035,0
OB10355,B1,0.035,0
OB04808,A3,0.02,0
OB12001,B2,0.06,0
OB15683,C2,0.25,1
OB06320,A3,0.02,0
OB02686,A2,0.01,0
OB08688,B1,0.035,1
OB11873,B2,0.06,0
OB00846,A1,0.005,0
OB09087,B1,0.035,0
OB01273,A1,0.005,0
OB13981,B3,0.1,0
OB06805,A3,0.02,0
OB07051,A3,0.02,0
OB13477,B3,0.1,0
OB10697,B2,0.06,0
OB10964,B2,0.06,0
OB00908,A1,0.005,0
OB00564,A1,0.005,0
OB13666,B3,0.1,0
OB02880,A2,0.01,0
OB08874,B1,0.035,0
OB14659,C1,0.16,1
OB00020,A1,0.005,0
OB05881,A3,0.02,0
OB10253,B1,0.035,0
OB09902,B1,0.035,0
OB00124,A1,0.005,0
OB15883,C2,0.25,0
OB09032,B1,0.035,0
OB11082,B2,0.06,0
OB06107,A3,0.02,0
OB05367,A3,0.02,0
OB02393,A2,0.01,0
OB12991,B2,0.06,0
OB04875,A3,0.02,0
OB06294,A3,0.02,0
OB05472,A3,0.02,0
OB06034,A3,0.02,0
OB02213,A2,0.01,0
OB09050,B1,0.035,0
OB04064,A2,0.01,0
OB06369,A3,0.02,0
OB04203,A3,0.02,0
OB01237,A1,0.005,0
OB02700,A2,0.01,0
OB06997,A3,0.02,0
OB07399,B1,0.035,0
OB03175,A2,0.01,0
OB03489,A2,0.01,0
OB04126,A2,0.01,0
OB01674,A1,0.005,0
OB11209,B2,0.06,0
OB00276,A1,0.005,0
OB03620,A2,0.01,0
OB07095,A3,0.02,0
OB02633,A2,0.01,0
OB12746,B2,0.06,0
OB13789,B3,0.1,0
OB16139,C3,0.38,0
OB00330,A1,0.005,0
OB11709,B2,0.06,0
OB14431,B3,0.1,0
OB03372,A2,0.01,0
OB14047,B3,0.1,0
OB06277,A3,0.02,0
OB04206,A3,0.02,0
OB07535,B1,0.035,0
OB03045,A2,0.01,0
OB05966,A3,0.02,0
OB13313,B3,0.1,1
OB04893,A3,0.02,0
OB03697,A2,0.01,0
OB10364,B1,0.035,0
OB10768,B2,0.06,0
OB11078,B2,0.06,0
OB13441,B3,0.1,0
OB00571,A1,0.005,0
OB11856,B2,0.06,0
OB07968,B1,0.035,0
OB01866,A2,0.01,0
OB09740,B1,0.035,0
OB12951,B2,0.06,0
OB00684,A1,0.005,0
OB10540,B2,0.06,0
OB07721,B1,0.035,0
OB02191,A2,0.01,0
OB11861,B2,0.06,0
OB15885,C2,0.25,1
OB04170,A2,0.01,0
OB07543,B1,0.035,0
OB14763,C1,0.16,0
OB03409,A2,0.01,0
OB09145,B1,0.035,0
OB08803,B1,0.035,0
OB12832,B2,0.06,0
OB16195,C3,0.38,0
OB11947,B2,0.06,0
OB08753,B1,0.035,0
OB11168,B2,0.06,0
OB08628,B1,0.035,1
OB14555,C1,0.16,0
OB01597,A1,0.005,0
OB02766,A2,0.01,0
OB15765,C2,0.25,0
OB15169,C1,0.16,1
OB07647,B1,0.035,0
OB03239,A2,0.01,0
OB13936,B3,0.1,0
OB06978,A3,0.02,0
OB02602,A2,0.01,0
OB09359,B1,0.035,0
OB14900,C1,0.16,0
OB05526,A3,0.02,0
OB15082,C1,0.16,1
OB13387,B3,0.1,0
OB08854,B1,0.035,0
OB13363,B3,0.1,0
OB12810,B2,0.06,0
OB08293,B1,0.035,0
OB01468,A1,0.005,0
OB04987,A3,0.02,0
OB03773,A2,0.01,0
OB11307,B2,0.06,0
OB06356,A3,0.02,0
OB00982,A1,0.005,0
OB14629,C1,0.16,0
OB08093,B1,0.035,0
OB07116,A3,0.02,0
OB07061,A3,0.02,0
OB14877,C1,0.16,1
OB04490,A3,0.02,0
OB02970,A2,0.01,0
OB11305,B2,0.06,1
OB01241,A1,0.005,0
OB11102,B2,0.06,0
OB10965,B2,0.06,0
OB08981,B1,0.035,0
OB03027,A2,0.01,0
OB03216,A2,0.01,0
OB11176,B2,0.06,1
OB02421,A2,0.01,0
OB03013,A2,0.01,0
OB06353,A3,0.02,0
OB04360,A3,0.02,0
OB11310,B2,0.06,0
OB02883,A2,0.01,0
OB07479,B1,0.035,0
OB14318,B3,0.1,0
OB10888,B2,0.06,0
OB07746,B1,0.035,0
OB03989,A2,0.01,0
OB06926,A3,0.02,0
OB01743,A1,0.005,0
OB09568,B1,0.035,0
OB06861,A3,0.02,0
OB08398,B1,0.035,0
OB01376,A1,0.005,0
OB09199,B1,0.035,0
OB15035,C1,0.16,0
OB05944,A3,0.02,0
OB15165,C1,0.16,0
OB11050,B2,0.06,0
OB01143,A1,0.005,0
OB04160,A2,0.01,0
OB02217,A2,0.01,0
OB15655,C2,0.25,0
OB08574,B1,0.035,0
OB11226,B2,0.06,0
OB12060,B2,0.06,0
OB14126,B3,0.1,0
OB09246,B1,0.035,0
OB07229,B1,0.035,0
OB03335,A2,0.01,0
OB02981,A2,0.01,0
OB05900,A3,0.02,0
OB06581,A3,0.02,0
OB09823,B1,0.035,0
OB12174,B2,0.06,0
OB05538,A3,0.02,0
OB06013,A3,0.02,0
OB10298,B1,0.035,0
OB09545,B1,0.035,0
OB08928,B1,0.035,0
OB15048,C1,0.16,0
OB13797,B3,0.1,0
OB05107,A3,0.02,0
OB15379,C1,0.16,0
OB15271,C1,0.16,0
OB10379,B1,0.035,0
OB14202,B3,0.1,0
OB03195,A2,0.01,0
OB15858,C2,0.25,0
OB05328,A3,0.02,0
OB12014,B2,0.06,0
OB10482,B2,0.06,0
OB10559,B2,0.06,0
OB09078,B1,0.035,0
OB01651,A1,0.005,0
OB03110,A2,0.01,0
OB12937,B2,0.06,0
OB11517,B2,0.06,0
OB08965,B1,0.035,0
OB05393,A3,0.02,0
OB06447,A3,0.02,0
OB06348,A3,0.02,0
OB01008,A1,0.005,0
OB08711,B1,0.035,0
OB09996,B1,0.035,0
OB12476,B2,0.06,0
OB14871,C1,0.16,0
OB09641,B1,0.035,0
OB14656,C1,0.16,1
OB00472,A1,0.005,0
OB03126,A2,0.01,0
OB06205,A3,0.02,0
OB01108,A1,0.005,0
OB01797,A1,0.005,0
OB10175,B1,0.035,0
OB11979,B2,0.06,0
OB11036,B2,0.06,0
OB10643,B2,0.06,0
OB12294,B2,0.06,1
OB04100,A2,0.01,0
OB06334,A3,0.02,0
OB16127,C3,0.38,0
OB01062,A1,0.005,0
OB11452,B2,0.06,0
OB14292,B3,0.1,0
OB00191,A1,0.005,0
OB06892,A3,0.02,0
OB08057,B1,0.035,0
OB07409,B1,0.035,0
OB05456,A3,0.02,0
OB07270,B1,0.035,0
OB10127,B1,0.035,0
OB14416,B3,0.1,0
OB01371,A1,0.005,0
OB11171,B2,0.06,0
OB15365,C1,0.16,0
OB10897,B2,0.06,0
OB08687,B1,0.035,0
OB08303,B1,0.035,0
OB03739,A2,0.01,0
OB09248,B1,0.035,0
OB00790,A1,0.005,0
OB14844,C1,0.16,0
OB03221,A2,0.01,0
OB08205,B1,0.035,0
OB15581,C2,0.25,0
OB11661,B2,0.06,0
OB02929,A2,0.01,0
OB01915,A2,0.01,0
OB13309,B3,0.1,0
OB13405,B3,0.1,0
OB13185,B3,0.1,0
OB11592,B2,0.06,0
OB09126,B1,0.035,0
OB05142,A3,0.02,0
OB11291,B2,0.06,0
OB05953,A3,0.02,0
OB15228,C1,0.16,1
OB10737,B2,0.06,0
OB08230,B1,0.035,0
OB09753,B1,0.035,0
OB06073,A3,0.02,0
OB04067,A2,0.01,0
OB07811,B1,0.035,0
OB12784,B2,0.06,0
OB05235,A3,0.02,0
OB05100,A3,0.02,0
OB02458,A2,0.01,0
OB01022,A1,0.005,0
OB10807,B2,0.06,0
OB13506,B3,0.1,0
OB13494,B3,0.1,0
OB09479,B1,0.035,0
OB01285,A1,0.005,0
OB04059,A2,0.01,0
OB05036,A3,0.02,0
OB10113,B1,0.035,0
OB03768,A2,0.01,0
OB08297,B1,0.035,0
OB07836,B1,0.035,0
OB03393,A2,0.01,0
OB12690,B2,0.06,0
OB14427,B3,0.1,1
OB07295,B1,0.035,0
OB01269,A1,0.005,0
OB04616,A3,0.02,0
OB04613,A3,0.02,0
OB04725,A3,0.02,0
OB00927,A1,0.005,0
OB05268,A3,0.02,0
OB08856,B1,0.035,0
OB14240,B3,0.1,0
OB06743,A3,0.02,0
OB09536,B1,0.035,0
OB05992,A3,0.02,0
OB11792,B2,0.06,0
OB08851,B1,0.035,0
OB04144,A2,0.01,0
OB05902,A3,0.02,0
OB16149,C3,0.38,0
OB09554,B1,0.035,0
OB06063,A3,0.02,0
OB14299,B3,0.1,1
OB07674,B1,0.035,0
OB12597,B2,0.06,0
OB05334,A3,0.02,0
OB15625,C2,0.25,0
OB13758,B3,0.1,0
OB15437,C2,0.25,0
OB07725,B1,0.035,0
OB15444,C2,0.25,0
OB08871,B1,0.035,0
OB07809,B1,0.035,0
OB10868,B2,0.06,0
OB11677,B2,0.06,0
OB14680,C1,0.16,0
OB08358,B1,0.035,0
OB11613,B2,0.06,0
OB07813,B1,0.035,0
OB10635,B2,0.06,0
OB10225,B1,0.035,0
OB15788,C2,0.25,1
OB16065,C3,0.38,0
OB10860,B2,0.06,0
OB15018,C1,0.16,1
OB09799,B1,0.035,0
OB00231,A1,0.005,0
OB11644,B2,0.06,0
OB11990,B2,0.06,0
OB11823,B2,0.06,0
OB11638,B2,0.06,0
OB16000,C3,0.38,0
OB14323,B3,0.1,0
OB03484,A2,0.01,0
OB03508,A2,0.01,0
OB13323,B3,0.1,0
OB07949,B1,0.035,0
OB09841,B1,0.035,0
OB01927,A2,0.01,0
OB14110,B3,0.1,1
OB10850,B2,0.06,0
OB16088,C3,0.38,0
OB01851,A2,0.01,0
OB16182,C3,0.38,0
OB00886,A1,0.005,0
OB15819,C2,0.25,1
OB14059,B3,0.1,0
OB10501,B2,0.06,0
OB05255,A3,0.02,0
OB03234,A2,0.01,0
OB10726,B2,0.06,0
OB14988,C1,0.16,0
OB04027,A2,0.01,0
OB07758,B1,0.035,0
OB05993,A3,0.02,0
OB07825,B1,0.035,0
OB15435,C2,0.25,0
OB06065,A3,0.02,0
OB15607,C2,0.25,1
OB10348,B1,0.035,0
OB14742,C1,0.16,0
OB07455,B1,0.035,0
OB05607,A3,0.02,0
OB03277,A2,0.01,0
OB00580,A1,0.005,0
OB04116,A2,0.01,0
OB12795,B2,0.06,0
OB13893,B3,0.1,0
OB11421,B2,0.06,0
OB05110,A3,0.02,0
OB04618,A3,0.02,0
OB00771,A1,0.005,0
OB14563,C1,0.16,0
OB01766,A1,0.005,0
OB15481,C2,0.25,0
OB07309,B1,0.035,0
OB12825,B2,0.06,0
OB00495,A1,0.005,0
OB01084,A1,0.005,0
OB00419,A1,0.005,0
OB02549,A2,0.01,0
OB14811,C1,0.16,0
OB14853,C1,0.16,0
OB15750,C2,0.25,0
OB10659,B2,0.06,0
OB14220,B3,0.1,0
OB13887,B3,0.1,0
OB15545,C2,0.25,0
OB11630,B2,0.06,0
OB04698,A3,0.02,0
OB11142,B2,0.06,0
OB15405,C2,0.25,1
OB06469,A3,0.02,0
OB02319,A2,0.01,0
OB13721,B3,0.1,1
OB01725,A1,0.005,0
OB02139,A2,0.01,0
OB10457,B2,0.06,0
OB05635,A3,0.02,0
OB07263,B1,0.035,0
OB00481,A1,0.005,0
OB04706,A3,0.02,0
OB06302,A3,0.02,0
OB02951,A2,0.01,0
OB10397,B1,0.035,0
OB13150,B3,0.1,0
OB12016,B2,0.06,0
OB13866,B3,0.1,1
OB10332,B1,0.035,0
OB01045,A1,0.005,0
OB10955,B2,0.06,0
OB11237,B2,0.06,0
OB11019,B2,0.06,0
OB06619,A3,0.02,0
OB06759,A3,0.02,0
OB06323,A3,0.02,0
OB06386,A3,0.02,0
OB07058,A3,0.02,0
OB13924,B3,0.1,0
OB08962,B1,0.035,0
OB06375,A3,0.02,0
OB05585,A3,0.02,0
OB01420,A1,0.005,0
OB11182,B2,0.06,0
OB03754,A2,0.01,0
OB05101,A3,0.02,0
OB05062,A3,0.02,0
OB07605,B1,0.035,0
OB05210,A3,0.02,0
OB00627,A1,0.005,0
OB10937,B2,0.06,0
OB09381,B1,0.035,0
OB06282,A3,0.02,0
OB14671,C1,0.16,0
OB00639,A1,0.005,0
OB05018,A3,0.02,0
OB09745,B1,0.035,0
OB06838,A3,0.02,1
OB14017,B3,0.1,0
OB00027,A1,0.005,0
OB12913,B2,0.06,0
OB13662,B3,0.1,0
OB13821,B3,0.1,0
OB04984,A3,0.02,0
OB11136,B2,0.06,0
OB05450,A3,0.02,0
OB11538,B2,0.06,0
OB08271,B1,0.035,0
OB08586,B1,0.035,0
OB01635,A1,0.005,0
OB13006,B3,0.1,0
OB03588,A2,0.01,0
OB04648,A3,0.02,0
OB14146,B3,0.1,0
OB01564,A1,0.005,0
OB04306,A3,0.02,0
OB15786,C2,0.25,0
OB14963,C1,0.16,0
OB11269,B2,0.06,0
OB12293,B2,0.06,0
OB13195,B3,0.1,0
OB10347,B1,0.035,0
OB14357,B3,0.1,0
OB06968,A3,0.02,0
OB11543,B2,0.06,0
OB08246,B1,0.035,0
OB07322,B1,0.035,0
OB12852,B2,0.06,0
OB03423,A2,0.01,0
OB08074,B1,0.035,0
OB10359,B1,0.035,1
OB14169,B3,0.1,0
OB02950,A2,0.01,0
OB07895,B1,0.035,0
OB05763,A3,0.02,0
OB01336,A1,0.005,0
OB13331,B3,0.1,0
OB02739,A2,0.01,0
OB12490,B2,0.06,0
OB08387,B1,0.035,0
OB13934,B3,0.1,0
OB12849,B2,0.06,0
OB01789,A1,0.005,0
OB15313,C1,0.16,0
OB08786,B1,0.035,0
OB08554,B1,0.035,0
OB06524,A3,0.02,0
OB05317,A3,0.02,0
OB12073,B2,0.06,0
OB12755,B2,0.06,0
OB07816,B1,0.035,0
OB02275,A2,0.01,0
OB12838,B2,0.06,0
OB10459,B2,0.06,0
OB02514,A2,0.01,0
OB07558,B1,0.035,0
OB05071,A3,0.02,0
OB08964,B1,0.035,0
OB03678,A2,0.01,0
OB00014,A1,0.005,0
OB14174,B3,0.1,0
OB03209,A2,0.01,0
OB08313,B1,0.035,0
OB04158,A2,0.01,0
OB02085,A2,0.01,0
OB09020,B1,0.035,0
OB03169,A2,0.01,0
OB02383,A2,0.01,0
OB12298,B2,0.06,0
OB12368,B2,0.06,0
OB12797,B2,0.06,0
OB07568,B1,0.035,0
OB07251,B1,0.035,0
OB04588,A3,0.02,0
OB07790,B1,0.035,0
OB12531,B2,0.06,0
OB15752,C2,0.25,0
OB11973,B2,0.06,0
OB00623,A1,0.005,1
OB01681,A1,0.005,0
OB02655,A2,0.01,0
OB04324,A3,0.02,0
OB09223,B1,0.035,0
OB02636,A2,0.01,0
OB03173,A2,0.01,0
OB01971,A2,0.01,0
OB14034,B3,0.1,0
OB06802,A3,0.02,0
OB15026,C1,0.16,1
OB11096,B2,0.06,0
OB00899,A1,0.005,0
OB12897,B2,0.06,0
OB12571,B2,0.06,0
OB13270,B3,0.1,0
OB10115,B1,0.035,0
OB04052,A2,0.01,0
OB12880,B2,0.06,0
OB04540,A3,0.02,0
OB00359,A1,0.005,0
OB05390,A3,0.02,0
OB03724,A2,0.01,0
OB09191,B1,0.035,0
OB09326,B1,0.035,0
OB02333,A2,0.01,0
OB11442,B2,0.06,1
OB00188,A1,0.005,0
OB11478,B2,0.06,0
OB03956,A2,0.01,0
OB13991,B3,0.1,0
OB02007,A2,0.01,0
OB15677,C2,0.25,0
OB08384,B1,0.035,0
OB09086,B1,0.035,0
OB01875,A2,0.01,0
OB10325,B1,0.035,1
OB10644,B2,0.06,1
OB08141,B1,0.035,0
OB02764,A2,0.01,0
OB07937,B1,0.035,0
OB06466,A3,0.02,0
OB15876,C2,0.25,0
OB03138,A2,0.01,0
OB12953,B2,0.06,0
OB08449,B1,0.035,0
OB04625,A3,0.02,0
OB01063,A1,0.005,0
OB09336,B1,0.035,0
OB06391,A3,0.02,0
OB01833,A2,0.01,0
OB07734,B1,0.035,0
OB05860,A3,0.02,0
OB05134,A3,0.02,0
OB08664,B1,0.035,0
OB04999,A3,0.02,0
OB15046,C1,0.16,1
OB00760,A1,0.005,0
OB03091,A2,0.01,0
OB03416,A2,0.01,0
OB13942,B3,0.1,0
OB15582,C2,0.25,0
OB03642,A2,0.01,0
OB14695,C1,0.16,1
OB04487,A3,0.02,0
OB05461,A3,0.02,0
OB05719,A3,0.02,0
OB04988,A3,0.02,0
OB06418,A3,0.02,0
OB01632,A1,0.005,0
OB00653,A1,0.005,0
OB06817,A3,0.02,0
OB13512,B3,0.1,0
OB10340,B1,0.035,0
OB12809,B2,0.06,1
OB13623,B3,0.1,0
OB14684,C1,0.16,1
OB11833,B2,0.06,0
OB10281,B1,0.035,0
OB00152,A1,0.005,0
OB10506,B2,0.06,1
OB11741,B2,0.06,0
OB03809,A2,0.01,0
OB05886,A3,0.02,0
OB11845,B2,0.06,1
OB06881,A3,0.02,1
OB00920,A1,0.005,0
OB06407,A3,0.02,0
OB02580,A2,0.01,0
OB03004,A2,0.01,0
OB14857,C1,0.16,0
OB05825,A3,0.02,0
OB14502,C1,0.16,0
OB09442,B1,0.035,0
OB03993,A2,0.01,0
OB02851,A2,0.01,0
OB13463,B3,0.1,1
OB06591,A3,0.02,0
OB12435,B2,0.06,1
OB14350,B3,0.1,0
OB11030,B2,0.06,0
OB06698,A3,0.02,0
OB03795,A2,0.01,0
OB05889,A3,0.02,0
OB12656,B2,0.06,0
OB03023,A2,0.01,0
OB12278,B2,0.06,0
OB10060,B1,0.035,0
OB02237,A2,0.01,0
OB08903,B1,0.035,0
OB04000,A2,0.01,0
OB15254,C1,0.16,0
OB11537,B2,0.06,0
OB01130,A1,0.005,0
OB05434,A3,0.02,0
OB03567,A2,0.01,0
OB06830,A3,0.02,0
OB11996,B2,0.06,0
OB14408,B3,0.1,0
OB07353,B1,0.035,0
OB09205,B1,0.035,0
OB00842,A1,0.005,0
OB15259,C1,0.16,1
OB10305,B1,0.035,0
OB06414,A3,0.02,0
OB11917,B2,0.06,0
OB04514,A3,0.02,0
OB11272,B2,0.06,0
OB03164,A2,0.01,0
OB01442,A1,0.005,0
OB09806,B1,0.035,0
OB10709,B2,0.06,1
OB04871,A3,0.02,0
OB11094,B2,0.06,0
OB03867,A2,0.01,0
OB03451,A2,0.01,0
OB08509,B1,0.035,0
OB07500,B1,0.035,0
OB02998,A2,0.01,0
OB00880,A1,0.005,0
OB06346,A3,0.02,0
OB03679,A2,0.01,0
OB07019,A3,0.02,0
OB12056,B2,0.06,0
OB00331,A1,0.005,0
OB09866,B1,0.035,0
OB08979,B1,0.035,0
OB05975,A3,0.02,0
OB09691,B1,0.035,0
OB04129,A2,0.01,0
OB12617,B2,0.06,0
OB13142,B3,0.1,0
OB14165,B3,0.1,0
OB02418,A2,0.01,0
OB01439,A1,0.005,0
OB01982,A2,0.01,0
OB13619,B3,0.1,0
OB06315,A3,0.02,0
OB04760,A3,0.02,0
OB12128,B2,0.06,0
OB09203,B1,0.035,0
OB09526,B1,0.035,0
OB06366,A3,0.02,0
OB11581,B2,0.06,0
OB05238,A3,0.02,0
OB07217,B1,0.035,0
OB10242,B1,0.035,0
OB01849,A2,0.01,0
OB15456,C2,0.25,0
OB16104,C3,0.38,1
OB12469,B2,0.06,1
OB03769,A2,0.01,0
OB02926,A2,0.01,0
OB07257,B1,0.035,0
OB14964,C1,0.16,0
OB07341,B1,0.035,0
OB08083,B1,0.035,0
OB02847,A2,0.01,0
OB10396,B1,0.035,0
OB14262,B3,0.1,0
OB02789,A2,0.01,0
OB08548,B1,0.035,0
OB05237,A3,0.02,0
OB11249,B2,0.06,0
OB14492,B3,0.1,0
OB02759,A2,0.01,0
OB14765,C1,0.16,0
OB13432,B3,0.1,0
OB08134,B1,0.035,0
OB10300,B1,0.035,0
OB04543,A3,0.02,0
OB04869,A3,0.02,0
OB14762,C1,0.16,0
OB12931,B2,0.06,0
OB07045,A3,0.02,0
OB05630,A3,0.02,0
OB09620,B1,0.035,0
OB14668,C1,0.16,0
OB06999,A3,0.02,0
OB03441,A2,0.01,0
OB04528,A3,0.02,0
OB11732,B2,0.06,0
OB11011,B2,0.06,0
OB12650,B2,0.06,0
OB06722,A3,0.02,0
OB07748,B1,0.035,0
OB09994,B1,0.035,0
OB08942,B1,0.035,0
OB07291,B1,0.035,0
OB00379,A1,0.005,0
OB08276,B1,0.035,0
OB15658,C2,0.25,0
OB05623,A3,0.02,0
OB04225,A3,0.02,0
OB02524,A2,0.01,0
OB09624,B1,0.035,0
OB06279,A3,0.02,0
OB10045,B1,0.035,0
OB13246,B3,0.1,0
OB07316,B1,0.035,1
OB07975,B1,0.035,0
OB14487,B3,0.1,0
OB06288,A3,0.02,0
OB04308,A3,0.02,0
OB00523,A1,0.005,0
OB05642,A3,0.02,0
OB13979,B3,0.1,0
OB07368,B1,0.035,0
OB02296,A2,0.01,0
OB15478,C2,0.25,0
OB09494,B1,0.035,0
OB07740,B1,0.035,0
OB08304,B1,0.035,0
OB14865,C1,0.16,0
OB08881,B1,0.035,0
OB09781,B1,0.035,0
OB12044,B2,0.06,1
OB05804,A3,0.02,0
OB04727,A3,0.02,0
OB11070,B2,0.06,0
OB09049,B1,0.035,0
OB03322,A2,0.01,0
OB11348,B2,0.06,0
OB10376,B1,0.035,0
OB00470,A1,0.005,0
OB03147,A2,0.01,0
OB16181,C3,0.38,1
OB03937,A2,0.01,0
OB11371,B2,0.06,0
OB06426,A3,0.02,0
OB13976,B3,0.1,0
OB16155,C3,0.38,1
OB07833,B1,0.035,0
OB10223,B1,0.035,0
OB07152,A3,0.02,0
OB14525,C1,0.16,0
OB12771,B2,0.06,0
OB12232,B2,0.06,0
OB04211,A3,0.02,0
OB06016,A3,0.02,0
OB11236,B2,0.06,0
OB08546,B1,0.035,0
OB13000,B2,0.06,0
OB08300,B1,0.035,0
OB15149,C1,0.16,0
OB13684,B3,0.1,0
OB04461,A3,0.02,0
OB00009,A1,0.005,0
OB07301,B1,0.035,0
OB09837,B1,0.035,0
OB07422,B1,0.035,0
OB14788,C1,0.16,0
OB00873,A1,0.005,0
OB02674,A2,0.01,0
OB04066,A2,0.01,0
OB02753,A2,0.01,0
OB01850,A2,0.01,0
OB13636,B3,0.1,0
OB09520,B1,0.035,0
OB08244,B1,0.035,0
OB12904,B2,0.06,0
OB04046,A2,0.01,0
OB00629,A1,0.005,0
OB03241,A2,0.01,0
OB03714,A2,0.01,0
OB06936,A3,0.02,0
OB12684,B2,0.06,0
OB05422,A3,0.02,1
OB10941,B2,0.06,0
OB09499,B1,0.035,0
OB11416,B2,0.06,1
OB15951,C3,0.38,1
OB09717,B1,0.035,0
OB09684,B1,0.035,0
OB02030,A2,0.01,0
OB06057,A3,0.02,0
OB06124,A3,0.02,0
OB14962,C1,0.16,1
OB05098,A3,0.02,0
OB11284,B2,0.06,0
OB09714,B1,0.035,0
OB04333,A3,0.02,0
OB15317,C1,0.16,0
OB14143,B3,0.1,0
OB12730,B2,0.06,0
OB02236,A2,0.01,0
OB08248,B1,0.035,0
OB06260,A3,0.02,0
OB09454,B1,0.035,0
OB10520,B2,0.06,0
OB00341,A1,0.005,0
OB04629,A3,0.02,0
OB03827,A2,0.01,0
OB10679,B2,0.06,1
OB15388,C1,0.16,0
OB03535,A2,0.01,0
OB09518,B1,0.035,0
OB09385,B1,0.035,0
OB15001,C1,0.16,0
OB08675,B1,0.035,0
OB14266,B3,0.1,0
OB04836,A3,0.02,0
OB00476,A1,0.005,0
OB09303,B1,0.035,0
OB10003,B1,0.035,0
OB11162,B2,0.06,0
OB07572,B1,0.035,0
OB00672,A1,0.005,0
OB14145,B3,0.1,1
OB05518,A3,0.02,0
OB13498,B3,0.1,0
OB08380,B1,0.035,0
OB11398,B2,0.06,0
OB08716,B1,0.035,0
OB05574,A3,0.02,0
OB11540,B2,0.06,0
OB07117,A3,0.02,0
OB01129,A1,0.005,0
OB02472,A2,0.01,0
OB08009,B1,0.035,0
OB05899,A3,0.02,0
OB02100,A2,0.01,0
OB06316,A3,0.02,0
OB15210,C1,0.16,1
OB07513,B1,0.035,0
OB01205,A1,0.005,0
OB00616,A1,0.005,0
OB07130,A3,0.02,0
OB00237,A1,0.005,0
OB15588,C2,0.25,0
OB12959,B2,0.06,0
OB12927,B2,0.06,0
OB03524,A2,0.01,0
OB12033,B2,0.06,0
OB12615,B2,0.06,0
OB08315,B1,0.035,0
OB16137,C3,0.38,1
OB15107,C1,0.16,0
OB06752,A3,0.02,0
OB01445,A1,0.005,0
OB10121,B1,0.035,0
OB15353,C1,0.16,0
OB08661,B1,0.035,0
OB04391,A3,0.02,0
OB05746,A3,0.02,0
OB07856,B1,0.035,0
OB09723,B1,0.035,0
OB07144,A3,0.02,0
OB06119,A3,0.02,0
OB14579,C1,0.16,0
OB06708,A3,0.02,0
OB08611,B1,0.035,0
OB09895,B1,0.035,0
OB04915,A3,0.02,0
OB04186,A2,0.01,0
OB09143,B1,0.035,0
OB13165,B3,0.1,1
OB15068,C1,0.16,1
OB09102,B1,0.035,0
OB14139,B3,0.1,0
OB02266,A2,0.01,0
OB13367,B3,0.1,0
OB07165,A3,0.02,0
OB07453,B1,0.035,0
OB03042,A2,0.01,0
OB10695,B2,0.06,0
OB15708,C2,0.25,0
OB07212,B1,0.035,0
OB05533,A3,0.02,0
OB15102,C1,0.16,0
OB08059,B1,0.035,0
OB01138,A1,0.005,0
OB02824,A2,0.01,0
OB15227,C1,0.16,0
OB12537,B2,0.06,0
OB04631,A3,0.02,0
OB05668,A3,0.02,0
OB08916,B1,0.035,0
OB14635,C1,0.16,0
OB15489,C2,0.25,1
OB15635,C2,0.25,1
OB02375,A2,0.01,0
OB01418,A1,0.005,0
OB13381,B3,0.1,1
OB07945,B1,0.035,0
OB09258,B1,0.035,0
OB04019,A2,0.01,0
OB14799,C1,0.16,0
OB15604,C2,0.25,0
OB14524,C1,0.16,0
OB15440,C2,0.25,0
OB08084,B1,0.035,0
OB08686,B1,0.035,0
OB14539,C1,0.16,0
OB06731,A3,0.02,0
OB04368,A3,0.02,0
OB01543,A1,0.005,0
OB00217,A1,0.005,0
OB12412,B2,0.06,0
OB09478,B1,0.035,1
OB01603,A1,0.005,0
OB08823,B1,0.035,0
OB11196,B2,0.06,0
OB03623,A2,0.01,0
OB14734,C1,0.16,0
OB06022,A3,0.02,0
OB12726,B2,0.06,0
OB15461,C2,0.25,0
OB04750,A3,0.02,0
OB03694,A2,0.01,0
OB15027,C1,0.16,1
OB01843,A2,0.01,0
OB06513,A3,0.02,0
OB11997,B2,0.06,0
OB04310,A3,0.02,0
OB11483,B2,0.06,0
OB00065,A1,0.005,0
OB02067,A2,0.01,0
OB12280,B2,0.06,0
OB14186,B3,0.1,0
OB14424,B3,0.1,0
OB00913,A1,0.005,0
OB04927,A3,0.02,0
OB11179,B2,0.06,0
OB06624,A3,0.02,0
OB05289,A3,0.02,0
OB15025,C1,0.16,0
OB00098,A1,0.005,0
OB14230,B3,0.1,0
OB05416,A3,0.02,0
OB03465,A2,0.01,0
OB13805,B3,0.1,0
OB00461,A1,0.005,0
OB10200,B1,0.035,0
OB07145,A3,0.02,0
OB09140,B1,0.035,0
OB03184,A2,0.01,0
OB08460,B1,0.035,0
OB11547,B2,0.06,0
OB02874,A2,0.01,0
OB02972,A2,0.01,0
OB01522,A1,0.005,0
OB08872,B1,0.035,0
OB15373,C1,0.16,0
OB09010,B1,0.035,0
OB06914,A3,0.02,0
OB12799,B2,0.06,0
OB11803,B2,0.06,0
OB08228,B1,0.035,0
OB06379,A3,0.02,0
OB05400,A3,0.02,0
OB13184,B3,0.1,0
OB09484,B1,0.035,0
OB08194,B1,0.035,0
OB10592,B2,0.06,0
OB07627,B1,0.035,0
OB01753,A1,0.005,0
OB14906,C1,0.16,0
OB02762,A2,0.01,0
OB00674,A1,0.005,0
OB10912,B2,0.06,0
OB14631,C1,0.16,1
OB11218,B2,0.06,0
OB13839,B3,0.1,1
OB07620,B1,0.035,0
OB00141,A1,0.005,0
OB07564,B1,0.035,0
OB10207,B1,0.035,0
OB03264,A2,0.01,0
OB04977,A3,0.02,0
OB07162,A3,0.02,0
OB14657,C1,0.16,0
OB01788,A1,0.005,0
OB13062,B3,0.1,0
OB09201,B1,0.035,0
OB07661,B1,0.035,0
OB03610,A2,0.01,0
OB07781,B1,0.035,0
OB03308,A2,0.01,0
OB13815,B3,0.1,1
OB15776,C2,0.25,0
OB15624,C2,0.25,0
OB11787,B2,0.06,0
OB09619,B1,0.035,0
OB09313,B1,0.035,0
OB10562,B2,0.06,0
OB06530,A3,0.02,0
OB09388,B1,0.035,0
OB11795,B2,0.06,0
OB06614,A3,0.02,0
OB13935,B3,0.1,0
OB07650,B1,0.035,0
OB05427,A3,0.02,1
OB01862,A2,0.01,0
OB05027,A3,0.02,0
OB04028,A2,0.01,0
OB07142,A3,0.02,0
OB15190,C1,0.16,1
OB06988,A3,0.02,0
OB05619,A3,0.02,1
OB02660,A2,0.01,0
OB15465,C2,0.25,0
OB01242,A1,0.005,0
OB02219,A2,0.01,0
OB08072,B1,0.035,0
OB16107,C3,0.38,1
OB05818,A3,0.02,0
OB07870,B1,0.035,0
OB10734,B2,0.06,0
OB04493,A3,0.02,0
OB16199,C3,0.38,0
OB15258,C1,0.16,0
OB06684,A3,0.02,0
OB03595,A2,0.01,0
OB08023,B1,0.035,0
OB13078,B3,0.1,0
OB01536,A1,0.005,0
OB12023,B2,0.06,0
OB08252,B1,0.035,0
OB04023,A2,0.01,0
OB10152,B1,0.035,0
OB00291,A1,0.005,0
OB04630,A3,0.02,0
OB00991,A1,0.005,0
OB05475,A3,0.02,0
OB02361,A2,0.01,0
OB12881,B2,0.06,0
OB13798,B3,0.1,1
OB02666,A2,0.01,0
OB02288,A2,0.01,0
OB04747,A3,0.02,0
OB12290,B2,0.06,0
OB01560,A1,0.005,0
OB03380,A2,0.01,0
OB02971,A2,0.01,0
OB04584,A3,0.02,0
OB06670,A3,0.02,0
OB11074,B2,0.06,0
OB01773,A1,0.005,0
OB10971,B2,0.06,0
OB02291,A2,0.01,0
OB01679,A1,0.005,0
OB04442,A3,0.02,0
OB09506,B1,0.035,0
OB06557,A3,0.02,0
OB01582,A1,0.005,0
OB09045,B1,0.035,0
OB07311,B1,0.035,0
OB12408,B2,0.06,0
OB08285,B1,0.035,0
OB03382,A2,0.01,0
OB12361,B2,0.06,0
OB10161,B1,0.035,0
OB01451,A1,0.005,0
OB08220,B1,0.035,0
OB07221,B1,0.035,1
OB15669,C2,0.25,0
OB07105,A3,0.02,0
OB12622,B2,0.06,0
OB10633,B2,0.06,0
OB05297,A3,0.02,0
OB06413,A3,0.02,0
OB09683,B1,0.035,0
OB02391,A2,0.01,0
OB04553,A3,0.02,0
OB15529,C2,0.25,1
OB07485,B1,0.035,0
OB01775,A1,0.005,0
OB02470,A2,0.01,0
OB12700,B2,0.06,0
OB13679,B3,0.1,0
OB13651,B3,0.1,0
OB07038,A3,0.02,0
OB10936,B2,0.06,0
OB09398,B1,0.035,0
OB13192,B3,0.1,0
OB09305,B1,0.035,0
OB13448,B3,0.1,0
OB14338,B3,0.1,0
OB05622,A3,0.02,0
OB06588,A3,0.02,0
OB03699,A2,0.01,0
OB03752,A2,0.01,0
OB09229,B1,0.035,0
OB12944,B2,0.06,0
OB03056,A2,0.01,0
OB08623,B1,0.035,0
OB08112,B1,0.035,0
OB03244,A2,0.01,0
OB15928,C3,0.38,0
OB02544,A2,0.01,0
OB12120,B2,0.06,1
OB05299,A3,0.02,0
OB12560,B2,0.06,0
OB12003,B2,0.06,0
OB05458,A3,0.02,0
OB09208,B1,0.035,0
OB03940,A2,0.01,0
OB01758,A1,0.005,0
OB03317,A2,0.01,0
OB14455,B3,0.1,0
OB05836,A3,0.02,0
OB05225,A3,0.02,0
OB10295,B1,0.035,0
OB12275,B2,0.06,0
OB08513,B1,0.035,0
OB10588,B2,0.06,0
OB10310,B1,0.035,0
OB15726,C2,0.25,1
OB02343,A2,0.01,0
OB00578,A1,0.005,0
OB04770,A3,0.02,0
OB11511,B2,0.06,0
OB07022,A3,0.02,0
OB06932,A3,0.02,0
OB09273,B1,0.035,0
OB13340,B3,0.1,0
OB10474,B2,0.06,0
OB08400,B1,0.035,0
OB11884,B2,0.06,0
OB06297,A3,0.02,0
OB09594,B1,0.035,0
OB14181,B3,0.1,0
OB06554,A3,0.02,0
OB06523,A3,0.02,0
OB06929,A3,0.02,0
OB06427,A3,0.02,0
OB00984,A1,0.005,0
OB11698,B2,0.06,0
OB05772,A3,0.02,0
OB00786,A1,0.005,0
OB09892,B1,0.035,1
OB02573,A2,0.01,0
OB06859,A3,0.02,0
OB10166,B1,0.035,0
OB11374,B2,0.06,0
OB11308,B2,0.06,0
OB11326,B2,0.06,0
OB00501,A1,0.005,0
OB03653,A2,0.01,0
OB07766,B1,0.035,0
OB01995,A2,0.01,0
OB00364,A1,0.005,0
OB06214,A3,0.02,0
OB11098,B2,0.06,0
OB06398,A3,0.02,0
OB01362,A1,0.005,0
OB00293,A1,0.005,0
OB06680,A3,0.02,0
OB11657,B2,0.06,0
OB13091,B3,0.1,0
OB00094,A1,0.005,0
OB04148,A2,0.01,0
OB09906,B1,0.035,0
OB01713,A1,0.005,0
OB13538,B3,0.1,0
OB07562,B1,0.035,0
OB04376,A3,0.02,0
OB13858,B3,0.1,0
OB12082,B2,0.06,0
OB10898,B2,0.06,1
OB07583,B1,0.035,0
OB07421,B1,0.035,1
OB11544,B2,0.06,0
OB15880,C2,0.25,0
OB09556,B1,0.035,0
OB03935,A2,0.01,0
OB11395,B2,0.06,0
OB09054,B1,0.035,1
OB11565,B2,0.06,0
OB13067,B3,0.1,0
OB00939,A1,0.005,0
OB02136,A2,0.01,0
OB11521,B2,0.06,0
OB15475,C2,0.25,0
OB12035,B2,0.06,0
OB12117,B2,0.06,0
OB10723,B2,0.06,0
OB05760,A3,0.02,0
OB07248,B1,0.035,0
OB00225,A1,0.005,0
OB07104,A3,0.02,0
OB01524,A1,0.005,0
OB10581,B2,0.06,0
OB03276,A2,0.01,0
OB00437,A1,0.005,0
OB14078,B3,0.1,0
OB15053,C1,0.16,0
OB03310,A2,0.01,0
OB09236,B1,0.035,0
OB13204,B3,0.1,0
OB11298,B2,0.06,0
OB05558,A3,0.02,0
OB04974,A3,0.02,0
OB06608,A3,0.02,0
OB09775,B1,0.035,0
OB05435,A3,0.02,0
OB06267,A3,0.02,0
OB07073,A3,0.02,0
OB05950,A3,0.02,0
OB00769,A1,0.005,0
OB07960,B1,0.035,0
OB06176,A3,0.02,0
OB02597,A2,0.01,0
OB05320,A3,0.02,0
OB07115,A3,0.02,0
OB14815,C1,0.16,0
OB09529,B1,0.035,0
OB06935,A3,0.02,0
OB11777,B2,0.06,0
OB02105,A2,0.01,0
OB03044,A2,0.01,0
OB12325,B2,0.06,0
OB10124,B1,0.035,0
OB00303,A1,0.005,0
OB15662,C2,0.25,0
OB06132,A3,0.02,0
OB00465,A1,0.005,0
OB07021,A3,0.02,0
OB00569,A1,0.005,0
OB12670,B2,0.06,0
OB10011,B1,0.035,0
OB01527,A1,0.005,0
OB02989,A2,0.01,0
OB01965,A2,0.01,0
OB02280,A2,0.01,0
OB06468,A3,0.02,0
OB07686,B1,0.035,0
OB13380,B3,0.1,0
OB02102,A2,0.01,0
OB01144,A1,0.005,0
OB09228,B1,0.035,0
OB14071,B3,0.1,0
OB14076,B3,0.1,0
OB04122,A2,0.01,0
OB01824,A2,0.01,0
OB08495,B1,0.035,0
OB16106,C3,0.38,0
OB15348,C1,0.16,1
OB10008,B1,0.035,0
OB07890,B1,0.035,0
OB12392,B2,0.06,0
OB02448,A2,0.01,0
OB10155,B1,0.035,0
OB05862,A3,0.02,0
OB00774,A1,0.005,0
OB16057,C3,0.38,0
OB01088,A1,0.005,0
OB05640,A3,0.02,0
OB12195,B2,0.06,0
OB05154,A3,0.02,0
OB16113,C3,0.38,0
OB05251,A3,0.02,0
OB06167,A3,0.02,0
OB09659,B1,0.035,0
OB13928,B3,0.1,0
OB05917,A3,0.02,0
OB03541,A2,0.01,0
OB09722,B1,0.035,0
OB04887,A3,0.02,0
OB10539,B2,0.06,0
OB08332,B1,0.035,0
OB10079,B1,0.035,0
OB07665,B1,0.035,0
OB00339,A1,0.005,0
OB04357,A3,0.02,0
OB13605,B3,0.1,1
OB14813,C1,0.16,0
OB02617,A2,0.01,0
OB00254,A1,0.005,0
OB15584,C2,0.25,0
OB03893,A2,0.01,0
OB10718,B2,0.06,0
OB12437,B2,0.06,0
OB12306,B2,0.06,0
OB12488,B2,0.06,0
OB12906,B2,0.06,0
OB04008,A2,0.01,0
OB06715,A3,0.02,0
OB05802,A3,0.02,0
OB11351,B2,0.06,0
OB08902,B1,0.035,0
OB09758,B1,0.035,0
OB00765,A1,0.005,0
OB15586,C2,0.25,1
OB12409,B2,0.06,1
OB00734,A1,0.005,0
OB09146,B1,0.035,0
OB06766,A3,0.02,0
OB02475,A2,0.01,0
OB08465,B1,0.035,0
OB15215,C1,0.16,0
OB08654,B1,0.035,0
OB03513,A2,0.01,0
OB02882,A2,0.01,0
OB08779,B1,0.035,0
OB12542,B2,0.06,0
OB05465,A3,0.02,0
OB04806,A3,0.02,0
OB01986,A2,0.01,0
OB15019,C1,0.16,1
OB13516,B3,0.1,0
OB01284,A1,0.005,0
OB11042,B2,0.06,0
OB01194,A1,0.005,0
OB03854,A2,0.01,0
OB06958,A3,0.02,0
OB07974,B1,0.035,0
OB15839,C2,0.25,1
OB02209,A2,0.01,0
OB06091,A3,0.02,0
OB09558,B1,0.035,0
OB08683,B1,0.035,0
OB07057,A3,0.02,0
OB03575,A2,0.01,0
OB06089,A3,0.02,0
OB15008,C1,0.16,1
OB04448,A3,0.02,0
OB02235,A2,0.01,0
OB03076,A2,0.01,0
OB09411,B1,0.035,0
OB12059,B2,0.06,0
OB13970,B3,0.1,1
OB13760,B3,0.1,0
OB08592,B1,0.035,0
OB09068,B1,0.035,0
OB01190,A1,0.005,0
OB01101,A1,0.005,0
OB00342,A1,0.005,0
OB13465,B3,0.1,0
OB02025,A2,0.01,0
OB03061,A2,0.01,0
OB03806,A2,0.01,0
OB15262,C1,0.16,0
OB03114,A2,0.01,0
OB08614,B1,0.035,0
OB14751,C1,0.16,1
OB05498,A3,0.02,0
OB12142,B2,0.06,0
OB15501,C2,0.25,0
OB06886,A3,0.02,0
OB07308,B1,0.035,0
OB09294,B1,0.035,0
OB04362,A3,0.02,0
OB10708,B2,0.06,0
OB15633,C2,0.25,0
OB02536,A2,0.01,0
OB11910,B2,0.06,0
OB10496,B2,0.06,0
OB15516,C2,0.25,1
OB00830,A1,0.005,0
OB03974,A2,0.01,0
OB02973,A2,0.01,0
OB04769,A3,0.02,0
OB16007,C3,0.38,0
OB12258,B2,0.06,0
OB07998,B1,0.035,0
OB03755,A2,0.01,0
OB01131,A1,0.005,0
OB07578,B1,0.035,0
OB10266,B1,0.035,0
OB03647,A2,0.01,0
OB13436,B3,0.1,0
OB01452,A1,0.005,0
OB11056,B2,0.06,0
OB01106,A1,0.005,0
OB05069,A3,0.02,0
OB09963,B1,0.035,0
OB08591,B1,0.035,1
OB00839,A1,0.005,0
OB08990,B1,0.035,0
OB15300,C1,0.16,1
OB14580,C1,0.16,0
OB15836,C2,0.25,0
OB11413,B2,0.06,0
OB05063,A3,0.02,0
OB04173,A2,0.01,0
OB07590,B1,0.035,1
OB11602,B2,0.06,1
OB05555,A3,0.02,0
OB09527,B1,0.035,0
OB08258,B1,0.035,0
OB01748,A1,0.005,0
OB04215,A3,0.02,0
OB15060,C1,0.16,1
OB09351,B1,0.035,0
OB04123,A2,0.01,0
OB03052,A2,0.01,0
OB08718,B1,0.035,0
OB12987,B2,0.06,0
OB03194,A2,0.01,0
OB13984,B3,0.1,0
OB09867,B1,0.035,0
OB12181,B2,0.06,0
OB11422,B2,0.06,0
OB14048,B3,0.1,0
OB13822,B3,0.1,0
OB06553,A3,0.02,0
OB05318,A3,0.02,0
OB09935,B1,0.035,0
OB08525,B1,0.035,0
OB11445,B2,0.06,0
OB06668,A3,0.02,0
OB11976,B2,0.06,0
OB03102,A2,0.01,0
OB00599,A1,0.005,0
OB09834,B1,0.035,0
OB11772,B2,0.06,0
OB04015,A2,0.01,0
OB03155,A2,0.01,0
OB14987,C1,0.16,0
OB05556,A3,0.02,0
OB16017,C3,0.38,0
OB01416,A1,0.005,0
OB04573,A3,0.02,0
OB00229,A1,0.005,0
OB07173,A3,0.02,0
OB04723,A3,0.02,0
OB00499,A1,0.005,0
OB04104,A2,0.01,0
OB06074,A3,0.02,0
OB00903,A1,0.005,0
OB06110,A3,0.02,0
OB07476,B1,0.035,0
OB13986,B3,0.1,1
OB15280,C1,0.16,0
OB06385,A3,0.02,0
OB11905,B2,0.06,0
OB02366,A2,0.01,0
OB12581,B2,0.06,0
OB05021,A3,0.02,0
OB01238,A1,0.005,0
OB00893,A1,0.005,0
OB11479,B2,0.06,0
OB09412,B1,0.035,0
OB09142,B1,0.035,0
OB15996,C3,0.38,0
OB00079,A1,0.005,0
OB10769,B2,0.06,0
OB10875,B2,0.06,0
OB14430,B3,0.1,1
OB04348,A3,0.02,0
OB12054,B2,0.06,0
OB08151,B1,0.035,0
OB04218,A3,0.02,0
OB15573,C2,0.25,0
OB10209,B1,0.035,0
OB13473,B3,0.1,1
OB12625,B2,0.06,0
OB15307,C1,0.16,0
OB16170,C3,0.38,1
OB09105,B1,0.035,0
OB14682,C1,0.16,0
OB06512,A3,0.02,0
OB09682,B1,0.035,0
OB01282,A1,0.005,0
OB11819,B2,0.06,0
OB06779,A3,0.02,0
OB02308,A2,0.01,0
OB02119,A2,0.01,0
OB05008,A3,0.02,0
OB04932,A3,0.02,0
OB15682,C2,0.25,0
OB06255,A3,0.02,0
OB03585,A2,0.01,0
OB11834,B2,0.06,0
OB06767,A3,0.02,0
OB09434,B1,0.035,0
OB08086,B1,0.035,0
OB11170,B2,0.06,0
OB00159,A1,0.005,0
OB01709,A1,0.005,0
OB08071,B1,0.035,0
OB10618,B2,0.06,0
OB05033,A3,0.02,0
OB05209,A3,0.02,0
OB15032,C1,0.16,0
OB06757,A3,0.02,0
OB09443,B1,0.035,0
OB05644,A3,0.02,0
OB09301,B1,0.035,0
OB10284,B1,0.035,0
OB14273,B3,0.1,0
OB05051,A3,0.02,0
OB03156,A2,0.01,0
OB08476,B1,0.035,0
OB13728,B3,0.1,0
OB06850,A3,0.02,0
OB11438,B2,0.06,0
OB01979,A2,0.01,0
OB14839,C1,0.16,0
OB01793,A1,0.005,0
OB07939,B1,0.035,0
OB14187,B3,0.1,0
OB00755,A1,0.005,0
OB02095,A2,0.01,0
OB03780,A2,0.01,0
OB11956,B2,0.06,0
OB15893,C2,0.25,0
OB10198,B1,0.035,0
OB09786,B1,0.035,0
OB02476,A2,0.01,0
OB02481,A2,0.01,0
OB13126,B3,0.1,0
OB10322,B1,0.035,0
OB13680,B3,0.1,0
OB02645,A2,0.01,0
OB05669,A3,0.02,0
OB13909,B3,0.1,0
OB13046,B3,0.1,1
OB01671,A1,0.005,0
OB09918,B1,0.035,0
OB13809,B3,0.1,0
OB06148,A3,0.02,0
OB13618,B3,0.1,1
OB00968,A1,0.005,0
OB14463,B3,0.1,0
OB15948,C3,0.38,0
OB10239,B1,0.035,0
OB16169,C3,0.38,0
OB08243,B1,0.035,0
OB05771,A3,0.02,0
OB07973,B1,0.035,0
OB12489,B2,0.06,0
OB02553,A2,0.01,0
OB04655,A3,0.02,0
OB14018,B3,0.1,0
OB02023,A2,0.01,0
OB01209,A1,0.005,0
OB01152,A1,0.005,0
OB00010,A1,0.005,0
OB13699,B3,0.1,0
OB01708,A1,0.005,0
OB15176,C1,0.16,0
OB13339,B3,0.1,0
OB04128,A2,0.01,0
OB16069,C3,0.38,0
OB05963,A3,0.02,0
OB06093,A3,0.02,0
OB10089,B1,0.035,0
OB13018,B3,0.1,0
OB03445,A2,0.01,0
OB11472,B2,0.06,0
OB14645,C1,0.16,0
OB16090,C3,0.38,0
OB06220,A3,0.02,0
OB05908,A3,0.02,0
OB01673,A1,0.005,0
OB14883,C1,0.16,0
OB16028,C3,0.38,0
OB07717,B1,0.035,0
OB03636,A2,0.01,0
OB00428,A1,0.005,0
OB07523,B1,0.035,0
OB12961,B2,0.06,0
OB02537,A2,0.01,0
OB15361,C1,0.16,0
OB08739,B1,0.035,0
OB14204,B3,0.1,0
OB04359,A3,0.02,0
OB04351,A3,0.02,0
OB02534,A2,0.01,0
OB06658,A3,0.02,0
OB03961,A2,0.01,0
OB00172,A1,0.005,0
OB05273,A3,0.02,0
OB01540,A1,0.005,0
OB12822,B2,0.06,0
OB09675,B1,0.035,0
OB10099,B1,0.035,0
OB13230,B3,0.1,1
OB13437,B3,0.1,0
OB13421,B3,0.1,0
OB01901,A2,0.01,0
OB08886,B1,0.035,0
OB15117,C1,0.16,0
OB04903,A3,0.02,0
OB12636,B2,0.06,0
OB06212,A3,0.02,0
OB15703,C2,0.25,0
OB10289,B1,0.035,0
OB12419,B2,0.06,0
OB13450,B3,0.1,0
OB07972,B1,0.035,0
OB04878,A3,0.02,0
OB15820,C2,0.25,1
OB12938,B2,0.06,0
OB00542,A1,0.005,0
OB13378,B3,0.1,0
OB16064,C3,0.38,1
OB06659,A3,0.02,0
OB02679,A2,0.01,0
OB12084,B2,0.06,0
OB15973,C3,0.38,0
OB02729,A2,0.01,0
OB09075,B1,0.035,0
OB14218,B3,0.1,0
OB03289,A2,0.01,0
OB09343,B1,0.035,0
OB15154,C1,0.16,0
OB09364,B1,0.035,0
OB07052,A3,0.02,0
OB01447,A1,0.005,0
OB11449,B2,0.06,0
OB06733,A3,0.02,0
OB02839,A2,0.01,0
OB07519,B1,0.035,1
OB07289,B1,0.035,0
OB09522,B1,0.035,0
OB11950,B2,0.06,0
OB09062,B1,0.035,0
OB15922,C3,0.38,1
OB00076,A1,0.005,0
OB06780,A3,0.02,0
OB00827,A1,0.005,0
OB14140,B3,0.1,0
OB09724,B1,0.035,0
OB12866,B2,0.06,0
OB10943,B2,0.06,0
OB06762,A3,0.02,0
OB03784,A2,0.01,0
OB11342,B2,0.06,0
OB02388,A2,0.01,0
OB02463,A2,0.01,0
OB15591,C2,0.25,0
OB12868,B2,0.06,0
OB13534,B3,0.1,0
OB00946,A1,0.005,0
OB12872,B2,0.06,0
OB05853,A3,0.02,0
OB07113,A3,0.02,0
OB10918,B2,0.06,0
OB15291,C1,0.16,0
OB15161,C1,0.16,1
OB02873,A2,0.01,0
OB01116,A1,0.005,0
OB04219,A3,0.02,0
OB05689,A3,0.02,0
OB07426,B1,0.035,0
OB00226,A1,0.005,0
OB08459,B1,0.035,0
OB06900,A3,0.02,0
OB10049,B1,0.035,0
OB13456,B3,0.1,0
OB16084,C3,0.38,0
OB06774,A3,0.02,0
OB07174,A3,0.02,0
OB09038,B1,0.035,0
OB00573,A1,0.005,0
OB14377,B3,0.1,0
OB12863,B2,0.06,0
OB03180,A2,0.01,0
OB03233,A2,0.01,0
OB03673,A2,0.01,0
OB00155,A1,0.005,0
OB08669,B1,0.035,0
OB03711,A2,0.01,0
OB04088,A2,0.01,0
OB06226,A3,0.02,0
OB03088,A2,0.01,0
OB03952,A2,0.01,0
OB05787,A3,0.02,0
OB04375,A3,0.02,0
OB13342,B3,0.1,0
OB15859,C2,0.25,1
OB16154,C3,0.38,1
OB09280,B1,0.035,0
OB04682,A3,0.02,0
OB04479,A3,0.02,0
OB09292,B1,0.035,0
OB13730,B3,0.1,0
OB11430,B2,0.06,0
OB00648,A1,0.005,0
OB16096,C3,0.38,1
OB12483,B2,0.06,0
OB09111,B1,0.035,0
OB00208,A1,0.005,0
OB10714,B2,0.06,0
OB14741,C1,0.16,0
OB15122,C1,0.16,1
OB15712,C2,0.25,0
OB03740,A2,0.01,0
OB07536,B1,0.035,0
OB12707,B2,0.06,0
OB04394,A3,0.02,0
OB05587,A3,0.02,0
OB04624,A3,0.02,0
OB07829,B1,0.035,0
OB13228,B3,0.1,0
OB12764,B2,0.06,0
OB12814,B2,0.06,0
OB12159,B2,0.06,0
OB12719,B2,0.06,0
OB14154,B3,0.1,0
OB11428,B2,0.06,0
OB06471,A3,0.02,0
OB06228,A3,0.02,0
OB06654,A3,0.02,0
OB03417,A2,0.01,0
OB01837,A2,0.01,0
OB07470,B1,0.035,0
OB02454,A2,0.01,0
OB03030,A2,0.01,0
OB00168,A1,0.005,0
OB06105,A3,0.02,0
OB09665,B1,0.035,0
OB00048,A1,0.005,0
OB06298,A3,0.02,0
OB14650,C1,0.16,0
OB15180,C1,0.16,1
OB09700,B1,0.035,0
OB13786,B3,0.1,0
OB02613,A2,0.01,0
OB12465,B2,0.06,0
OB09811,B1,0.035,0
OB05366,A3,0.02,0
OB02222,A2,0.01,0
OB09179,B1,0.035,0
OB15783,C2,0.25,0
OB01435,A1,0.005,0
OB06629,A3,0.02,0
OB14939,C1,0.16,0
OB02287,A2,0.01,0
OB10307,B1,0.035,1
OB05201,A3,0.02,0
OB01783,A1,0.005,0
OB04899,A3,0.02,0
OB02051,A2,0.01,0
OB03959,A2,0.01,0
OB01351,A1,0.005,0
OB07738,B1,0.035,0
OB15218,C1,0.16,0
OB11277,B2,0.06,1
OB03922,A2,0.01,0
OB13403,B3,0.1,0
OB01738,A1,0.005,0
OB14986,C1,0.16,0
OB12080,B2,0.06,1
OB06945,A3,0.02,0
OB05613,A3,0.02,0
OB09662,B1,0.035,0
OB14725,C1,0.16,0
OB12288,B2,0.06,0
OB01469,A1,0.005,0
OB13294,B3,0.1,0
OB13225,B3,0.1,0
OB08757,B1,0.035,0
OB13412,B3,0.1,0
OB14708,C1,0.16,0
OB11971,B2,0.06,0
OB00856,A1,0.005,0
OB08502,B1,0.035,0
OB01781,A1,0.005,0
OB04379,A3,0.02,0
OB13278,B3,0.1,0
OB03307,A2,0.01,0
OB08740,B1,0.035,0
OB13611,B3,0.1,0
OB14898,C1,0.16,0
OB15342,C1,0.16,1
OB10774,B2,0.06,0
OB03977,A2,0.01,0
OB00721,A1,0.005,0
OB02932,A2,0.01,0
OB00541,A1,0.005,0
OB08658,B1,0.035,0
OB10425,B2,0.06,0
OB15357,C1,0.16,0
OB13701,B3,0.1,1
OB09240,B1,0.035,1
OB12774,B2,0.06,0
OB10508,B2,0.06,0
OB07017,A3,0.02,0
OB08015,B1,0.035,0
OB08253,B1,0.035,0
OB05696,A3,0.02,0
OB04850,A3,0.02,0
OB03537,A2,0.01,0
OB08089,B1,0.035,0
OB06623,A3,0.02,0
OB00328,A1,0.005,0
OB11757,B2,0.06,0
OB06540,A3,0.02,0
OB11408,B2,0.06,0
OB08808,B1,0.035,1
OB08728,B1,0.035,0
OB15920,C3,0.38,0
OB12945,B2,0.06,0
OB12701,B2,0.06,0
OB00909,A1,0.005,0
OB00582,A1,0.005,0
OB12589,B2,0.06,1
OB09456,B1,0.035,0
OB00173,A1,0.005,0
OB14016,B3,0.1,0
OB11015,B2,0.06,0
OB07837,B1,0.035,0
OB03458,A2,0.01,0
OB11063,B2,0.06,0
OB09117,B1,0.035,0
OB05380,A3,0.02,0
OB15337,C1,0.16,0
OB05270,A3,0.02,0
OB03496,A2,0.01,0
OB05738,A3,0.02,0
OB13176,B3,0.1,0
OB14121,B3,0.1,0
OB15932,C3,0.38,1
OB12753,B2,0.06,0
OB01431,A1,0.005,0
OB09953,B1,0.035,0
OB05446,A3,0.02,0
OB01001,A1,0.005,0
OB01644,A1,0.005,0
OB04175,A2,0.01,0
OB08797,B1,0.035,0
OB01240,A1,0.005,0
OB13716,B3,0.1,0
OB08608,B1,0.035,0
OB00050,A1,0.005,0
OB11214,B2,0.06,0
OB02811,A2,0.01,0
OB01165,A1,0.005,0
OB01780,A1,0.005,0
OB00739,A1,0.005,0
OB09005,B1,0.035,0
OB08063,B1,0.035,0
OB14328,B3,0.1,0
OB08788,B1,0.035,0
OB01812,A2,0.01,0
OB00813,A1,0.005,0
OB15797,C2,0.25,0
OB03119,A2,0.01,0
OB05264,A3,0.02,0
OB12657,B2,0.06,0
OB15989,C3,0.38,1
OB13365,B3,0.1,0
OB13135,B3,0.1,0
OB11368,B2,0.06,0
OB05162,A3,0.02,0
OB06607,A3,0.02,0
OB15851,C2,0.25,0
OB05012,A3,0.02,0
OB13536,B3,0.1,0
OB02014,A2,0.01,0
OB13322,B3,0.1,0
OB13787,B3,0.1,0
OB08967,B1,0.035,0
OB11576,B2,0.06,0
OB04402,A3,0.02,0
OB11745,B2,0.06,0
OB13286,B3,0.1,1
OB00440,A1,0.005,0
OB08906,B1,0.035,0
OB04551,A3,0.02,0
OB08416,B1,0.035,0
OB07254,B1,0.035,0
OB03550,A2,0.01,0
OB13707,B3,0.1,0
OB01083,A1,0.005,0
OB02728,A2,0.01,0
OB05785,A3,0.02,0
OB06390,A3,0.02,0
OB08927,B1,0.035,0
OB06311,A3,0.02,0
OB09679,B1,0.035,0
OB03257,A2,0.01,0
OB15094,C1,0.16,1
OB12037,B2,0.06,0
OB11383,B2,0.06,0
OB08369,B1,0.035,0
OB03379,A2,0.01,0
OB16030,C3,0.38,0
OB14582,C1,0.16,0
OB10306,B1,0.035,0
OB03256,A2,0.01,0
OB15233,C1,0.16,0
OB05707,A3,0.02,0
OB09836,B1,0.035,0
OB07619,B1,0.035,0
OB05316,A3,0.02,0
OB05701,A3,0.02,0
OB08550,B1,0.035,0
OB04476,A3,0.02,0
OB08723,B1,0.035,0
OB04732,A3,0.02,0
OB09648,B1,0.035,0
OB14756,C1,0.16,0
OB01094,A1,0.005,0
OB11753,B2,0.06,0
OB11378,B2,0.06,0
OB12495,B2,0.06,0
OB14226,B3,0.1,0
OB07522,B1,0.035,0
OB07403,B1,0.035,0
OB15775,C2,0.25,0
OB05082,A3,0.02,0
OB14258,B3,0.1,1
OB08189,B1,0.035,0
OB06622,A3,0.02,0
OB16042,C3,0.38,0
OB06905,A3,0.02,0
OB10240,B1,0.035,0
OB02338,A2,0.01,0
OB04082,A2,0.01,0
OB05499,A3,0.02,0
OB15631,C2,0.25,1
OB13903,B3,0.1,0
OB15492,C2,0.25,0
OB03504,A2,0.01,0
OB11407,B2,0.06,0
OB05385,A3,0.02,0
OB13025,B3,0.1,1
OB05070,A3,0.02,0
OB15261,C1,0.16,0
OB07515,B1,0.035,0
OB03132,A2,0.01,0
OB12763,B2,0.06,0
OB14623,C1,0.16,0
OB04712,A3,0.02,0
OB15679,C2,0.25,0
OB13792,B3,0.1,1
OB10051,B1,0.035,1
OB06661,A3,0.02,0
OB14954,C1,0.16,0
OB06365,A3,0.02,0
OB15988,C3,0.38,0
OB05392,A3,0.02,0
OB02425,A2,0.01,0
OB03621,A2,0.01,0
OB12397,B2,0.06,1
OB15966,C3,0.38,0
OB09559,B1,0.035,0
OB08607,B1,0.035,1
OB12327,B2,0.06,0
OB03587,A2,0.01,0
OB10523,B2,0.06,0
OB11775,B2,0.06,0
OB06868,A3,0.02,0
OB10433,B2,0.06,0
OB10890,B2,0.06,0
OB14298,B3,0.1,0
OB08377,B1,0.035,0
OB06616,A3,0.02,0
OB12151,B2,0.06,0
OB03558,A2,0.01,0
OB10252,B1,0.035,0
OB04828,A3,0.02,0
OB11680,B2,0.06,0
OB08701,B1,0.035,0
OB08349,B1,0.035,0
OB08020,B1,0.035,0
OB07030,A3,0.02,0
OB09590,B1,0.035,0
OB10641,B2,0.06,0
OB01782,A1,0.005,0
OB12539,B2,0.06,0
OB11809,B2,0.06,0
OB11187,B2,0.06,0
OB13997,B3,0.1,0
OB06704,A3,0.02,0
OB12836,B2,0.06,0
OB15111,C1,0.16,0
OB04640,A3,0.02,0
OB09888,B1,0.035,0
OB04320,A3,0.02,0
OB03686,A2,0.01,0
OB01610,A1,0.005,0
OB01403,A1,0.005,0
OB02819,A2,0.01,0
OB01873,A2,0.01,0
OB08634,B1,0.035,0
OB06233,A3,0.02,0
OB00181,A1,0.005,0
OB12205,B2,0.06,0
OB13368,B3,0.1,0
OB02174,A2,0.01,0
OB07979,B1,0.035,0
OB02779,A2,0.01,0
OB14890,C1,0.16,1
OB03885,A2,0.01,0
OB08280,B1,0.035,0
OB05419,A3,0.02,0
OB07280,B1,0.035,0
OB06179,A3,0.02,1
OB08001,B1,0.035,0
OB14049,B3,0.1,0
OB12070,B2,0.06,0
OB08732,B1,0.035,0
OB07696,B1,0.035,0
OB03447,A2,0.01,0
OB03570,A2,0.01,0
OB05072,A3,0.02,0
OB04063,A2,0.01,0
OB13232,B3,0.1,0
OB06653,A3,0.02,0
OB03280,A2,0.01,0
OB12432,B2,0.06,0
OB14975,C1,0.16,0
OB00042,A1,0.005,0
OB09452,B1,0.035,0
OB10473,B2,0.06,0
OB05206,A3,0.02,0
OB15998,C3,0.38,1
OB14609,C1,0.16,1
OB11039,B2,0.06,0
OB11123,B2,0.06,0
OB16016,C3,0.38,0
OB03665,A2,0.01,0
OB07336,B1,0.035,0
OB08044,B1,0.035,0
OB04973,A3,0.02,0
OB02384,A2,0.01,0
OB01392,A1,0.005,0
OB07128,A3,0.02,0
OB04150,A2,0.01,0
OB07731,B1,0.035,0
OB14736,C1,0.16,0
OB08580,B1,0.035,0
OB05433,A3,0.02,0
OB01864,A2,0.01,0
OB01328,A1,0.005,0
OB13884,B3,0.1,0
OB12669,B2,0.06,0
OB05352,A3,0.02,0
OB14508,C1,0.16,0
OB00498,A1,0.005,0
OB01802,A2,0.01,0
OB12433,B2,0.06,0
OB10148,B1,0.035,0
OB08973,B1,0.035,0
OB15318,C1,0.16,0
OB06101,A3,0.02,0
OB07988,B1,0.035,0
OB07552,B1,0.035,0
OB10788,B2,0.06,0
OB08940,B1,0.035,0
OB08957,B1,0.035,0
OB14819,C1,0.16,0
OB04156,A2,0.01,0
OB13224,B3,0.1,0
OB05600,A3,0.02,0
OB14932,C1,0.16,0
OB12455,B2,0.06,0
OB05958,A3,0.02,0
OB00766,A1,0.005,0
OB06579,A3,0.02,0
OB05022,A3,0.02,0
OB06717,A3,0.02,0
OB15802,C2,0.25,1
OB09463,B1,0.035,0
OB15126,C1,0.16,0
OB15730,C2,0.25,0
OB03700,A2,0.01,0
OB14062,B3,0.1,0
OB10896,B2,0.06,0
OB01275,A1,0.005,0
OB13899,B3,0.1,0
OB08344,B1,0.035,0
OB01033,A1,0.005,0
OB02509,A2,0.01,0
OB01443,A1,0.005,0
OB13422,B3,0.1,0
OB08539,B1,0.035,0
OB03469,A2,0.01,0
OB10371,B1,0.035,0
OB02631,A2,0.01,0
OB09863,B1,0.035,0
OB15721,C2,0.25,0
OB11877,B2,0.06,1
OB11500,B2,0.06,0
OB08899,B1,0.035,0
OB15732,C2,0.25,0
OB12331,B2,0.06,0
OB04993,A3,0.02,0
OB03435,A2,0.01,0
OB14827,C1,0.16,0
OB14648,C1,0.16,1
OB11863,B2,0.06,0
OB01401,A1,0.005,0
OB06984,A3,0.02,0
OB03160,A2,0.01,0
OB04687,A3,0.02,0
OB02241,A2,0.01,0
OB00489,A1,0.005,0
OB05599,A3,0.02,0
OB04184,A2,0.01,0
OB00522,A1,0.005,0
OB15407,C2,0.25,0
OB12750,B2,0.06,0
OB13488,B3,0.1,0
OB12875,B2,0.06,0
OB04596,A3,0.02,0
OB15390,C1,0.16,0
OB13040,B3,0.1,0
OB09394,B1,0.035,0
OB11671,B2,0.06,0
OB06232,A3,0.02,0
OB09468,B1,0.035,0
OB08777,B1,0.035,0
OB15577,C2,0.25,1
OB09702,B1,0.035,0
OB11817,B2,0.06,0
OB03467,A2,0.01,0
OB02225,A2,0.01,0
OB06832,A3,0.02,0
OB14274,B3,0.1,0
OB13751,B3,0.1,0
OB09335,B1,0.035,0
OB12580,B2,0.06,0
OB08203,B1,0.035,0
OB11703,B2,0.06,0
OB11711,B2,0.06,0
OB07042,A3,0.02,0
OB09851,B1,0.035,0
OB05088,A3,0.02,0
OB02965,A2,0.01,0
OB07629,B1,0.035,0
OB11199,B2,0.06,0
OB01182,A1,0.005,0
OB06393,A3,0.02,0
OB06982,A3,0.02,0
OB10864,B2,0.06,0
OB05942,A3,0.02,0
OB11462,B2,0.06,1
OB10292,B1,0.035,0
OB11986,B2,0.06,0
OB04666,A3,0.02,0
OB04634,A3,0.02,0
OB13121,B3,0.1,0
OB14843,C1,0.16,1
OB07284,B1,0.035,0
OB03574,A2,0.01,0
OB11406,B2,0.06,0
OB12050,B2,0.06,0
OB03367,A2,0.01,0
OB04071,A2,0.01,0
OB02277,A2,0.01,0
OB07818,B1,0.035,0
OB09601,B1,0.035,0
OB15727,C2,0.25,0
OB14478,B3,0.1,0
OB10689,B2,0.06,0
OB01668,A1,0.005,0
OB03388,A2,0.01,0
OB11103,B2,0.06,0
OB15138,C1,0.16,0
OB09840,B1,0.035,0
OB06798,A3,0.02,0
OB04673,A3,0.02,0
OB13604,B3,0.1,0
OB08116,B1,0.035,0
OB07198,A3,0.02,0
OB07882,B1,0.035,0
OB14464,B3,0.1,0
OB00689,A1,0.005,0
OB07582,B1,0.035,0
OB03356,A2,0.01,0
OB15500,C2,0.25,0
OB03674,A2,0.01,0
OB14876,C1,0.16,0
OB05935,A3,0.02,0
OB13418,B3,0.1,1
OB05742,A3,0.02,0
OB01678,A1,0.005,0
OB09342,B1,0.035,0
OB04006,A2,0.01,0
OB12211,B2,0.06,0
OB12928,B2,0.06,0
OB13800,B3,0.1,0
OB01494,A1,0.005,0
OB13451,B3,0.1,1
OB06211,A3,0.02,1
OB01324,A1,0.005,0
OB13304,B3,0.1,1
OB09083,B1,0.035,0
OB13306,B3,0.1,1
OB08361,B1,0.035,0
OB11139,B2,0.06,0
OB09021,B1,0.035,1
OB11386,B2,0.06,0
OB07245,B1,0.035,0
OB10280,B1,0.035,0
OB00918,A1,0.005,0
OB15706,C2,0.25,1
OB15265,C1,0.16,1
OB04609,A3,0.02,0
OB06872,A3,0.02,0
OB03542,A2,0.01,0
OB03540,A2,0.01,0
OB07395,B1,0.035,0
OB08019,B1,0.035,0
OB10302,B1,0.035,0
OB03890,A2,0.01,0
OB00708,A1,0.005,0
OB13010,B3,0.1,0
OB00584,A1,0.005,0
OB05576,A3,0.02,0
OB02634,A2,0.01,0
OB04005,A2,0.01,0
OB13256,B3,0.1,1
OB15039,C1,0.16,0
OB15346,C1,0.16,1
OB00391,A1,0.005,0
OB14400,B3,0.1,0
OB15719,C2,0.25,0
OB13710,B3,0.1,0
OB05663,A3,0.02,0
OB14748,C1,0.16,0
OB15507,C2,0.25,1
OB05280,A3,0.02,0
OB12516,B2,0.06,0
OB14882,C1,0.16,0
OB14573,C1,0.16,0
OB10447,B2,0.06,1
OB13008,B3,0.1,0
OB10514,B2,0.06,1
OB07039,A3,0.02,0
OB07905,B1,0.035,0
OB09829,B1,0.035,0
OB16086,C3,0.38,0
OB05686,A3,0.02,0
OB04092,A2,0.01,0
OB11879,B2,0.06,0
OB07366,B1,0.035,0
OB06246,A3,0.02,0
OB01608,A1,0.005,0
OB05287,A3,0.02,0
OB08005,B1,0.035,0
OB05408,A3,0.02,0
OB09762,B1,0.035,0
OB10353,B1,0.035,0
OB03094,A2,0.01,0
OB01809,A2,0.01,0
OB06489,A3,0.02,0
OB06788,A3,0.02,0
OB10673,B2,0.06,0
OB00500,A1,0.005,0
OB03685,A2,0.01,0
OB07412,B1,0.035,0
OB04214,A3,0.02,0
OB11188,B2,0.06,0
OB01412,A1,0.005,0
OB00817,A1,0.005,0
OB05413,A3,0.02,0
OB03446,A2,0.01,0
OB06656,A3,0.02,0
OB04606,A3,0.02,0
OB04243,A3,0.02,0
OB14821,C1,0.16,1
OB15647,C2,0.25,0
OB08822,B1,0.035,0
OB05633,A3,0.02,0
OB15863,C2,0.25,0
OB09389,B1,0.035,0
OB12805,B2,0.06,0
OB13983,B3,0.1,1
OB05827,A3,0.02,0
OB04859,A3,0.02,0
OB00205,A1,0.005,0
OB06919,A3,0.02,0
OB03121,A2,0.01,0
OB12007,B2,0.06,1
OB03090,A2,0.01,0
OB07985,B1,0.035,0
OB06102,A3,0.02,0
OB08566,B1,0.035,0
OB05549,A3,0.02,0
OB10843,B2,0.06,0
OB02748,A2,0.01,0
OB16164,C3,0.38,1
OB11309,B2,0.06,0
OB06449,A3,0.02,0
OB01755,A1,0.005,0
OB05312,A3,0.02,0
OB01482,A1,0.005,0
OB08991,B1,0.035,0
OB04571,A3,0.02,0
OB08007,B1,0.035,0
OB06312,A3,0.02,0
OB12971,B2,0.06,0
OB06000,A3,0.02,0
OB00980,A1,0.005,0
OB03529,A2,0.01,0
OB00550,A1,0.005,0
OB07264,B1,0.035,1
OB16165,C3,0.38,0
OB14322,B3,0.1,0
OB15140,C1,0.16,0
OB01426,A1,0.005,0
OB02907,A2,0.01,0
OB03320,A2,0.01,0
OB08769,B1,0.035,0
OB08065,B1,0.035,0
OB06904,A3,0.02,0
OB09645,B1,0.035,0
OB07196,A3,0.02,0
OB01321,A1,0.005,0
OB04542,A3,0.02,0
OB13420,B3,0.1,0
OB14835,C1,0.16,0
OB04724,A3,0.02,0
OB04444,A3,0.02,0
OB08534,B1,0.035,0
OB06169,A3,0.02,0
OB14770,C1,0.16,1
OB04744,A3,0.02,0
OB01872,A2,0.01,0
OB10740,B2,0.06,1
OB13780,B3,0.1,0
OB08496,B1,0.035,0
OB08100,B1,0.035,0
OB06174,A3,0.02,0
OB06405,A3,0.02,0
OB07072,A3,0.02,0
OB04681,A3,0.02,0
OB11433,B2,0.06,0
OB13678,B3,0.1,0
OB03046,A2,0.01,0
OB04393,A3,0.02,0
OB07595,B1,0.035,0
OB08568,B1,0.035,0
OB11062,B2,0.06,0
OB00242,A1,0.005,0
OB15105,C1,0.16,1
OB05959,A3,0.02,0
OB01480,A1,0.005,0
OB14553,C1,0.16,0
OB13502,B3,0.1,0
OB12673,B2,0.06,0
OB00787,A1,0.005,0
OB09790,B1,0.035,0
OB08363,B1,0.035,0
OB06633,A3,0.02,0
OB03267,A2,0.01,0
OB00678,A1,0.005,0
OB00897,A1,0.005,0
OB09320,B1,0.035,0
OB15627,C2,0.25,0
OB10968,B2,0.06,0
OB01377,A1,0.005,0
OB12319,B2,0.06,0
OB06031,A3,0.02,1
OB04574,A3,0.02,0
OB01618,A1,0.005,0
OB12626,B2,0.06,0
OB01896,A2,0.01,0
OB12609,B2,0.06,0
OB02130,A2,0.01,0
OB16081,C3,0.38,0
OB02793,A2,0.01,0
OB08828,B1,0.035,0
OB04717,A3,0.02,0
OB13114,B3,0.1,0
OB05755,A3,0.02,0
OB06199,A3,0.02,0
OB13844,B3,0.1,0
OB00622,A1,0.005,0
OB11874,B2,0.06,0
OB04774,A3,0.02,0
OB00671,A1,0.005,0
OB16173,C3,0.38,1
OB12171,B2,0.06,0
OB07231,B1,0.035,0
OB14237,B3,0.1,0
OB06380,A3,0.02,0
OB03215,A2,0.01,0
OB10987,B2,0.06,0
OB00682,A1,0.005,0
OB10505,B2,0.06,0
OB04032,A2,0.01,0
OB14781,C1,0.16,0
OB04260,A3,0.02,0
OB09832,B1,0.035,0
OB11608,B2,0.06,0
OB06047,A3,0.02,0
OB12185,B2,0.06,0
OB15183,C1,0.16,0
OB01646,A1,0.005,0
OB14313,B3,0.1,0
OB04832,A3,0.02,0
OB04633,A3,0.02,0
OB13167,B3,0.1,0
OB10962,B2,0.06,0
OB01586,A1,0.005,0
OB15530,C2,0.25,0
OB14784,C1,0.16,1
OB08085,B1,0.035,0
OB01350,A1,0.005,0
OB07222,B1,0.035,0
OB00867,A1,0.005,0
OB14872,C1,0.16,1
OB02800,A2,0.01,0
OB15997,C3,0.38,0
OB15433,C2,0.25,0
OB15956,C3,0.38,1
OB00916,A1,0.005,0
OB01768,A1,0.005,0
OB04295,A3,0.02,0
OB06562,A3,0.02,0
OB16189,C3,0.38,0
OB05704,A3,0.02,0
OB06192,A3,0.02,0
OB00015,A1,0.005,0
OB08266,B1,0.035,0
OB07976,B1,0.035,0
OB07773,B1,0.035,0
OB06518,A3,0.02,0
OB07411,B1,0.035,0
OB05894,A3,0.02,0
OB13285,B3,0.1,0
OB11980,B2,0.06,0
OB07207,B1,0.035,0
OB13912,B3,0.1,1
OB07694,B1,0.035,0
OB05603,A3,0.02,0
OB10750,B2,0.06,0
OB00836,A1,0.005,0
OB14769,C1,0.16,1
OB01745,A1,0.005,0
OB04264,A3,0.02,0
OB09386,B1,0.035,0
OB11130,B2,0.06,0
OB11373,B2,0.06,0
OB09413,B1,0.035,0
OB11946,B2,0.06,0
OB13673,B3,0.1,0
OB01195,A1,0.005,0
OB10820,B2,0.06,0
OB12867,B2,0.06,0
OB12140,B2,0.06,0
OB14664,C1,0.16,0
OB01699,A1,0.005,0
OB14040,B3,0.1,1
OB02477,A2,0.01,0
OB13147,B3,0.1,0
OB08129,B1,0.035,0
OB14284,B3,0.1,0
OB06852,A3,0.02,0
OB06287,A3,0.02,0
OB04467,A3,0.02,0
OB08678,B1,0.035,0
OB08324,B1,0.035,0
OB14606,C1,0.16,0
OB11523,B2,0.06,0
OB04617,A3,0.02,0
OB12860,B2,0.06,0
OB10840,B2,0.06,0
OB02455,A2,0.01,0
OB02282,A2,0.01,0
OB01944,A2,0.01,0
OB02817,A2,0.01,0
OB11975,B2,0.06,0
OB00948,A1,0.005,0
OB07216,B1,0.035,0
OB06950,A3,0.02,0
OB06080,A3,0.02,0
OB01490,A1,0.005,0
OB10053,B1,0.035,0
OB13151,B3,0.1,0
OB01097,A1,0.005,0
OB10317,B1,0.035,0
OB13520,B3,0.1,0
OB10848,B2,0.06,0
OB10876,B2,0.06,0
OB13106,B3,0.1,0
OB14216,B3,0.1,0
OB02825,A2,0.01,0
OB08703,B1,0.035,0
OB12228,B2,0.06,0
OB10054,B1,0.035,0
OB08639,B1,0.035,0
OB01360,A1,0.005,0
OB05204,A3,0.02,0
OB08726,B1,0.035,0
OB13565,B3,0.1,0
OB03253,A2,0.01,0
OB11912,B2,0.06,0
OB06299,A3,0.02,0
OB06265,A3,0.02,0
OB02669,A2,0.01,0
OB15939,C3,0.38,0
OB15678,C2,0.25,1
OB11506,B2,0.06,1
OB06318,A3,0.02,0
OB14365,B3,0.1,0
OB07810,B1,0.035,0
OB14735,C1,0.16,0
OB09384,B1,0.035,1
OB10924,B2,0.06,0
OB04711,A3,0.02,0
OB03856,A2,0.01,0
OB09923,B1,0.035,1
OB03603,A2,0.01,0
OB05536,A3,0.02,0
OB05099,A3,0.02,0
OB08450,B1,0.035,0
OB15548,C2,0.25,0
OB09653,B1,0.035,0
OB15649,C2,0.25,1
OB14106,B3,0.1,0
OB08132,B1,0.035,0
OB12111,B2,0.06,0
OB01689,A1,0.005,0
OB04777,A3,0.02,0
OB14232,B3,0.1,0
OB00161,A1,0.005,0
OB12133,B2,0.06,0
OB12642,B2,0.06,0
OB14130,B3,0.1,0
OB08017,B1,0.035,0
OB02680,A2,0.01,0
OB01552,A1,0.005,0
OB06422,A3,0.02,0
OB15354,C1,0.16,0
OB14173,B3,0.1,0
OB06126,A3,0.02,0
OB08113,B1,0.035,0
OB11290,B2,0.06,0
OB02226,A2,0.01,0
OB02154,A2,0.01,0
OB13020,B3,0.1,1
OB04460,A3,0.02,0
OB10794,B2,0.06,0
OB10274,B1,0.035,0
OB07454,B1,0.035,0
OB06456,A3,0.02,0
OB06430,A3,0.02,0
OB12403,B2,0.06,0
OB00615,A1,0.005,0
OB04188,A2,0.01,0
OB05741,A3,0.02,0
OB03838,A2,0.01,0
OB12320,B2,0.06,0
OB14997,C1,0.16,0
OB03971,A2,0.01,0
OB06061,A3,0.02,0
OB14549,C1,0.16,0
OB10194,B1,0.035,0
OB10746,B2,0.06,0
OB14342,B3,0.1,0
OB07063,A3,0.02,0
OB04691,A3,0.02,0
OB09854,B1,0.035,0
OB06498,A3,0.02,0
OB16045,C3,0.38,0
OB08335,B1,0.035,0
OB12758,B2,0.06,0
OB08136,B1,0.035,0
OB00259,A1,0.005,0
OB01497,A1,0.005,0
OB07964,B1,0.035,0
OB09795,B1,0.035,0
OB06377,A3,0.02,0
OB10934,B2,0.06,0
OB06472,A3,0.02,0
OB08842,B1,0.035,0
OB02324,A2,0.01,0
OB11944,B2,0.06,0
OB09163,B1,0.035,0
OB14409,B3,0.1,0
OB07187,A3,0.02,0
OB07821,B1,0.035,0
OB03008,A2,0.01,0
OB07226,B1,0.035,0
OB07662,B1,0.035,0
OB14269,B3,0.1,0
OB10693,B2,0.06,0
OB01364,A1,0.005,0
OB05565,A3,0.02,0
OB03057,A2,0.01,0
OB06042,A3,0.02,0
OB05078,A3,0.02,0
OB04367,A3,0.02,0
OB01641,A1,0.005,0
OB02270,A2,0.01,0
OB01697,A1,0.005,0
OB08676,B1,0.035,0
OB02450,A2,0.01,0
OB10104,B1,0.035,0
OB08602,B1,0.035,0
OB05916,A3,0.02,0
OB08599,B1,0.035,0
OB01806,A2,0.01,0
OB10006,B1,0.035,0
OB07359,B1,0.035,0
OB11126,B2,0.06,0
OB04930,A3,0.02,0
OB06191,A3,0.02,0
OB15071,C1,0.16,0
OB04409,A3,0.02,0
OB07283,B1,0.035,0
OB11672,B2,0.06,0
OB00464,A1,0.005,0
OB01224,A1,0.005,0
OB12416,B2,0.06,0
OB14714,C1,0.16,0
OB07673,B1,0.035,0
OB07344,B1,0.035,0
OB05188,A3,0.02,0
OB04788,A3,0.02,0
OB03998,A2,0.01,0
OB04200,A2,0.01,0
OB04378,A3,0.02,0
OB09824,B1,0.035,0
OB04789,A3,0.02,0
OB08876,B1,0.035,0
OB14783,C1,0.16,0
OB11026,B2,0.06,0
OB07954,B1,0.035,0
OB13504,B3,0.1,0
OB01119,A1,0.005,0
OB14647,C1,0.16,0
OB11652,B2,0.06,0
OB10773,B2,0.06,0
OB05089,A3,0.02,0
OB14374,B3,0.1,0
OB06792,A3,0.02,0
OB06082,A3,0.02,0
OB12119,B2,0.06,0
OB03341,A2,0.01,0
OB06177,A3,0.02,0
OB00200,A1,0.005,0
OB05349,A3,0.02,0
OB02122,A2,0.01,0
OB04420,A3,0.02,0
OB05910,A3,0.02,0
OB10543,B2,0.06,0
OB12328,B2,0.06,0
OB06769,A3,0.02,0
OB12357,B2,0.06,0
OB10603,B2,0.06,0
OB09768,B1,0.035,0
OB04776,A3,0.02,0
OB05011,A3,0.02,0
OB12335,B2,0.06,0
OB10721,B2,0.06,0
OB14534,C1,0.16,0
OB08558,B1,0.035,0
OB13022,B3,0.1,1
OB05163,A3,0.02,0
OB06438,A3,0.02,0
OB02072,A2,0.01,0
OB11392,B2,0.06,0
OB06770,A3,0.02,0
OB12576,B2,0.06,0
OB03227,A2,0.01,0
OB03032,A2,0.01,0
OB11257,B2,0.06,0
OB10742,B2,0.06,0
OB06264,A3,0.02,0
OB09581,B1,0.035,0
OB06842,A3,0.02,0
OB06522,A3,0.02,0
OB09774,B1,0.035,0
OB06930,A3,0.02,0
OB02063,A2,0.01,0
OB00887,A1,0.005,0
OB02610,A2,0.01,0
OB08231,B1,0.035,0
OB02953,A2,0.01,0
OB12110,B2,0.06,0
OB10749,B2,0.06,0
OB07140,A3,0.02,0
OB16063,C3,0.38,0
OB03279,A2,0.01,0
OB04911,A3,0.02,0
OB02687,A2,0.01,0
OB15512,C2,0.25,0
OB06163,A3,0.02,0
OB01058,A1,0.005,0
OB04890,A3,0.02,0
OB13737,B3,0.1,0
OB15406,C2,0.25,0
OB05829,A3,0.02,0
OB09290,B1,0.035,0
OB03753,A2,0.01,0
OB15818,C2,0.25,0
OB01472,A1,0.005,0
OB01258,A1,0.005,0
OB03880,A2,0.01,0
OB08645,B1,0.035,0
OB13532,B3,0.1,0
OB06227,A3,0.02,0
OB00829,A1,0.005,0
OB15652,C2,0.25,0
OB11129,B2,0.06,0
OB14083,B3,0.1,0
OB15686,C2,0.25,0
OB00723,A1,0.005,0
OB10226,B1,0.035,1
OB07560,B1,0.035,0
OB07718,B1,0.035,1
OB10384,B1,0.035,0
OB11081,B2,0.06,0
OB09788,B1,0.035,0
OB06973,A3,0.02,0
OB05965,A3,0.02,1
OB04861,A3,0.02,0
OB14670,C1,0.16,1
OB14809,C1,0.16,0
OB12164,B2,0.06,0
OB11289,B2,0.06,0
OB11941,B2,0.06,0
OB04431,A3,0.02,0
OB04751,A3,0.02,0
OB09633,B1,0.035,0
OB12572,B2,0.06,0
OB12270,B2,0.06,0
OB00351,A1,0.005,0
OB05546,A3,0.02,0
OB13995,B3,0.1,0
OB02260,A2,0.01,0
OB07800,B1,0.035,0
OB02027,A2,0.01,0
OB16029,C3,0.38,1
OB03353,A2,0.01,0
OB10632,B2,0.06,0
OB15567,C2,0.25,1
OB01446,A1,0.005,0
OB13641,B3,0.1,0
OB05250,A3,0.02,0
OB07739,B1,0.035,0
OB13264,B3,0.1,0
OB16168,C3,0.38,0
OB12963,B2,0.06,0
OB04565,A3,0.02,0
OB05414,A3,0.02,0
OB01612,A1,0.005,0
OB00430,A1,0.005,0
OB03951,A2,0.01,0
OB05652,A3,0.02,0
OB05226,A3,0.02,0
OB07724,B1,0.035,0
OB01211,A1,0.005,0
OB09109,B1,0.035,0
OB04263,A3,0.02,0
OB13661,B3,0.1,0
OB06551,A3,0.02,0
OB10806,B2,0.06,0
OB02495,A2,0.01,0
OB09193,B1,0.035,0
OB05275,A3,0.02,0
OB00057,A1,0.005,0
OB03021,A2,0.01,0
OB12252,B2,0.06,0
OB00209,A1,0.005,0
OB02112,A2,0.01,0
OB14402,B3,0.1,1
OB05404,A3,0.02,0
OB01441,A1,0.005,0
OB00426,A1,0.005,0
OB08062,B1,0.035,0
OB08890,B1,0.035,0
OB09458,B1,0.035,0
OB01624,A1,0.005,0
OB04834,A3,0.02,0
OB07676,B1,0.035,0
OB01594,A1,0.005,0
OB02302,A2,0.01,0
OB04589,A3,0.02,0
OB05058,A3,0.02,0
OB05957,A3,0.02,0
OB12472,B2,0.06,0
OB15292,C1,0.16,1
OB07132,A3,0.02,0
OB14348,B3,0.1,1
OB09171,B1,0.035,0
OB15531,C2,0.25,0
OB14704,C1,0.16,0
OB09012,B1,0.035,0
OB05923,A3,0.02,0
OB07644,B1,0.035,0
OB15552,C2,0.25,0
OB14221,B3,0.1,0
OB09660,B1,0.035,0
OB14622,C1,0.16,1
OB08288,B1,0.035,0
OB08814,B1,0.035,0
OB09026,B1,0.035,0
OB05464,A3,0.02,0
OB07819,B1,0.035,0
OB12199,B2,0.06,0
OB11241,B2,0.06,0
OB01779,A1,0.005,0
OB12259,B2,0.06,0
OB00337,A1,0.005,0
OB02643,A2,0.01,0
OB07262,B1,0.035,0
OB09276,B1,0.035,0
OB07497,B1,0.035,0
OB02608,A2,0.01,0
OB06962,A3,0.02,0
OB11762,B2,0.06,0
OB04025,A2,0.01,0
OB13796,B3,0.1,0
OB08583,B1,0.035,0
OB00738,A1,0.005,0
OB00114,A1,0.005,0
OB01069,A1,0.005,0
OB12116,B2,0.06,0
OB00938,A1,0.005,0
OB02300,A2,0.01,0
OB15537,C2,0.25,0
OB07792,B1,0.035,0
OB06980,A3,0.02,0
OB00258,A1,0.005,0
OB02239,A2,0.01,0
OB01340,A1,0.005,0
OB09345,B1,0.035,0
OB15225,C1,0.16,0
OB00993,A1,0.005,0
OB01847,A2,0.01,1
OB10751,B2,0.06,0
OB05106,A3,0.02,0
OB10165,B1,0.035,0
OB12803,B2,0.06,0
OB12815,B2,0.06,0
OB11857,B2,0.06,0
OB03404,A2,0.01,0
OB06525,A3,0.02,0
OB00133,A1,0.005,0
OB10655,B2,0.06,0
OB04132,A2,0.01,0
OB00442,A1,0.005,0
OB04161,A2,0.01,0
OB10222,B1,0.035,0
OB09861,B1,0.035,0
OB05866,A3,0.02,0
OB05379,A3,0.02,0
OB07681,B1,0.035,0
OB10368,B1,0.035,0
OB04735,A3,0.02,0
OB05382,A3,0.02,0
OB05321,A3,0.02,0
OB13762,B3,0.1,0
OB15589,C2,0.25,1
OB07586,B1,0.035,0
OB05315,A3,0.02,0
OB09791,B1,0.035,0
OB02726,A2,0.01,0
OB15903,C3,0.38,0
OB14177,B3,0.1,0
OB04864,A3,0.02,0
OB10765,B2,0.06,0
OB14989,C1,0.16,0
OB01295,A1,0.005,0
OB08328,B1,0.035,0
OB13731,B3,0.1,0
OB01660,A1,0.005,0
OB09937,B1,0.035,0
OB09471,B1,0.035,0
OB13959,B3,0.1,0
OB07056,A3,0.02,0
OB03431,A2,0.01,0
OB03547,A2,0.01,0
OB14916,C1,0.16,0
OB12250,B2,0.06,0
OB08322,B1,0.035,0
OB10893,B2,0.06,0
OB00028,A1,0.005,0
OB06309,A3,0.02,0
OB00492,A1,0.005,0
OB07948,B1,0.035,0
OB12741,B2,0.06,0
OB09427,B1,0.035,0
OB15371,C1,0.16,0
OB08336,B1,0.035,0
OB11798,B2,0.06,0
OB04044,A2,0.01,0
OB14041,B3,0.1,0
OB02126,A2,0.01,0
OB08652,B1,0.035,0
OB11751,B2,0.06,0
OB10584,B2,0.06,0
OB12969,B2,0.06,0
OB10202,B1,0.035,0
OB11287,B2,0.06,0
OB02467,A2,0.01,0
OB14051,B3,0.1,0
OB05844,A3,0.02,0
OB06051,A3,0.02,0
OB04458,A3,0.02,0
OB09997,B1,0.035,0
OB12608,B2,0.06,0
OB08395,B1,0.035,0
OB05031,A3,0.02,0
OB07622,B1,0.035,0
OB00340,A1,0.005,0
OB04202,A3,0.02,0
OB08126,B1,0.035,0
OB03652,A2,0.01,0
OB09157,B1,0.035,1
OB00125,A1,0.005,0
OB06645,A3,0.02,0
OB03026,A2,0.01,0
OB02387,A2,0.01,0
OB01966,A2,0.01,0
OB11165,B2,0.06,0
OB02961,A2,0.01,0
OB07258,B1,0.035,0
OB12735,B2,0.06,0
OB09402,B1,0.035,0
OB11189,B2,0.06,1
OB08840,B1,0.035,0
OB00970,A1,0.005,0
OB11516,B2,0.06,0
OB04309,A3,0.02,0
OB09950,B1,0.035,0
OB13835,B3,0.1,0
OB01589,A1,0.005,0
OB00936,A1,0.005,0
OB09643,B1,0.035,0
OB06564,A3,0.02,0
OB00524,A1,0.005,0
OB01354,A1,0.005,0
OB06394,A3,0.02,0
OB03139,A2,0.01,0
OB01189,A1,0.005,0
OB08022,B1,0.035,0
OB12506,B2,0.06,0
OB07713,B1,0.035,0
OB06746,A3,0.02,0
OB08707,B1,0.035,0
OB11633,B2,0.06,0
OB15142,C1,0.16,1
OB00878,A1,0.005,0
OB03295,A2,0.01,0
OB10215,B1,0.035,0
OB08145,B1,0.035,0
OB13691,B3,0.1,0
OB08259,B1,0.035,0
OB11887,B2,0.06,0
OB12550,B2,0.06,0
OB09674,B1,0.035,0
OB08438,B1,0.035,0
OB12085,B2,0.06,0
OB04833,A3,0.02,0
OB05943,A3,0.02,0
OB15622,C2,0.25,0
OB03430,A2,0.01,0
OB06880,A3,0.02,0
OB14095,B3,0.1,1
OB07846,B1,0.035,0
OB06300,A3,0.02,0
OB10952,B2,0.06,0
OB10137,B1,0.035,0
OB04757,A3,0.02,0
OB15419,C2,0.25,0
OB06898,A3,0.02,0
OB14867,C1,0.16,0
OB12124,B2,0.06,0
OB04385,A3,0.02,0
OB03543,A2,0.01,0
OB05873,A3,0.02,0
OB13917,B3,0.1,0
OB00783,A1,0.005,0
OB02164,A2,0.01,0
OB12313,B2,0.06,0
OB05720,A3,0.02,0
OB08419,B1,0.035,0
OB00761,A1,0.005,0
OB14824,C1,0.16,1
OB00515,A1,0.005,0
OB13016,B3,0.1,0
OB01606,A1,0.005,0
OB04280,A3,0.02,0
OB07014,A3,0.02,0
OB02892,A2,0.01,0
OB03931,A2,0.01,0
OB02153,A2,0.01,0
OB09101,B1,0.035,0
OB13089,B3,0.1,0
OB13057,B3,0.1,0
OB00194,A1,0.005,0
OB14101,B3,0.1,0
OB00743,A1,0.005,0
OB15041,C1,0.16,1
OB08805,B1,0.035,0
OB11069,B2,0.06,0
OB01871,A2,0.01,0
OB02212,A2,0.01,0
OB07808,B1,0.035,0
OB03639,A2,0.01,0
OB08594,B1,0.035,0
OB11733,B2,0.06,0
OB05039,A3,0.02,0
OB09042,B1,0.035,0
OB06197,A3,0.02,0
OB03201,A2,0.01,0
OB09921,B1,0.035,0
OB08567,B1,0.035,0
OB14315,B3,0.1,0
OB11128,B2,0.06,1
OB12826,B2,0.06,0
OB06020,A3,0.02,0
OB13574,B3,0.1,0
OB09200,B1,0.035,1
OB15842,C2,0.25,1
OB14415,B3,0.1,0
OB00410,A1,0.005,0
OB00579,A1,0.005,0
OB00693,A1,0.005,0
OB09804,B1,0.035,0
OB10927,B2,0.06,0
OB06275,A3,0.02,0
OB13591,B3,0.1,0
OB04928,A3,0.02,0
OB08848,B1,0.035,0
OB12733,B2,0.06,0
OB05926,A3,0.02,0
OB13626,B3,0.1,0
OB12032,B2,0.06,0
OB14749,C1,0.16,0
OB01158,A1,0.005,0
OB07482,B1,0.035,0
OB15715,C2,0.25,0
OB03134,A2,0.01,0
OB00591,A1,0.005,0
OB11099,B2,0.06,0
OB01576,A1,0.005,0
OB04575,A3,0.02,0
OB03130,A2,0.01,0
OB15063,C1,0.16,0
OB06251,A3,0.02,0
OB06753,A3,0.02,0
OB02397,A2,0.01,0
OB14452,B3,0.1,0
OB03125,A2,0.01,0
OB05041,A3,0.02,0
OB10853,B2,0.06,0
OB10064,B1,0.035,0
OB12754,B2,0.06,0
OB00744,A1,0.005,0
OB01949,A2,0.01,0
OB00183,A1,0.005,0
OB03548,A2,0.01,0
OB04339,A3,0.02,0
OB02717,A2,0.01,0
OB05491,A3,0.02,1
OB01054,A1,0.005,0
OB13518,B3,0.1,1
OB00654,A1,0.005,0
OB00149,A1,0.005,0
OB00709,A1,0.005,0
OB00370,A1,0.005,0
OB00024,A1,0.005,0
OB11505,B2,0.06,0
OB01286,A1,0.005,0
OB01958,A2,0.01,0
OB08026,B1,0.035,0
OB02261,A2,0.01,0
OB05629,A3,0.02,0
OB13208,B3,0.1,0
OB01200,A1,0.005,0
OB04509,A3,0.02,0
OB08662,B1,0.035,0
OB02284,A2,0.01,0
OB01193,A1,0.005,0
OB08299,B1,0.035,0
OB09677,B1,0.035,0
OB15469,C2,0.25,1
OB08543,B1,0.035,0
OB07933,B1,0.035,0
OB12212,B2,0.06,0
OB05606,A3,0.02,0
OB09453,B1,0.035,0
OB08241,B1,0.035,0
OB12527,B2,0.06,0
OB07763,B1,0.035,0
OB04809,A3,0.02,0
OB09636,B1,0.035,0
OB02694,A2,0.01,0
OB04252,A3,0.02,0
OB14015,B3,0.1,0
OB02799,A2,0.01,0
OB14782,C1,0.16,0
OB02512,A2,0.01,0
OB13189,B3,0.1,0
OB13793,B3,0.1,0
OB01909,A2,0.01,0
OB07831,B1,0.035,0
OB11801,B2,0.06,0
OB08069,B1,0.035,0
OB01707,A1,0.005,0
OB01465,A1,0.005,0
OB03801,A2,0.01,0
OB03034,A2,0.01,0
OB02772,A2,0.01,0
OB06419,A3,0.02,0
OB15867,C2,0.25,0
OB09057,B1,0.035,0
OB15644,C2,0.25,1
OB10318,B1,0.035,0
OB00031,A1,0.005,0
OB02307,A2,0.01,0
OB07303,B1,0.035,0
OB01227,A1,0.005,0
OB02330,A2,0.01,0
OB03414,A2,0.01,0
OB14705,C1,0.16,1
OB00174,A1,0.005,0
OB10869,B2,0.06,0
OB15515,C2,0.25,0
OB03242,A2,0.01,0
OB04956,A3,0.02,0
OB11893,B2,0.06,0
OB06069,A3,0.02,0
OB03743,A2,0.01,0
OB05921,A3,0.02,0
OB13566,B3,0.1,0
OB14287,B3,0.1,0
OB08067,B1,0.035,0
OB16012,C3,0.38,0
OB00808,A1,0.005,0
OB01470,A1,0.005,0
OB03903,A2,0.01,0
OB14665,C1,0.16,1
OB14719,C1,0.16,1
OB13748,B3,0.1,1
OB07228,B1,0.035,0
OB11388,B2,0.06,0
OB00494,A1,0.005,0
OB06748,A3,0.02,0
OB01002,A1,0.005,0
OB02318,A2,0.01,0
OB14123,B3,0.1,1
OB14504,C1,0.16,0
OB10550,B2,0.06,0
OB00973,A1,0.005,0
OB05405,A3,0.02,0
OB02381,A2,0.01,0
OB07805,B1,0.035,1
OB06586,A3,0.02,0
OB05792,A3,0.02,0
OB04708,A3,0.02,0
OB06862,A3,0.02,0
OB15957,C3,0.38,0
OB07914,B1,0.035,0
OB11004,B2,0.06,0
OB08577,B1,0.035,1
OB12966,B2,0.06,0
OB04111,A2,0.01,0
OB06739,A3,0.02,0
OB01664,A1,0.005,0
OB07335,B1,0.035,0
OB03346,A2,0.01,0
OB09894,B1,0.035,1
OB12305,B2,0.06,0
OB00199,A1,0.005,0
OB01059,A1,0.005,0
OB00641,A1,0.005,0
OB11203,B2,0.06,0
OB07310,B1,0.035,0
OB11006,B2,0.06,0
OB09539,B1,0.035,0
OB00320,A1,0.005,0
OB09379,B1,0.035,0
OB07432,B1,0.035,0
OB02663,A2,0.01,0
OB15113,C1,0.16,1
OB09309,B1,0.035,0
OB09909,B1,0.035,0
OB10662,B2,0.06,0
OB14482,B3,0.1,0
OB01921,A2,0.01,0
OB11336,B2,0.06,0
OB01953,A2,0.01,0
OB00372,A1,0.005,0
OB00586,A1,0.005,0
OB02831,A2,0.01,0
OB07730,B1,0.035,0
OB15717,C2,0.25,0
OB15929,C3,0.38,1
OB00077,A1,0.005,0
OB06335,A3,0.02,0
OB06863,A3,0.02,0
OB05094,A3,0.02,0
OB13004,B3,0.1,0
OB02369,A2,0.01,0
OB08818,B1,0.035,0
OB07645,B1,0.035,0
OB13493,B3,0.1,0
OB06146,A3,0.02,0
OB11596,B2,0.06,0
OB11906,B2,0.06,1
OB09600,B1,0.035,0
OB10098,B1,0.035,0
OB04736,A3,0.02,0
OB00376,A1,0.005,0
OB00081,A1,0.005,0
OB07651,B1,0.035,0
OB08032,B1,0.035,0
OB02171,A2,0.01,0
OB12318,B2,0.06,0
OB15955,C3,0.38,0
OB02787,A2,0.01,0
OB10986,B2,0.06,0
OB07390,B1,0.035,0
OB02899,A2,0.01,0
OB07575,B1,0.035,0
OB06787,A3,0.02,0
OB05481,A3,0.02,0
OB00190,A1,0.005,0
OB05612,A3,0.02,0
OB15869,C2,0.25,0
OB02893,A2,0.01,0
OB16066,C3,0.38,0
OB14196,B3,0.1,0
OB03171,A2,0.01,0
OB02060,A2,0.01,0
OB04450,A3,0.02,0
OB07178,A3,0.02,0
OB00949,A1,0.005,0
OB10441,B2,0.06,0
OB09576,B1,0.035,0
OB05725,A3,0.02,0
OB15513,C2,0.25,0
OB08195,B1,0.035,0
OB15840,C2,0.25,1
OB06235,A3,0.02,0
OB11669,B2,0.06,0
OB15127,C1,0.16,1
OB08008,B1,0.035,0
OB03107,A2,0.01,0
OB05567,A3,0.02,0
OB07546,B1,0.035,0
OB02111,A2,0.01,0
OB08433,B1,0.035,0
OB01518,A1,0.005,0
OB07431,B1,0.035,0
OB14372,B3,0.1,0
OB08869,B1,0.035,0
OB03703,A2,0.01,0
OB15508,C2,0.25,0
OB05980,A3,0.02,0
OB15451,C2,0.25,0
OB00874,A1,0.005,0
OB09575,B1,0.035,0
OB01206,A1,0.005,0
OB10647,B2,0.06,0
OB07016,A3,0.02,0
OB00810,A1,0.005,0
OB09220,B1,0.035,0
OB05116,A3,0.02,0
OB01817,A2,0.01,0
OB07202,B1,0.035,0
OB08939,B1,0.035,0
OB15115,C1,0.16,0
OB11623,B2,0.06,1
OB04796,A3,0.02,0
OB11023,B2,0.06,0
OB03966,A2,0.01,0
OB11248,B2,0.06,0
OB05580,A3,0.02,0
OB08821,B1,0.035,0
OB10566,B2,0.06,0
OB14831,C1,0.16,1
OB03071,A2,0.01,0
OB10560,B2,0.06,0
OB07239,B1,0.035,0
OB14389,B3,0.1,0
OB06720,A3,0.02,0
OB09485,B1,0.035,0
OB15150,C1,0.16,1
OB13141,B3,0.1,0
OB11007,B2,0.06,0
OB03151,A2,0.01,0
OB05714,A3,0.02,0
OB02827,A2,0.01,0
OB03853,A2,0.01,0
OB02615,A2,0.01,0
OB12241,B2,0.06,0
OB13175,B3,0.1,0
OB15471,C2,0.25,0
OB06964,A3,0.02,0
OB03618,A2,0.01,0
OB09825,B1,0.035,0
OB09847,B1,0.035,0
OB05457,A3,0.02,0
OB08333,B1,0.035,0
OB07606,B1,0.035,0
OB09782,B1,0.035,0
OB06582,A3,0.02,0
OB02497,A2,0.01,0
OB07330,B1,0.035,0
OB06534,A3,0.02,0
OB07376,B1,0.035,0
OB04038,A2,0.01,0
OB16097,C3,0.38,1
OB04917,A3,0.02,0
OB01077,A1,0.005,0
OB14972,C1,0.16,0
OB01070,A1,0.005,0
OB15878,C2,0.25,0
OB01137,A1,0.005,0
OB12518,B2,0.06,0
OB01000,A1,0.005,0
OB02716,A2,0.01,0
OB14153,B3,0.1,0
OB11393,B2,0.06,0
OB07191,A3,0.02,0
OB06677,A3,0.02,0
OB15505,C2,0.25,0
OB08217,B1,0.035,0
OB13407,B3,0.1,0
OB10342,B1,0.035,0
OB12917,B2,0.06,0
OB00262,A1,0.005,0
OB03911,A2,0.01,0
OB13677,B3,0.1,0
OB11233,B2,0.06,0
OB03298,A2,0.01,0
OB14908,C1,0.16,0
OB06650,A3,0.02,0
OB10615,B2,0.06,0
OB11683,B2,0.06,0
OB11802,B2,0.06,0
OB01696,A1,0.005,0
OB08201,B1,0.035,0
OB09259,B1,0.035,0
OB10095,B1,0.035,0
OB06508,A3,0.02,0
OB13178,B3,0.1,0
OB01714,A1,0.005,0
OB03062,A2,0.01,0
OB00401,A1,0.005,0
OB08796,B1,0.035,0
OB03251,A2,0.01,0
OB10187,B1,0.035,0
OB09732,B1,0.035,0
OB11495,B2,0.06,0
OB05278,A3,0.02,0
OB05628,A3,0.02,0
OB04135,A2,0.01,0
OB06389,A3,0.02,0
OB13576,B3,0.1,0
OB00865,A1,0.005,0
OB01825,A2,0.01,0
OB06490,A3,0.02,0
OB14188,B3,0.1,0
OB05531,A3,0.02,0
OB02434,A2,0.01,0
OB08183,B1,0.035,0
OB13573,B3,0.1,0
OB15131,C1,0.16,0
OB04304,A3,0.02,0
OB03329,A2,0.01,0
OB11294,B2,0.06,0
OB03363,A2,0.01,0
OB10761,B2,0.06,0
OB05166,A3,0.02,0
OB13961,B3,0.1,0
OB00891,A1,0.005,0
OB12958,B2,0.06,0
OB13140,B3,0.1,0
OB11010,B2,0.06,0
OB05751,A3,0.02,0
OB08891,B1,0.035,0
OB12332,B2,0.06,0
OB07559,B1,0.035,0
OB08486,B1,0.035,0
OB12712,B2,0.06,0
OB04056,A2,0.01,0
OB04991,A3,0.02,0
OB10917,B2,0.06,0
OB13614,B3,0.1,0
OB02298,A2,0.01,0
OB05080,A3,0.02,0
OB11981,B2,0.06,0
OB04042,A2,0.01,0
OB01113,A1,0.005,0
OB00632,A1,0.005,0
OB07010,A3,0.02,0
OB08405,B1,0.035,0
OB04055,A2,0.01,0
OB01839,A2,0.01,0
OB09802,B1,0.035,0
OB05971,A3,0.02,0
OB07101,A3,0.02,0
OB05384,A3,0.02,1
OB11603,B2,0.06,0
OB07087,A3,0.02,0
OB13830,B3,0.1,0
OB10569,B2,0.06,0
OB08391,B1,0.035,0
OB15391,C1,0.16,0
OB06358,A3,0.02,0
OB05371,A3,0.02,0
OB03782,A2,0.01,0
OB06763,A3,0.02,0
OB16072,C3,0.38,0
OB05539,A3,0.02,0
OB07666,B1,0.035,0
OB03183,A2,0.01,0
OB04620,A3,0.02,0
OB06374,A3,0.02,0
OB16198,C3,0.38,1
OB15003,C1,0.16,1
OB12137,B2,0.06,0
OB01935,A2,0.01,0
OB03536,A2,0.01,0
OB07796,B1,0.035,0
OB08763,B1,0.035,0
OB12979,B2,0.06,0
OB08167,B1,0.035,0
OB03142,A2,0.01,0
OB13251,B3,0.1,0
OB11921,B2,0.06,0
OB05896,A3,0.02,0
OB02632,A2,0.01,0
OB00296,A1,0.005,0
OB15731,C2,0.25,1
OB11364,B2,0.06,0
OB02877,A2,0.01,0
OB11519,B2,0.06,1
OB14445,B3,0.1,0
OB14162,B3,0.1,1
OB04349,A3,0.02,0
OB06077,A3,0.02,1
OB13110,B3,0.1,0
OB11503,B2,0.06,0
OB07394,B1,0.035,0
OB09397,B1,0.035,0
OB14453,B3,0.1,0
OB08760,B1,0.035,0
OB02447,A2,0.01,0
OB11193,B2,0.06,0
OB07596,B1,0.035,0
OB02440,A2,0.01,0
OB07983,B1,0.035,0
OB07036,A3,0.02,0
OB14118,B3,0.1,0
OB00657,A1,0.005,0
OB02086,A2,0.01,0
OB02510,A2,0.01,0
OB11816,B2,0.06,0
OB06404,A3,0.02,0
OB07925,B1,0.035,0
OB14247,B3,0.1,0
OB14810,C1,0.16,0
OB09838,B1,0.035,0
OB12780,B2,0.06,0
OB06200,A3,0.02,0
OB12008,B2,0.06,0
OB15232,C1,0.16,0
OB08943,B1,0.035,0
OB09354,B1,0.035,0
OB04002,A2,0.01,0
OB05984,A3,0.02,0
OB02075,A2,0.01,0
OB00278,A1,0.005,0
OB04255,A3,0.02,0
OB15617,C2,0.25,0
OB07236,B1,0.035,0
OB09339,B1,0.035,0
OB00295,A1,0.005,0
OB06849,A3,0.02,0
OB09170,B1,0.035,0
OB12548,B2,0.06,0
OB06303,A3,0.02,0
OB09954,B1,0.035,0
OB14403,B3,0.1,0
OB11211,B2,0.06,0
OB06736,A3,0.02,0
OB09361,B1,0.035,0
OB03518,A2,0.01,0
OB10507,B2,0.06,0
OB06990,A3,0.02,0
OB03325,A2,0.01,0
OB03546,A2,0.01,0
OB12702,B2,0.06,0
OB10874,B2,0.06,0
OB06940,A3,0.02,0
OB01370,A1,0.005,0
OB14905,C1,0.16,0
OB09097,B1,0.035,0
OB04610,A3,0.02,0
OB04164,A2,0.01,0
OB10778,B2,0.06,0
OB14828,C1,0.16,0
OB14588,C1,0.16,0
OB14530,C1,0.16,1
OB01315,A1,0.005,0
OB04086,A2,0.01,0
OB12108,B2,0.06,0
OB01727,A1,0.005,0
OB02358,A2,0.01,0
OB03396,A2,0.01,0
OB11041,B2,0.06,0
OB07742,B1,0.035,0
OB07407,B1,0.035,0
OB05887,A3,0.02,0
OB09512,B1,0.035,0
OB06052,A3,0.02,0
OB14474,B3,0.1,0
OB14808,C1,0.16,0
OB12623,B2,0.06,0
OB06270,A3,0.02,0
OB15285,C1,0.16,1
OB14200,B3,0.1,0
OB01398,A1,0.005,0
OB01245,A1,0.005,0
OB07621,B1,0.035,0
OB00834,A1,0.005,0
OB00150,A1,0.005,0
OB03648,A2,0.01,0
OB05269,A3,0.02,0
OB10541,B2,0.06,0
OB14718,C1,0.16,0
OB15689,C2,0.25,1
OB00185,A1,0.005,0
OB09080,B1,0.035,0
OB00921,A1,0.005,0
OB01488,A1,0.005,0
OB02927,A2,0.01,0
OB05611,A3,0.02,0
OB05969,A3,0.02,0
OB03635,A2,0.01,0
OB10677,B2,0.06,0
OB15022,C1,0.16,1
OB12956,B2,0.06,0
OB08865,B1,0.035,0
OB10101,B1,0.035,0
OB10301,B1,0.035,0
OB05743,A3,0.02,0
OB02036,A2,0.01,0
OB05778,A3,0.02,0
OB10424,B2,0.06,0
OB00265,A1,0.005,0
OB03300,A2,0.01,0
OB05420,A3,0.02,0
OB02505,A2,0.01,0
OB04693,A3,0.02,0
OB15336,C1,0.16,0
OB09604,B1,0.035,0
OB07567,B1,0.035,1
OB15831,C2,0.25,0
OB03031,A2,0.01,0
OB04506,A3,0.02,0
OB08402,B1,0.035,0
OB15672,C2,0.25,0
OB06793,A3,0.02,0
OB02251,A2,0.01,0
OB02396,A2,0.01,0
OB01379,A1,0.005,0
OB01501,A1,0.005,0
OB02292,A2,0.01,0
OB14461,B3,0.1,0
OB09277,B1,0.035,0
OB09460,B1,0.035,0
OB09302,B1,0.035,0
OB11740,B2,0.06,0
OB10942,B2,0.06,0
OB07075,A3,0.02,0
OB03455,A2,0.01,0
OB12923,B2,0.06,0
OB07762,B1,0.035,0
OB14104,B3,0.1,0
OB11075,B2,0.06,1
OB03438,A2,0.01,0
OB13237,B3,0.1,1
OB11515,B2,0.06,0
OB03967,A2,0.01,0
OB07204,B1,0.035,0
OB09002,B1,0.035,0
OB11363,B2,0.06,0
OB11221,B2,0.06,0
OB11068,B2,0.06,0
OB03255,A2,0.01,0
OB12168,B2,0.06,0
OB07429,B1,0.035,0
OB11222,B2,0.06,0
OB15994,C3,0.38,0
OB15556,C2,0.25,0
OB13455,B3,0.1,0
OB00052,A1,0.005,0
OB06450,A3,0.02,0
OB07793,B1,0.035,1
OB15759,C2,0.25,0
OB07634,B1,0.035,0
OB07927,B1,0.035,0
OB14618,C1,0.16,1
OB13326,B3,0.1,0
OB13871,B3,0.1,0
OB06871,A3,0.02,0
OB12658,B2,0.06,0
OB11347,B2,0.06,0
OB01970,A2,0.01,0
OB02714,A2,0.01,0
OB07849,B1,0.035,0
OB05579,A3,0.02,0
OB09555,B1,0.035,0
OB01515,A1,0.005,0
OB10345,B1,0.035,0
OB07632,B1,0.035,0
OB15147,C1,0.16,0
OB08305,B1,0.035,0
OB03334,A2,0.01,0
OB00169,A1,0.005,0
OB02323,A2,0.01,0
OB12448,B2,0.06,0
OB13888,B3,0.1,0
OB04672,A3,0.02,0
OB00425,A1,0.005,0
OB15422,C2,0.25,0
OB13464,B3,0.1,0
OB02603,A2,0.01,0
OB03495,A2,0.01,0
OB04257,A3,0.02,0
OB09438,B1,0.035,0
OB01355,A1,0.005,0
OB03759,A2,0.01,0
OB13578,B3,0.1,0
OB07238,B1,0.035,0
OB12428,B2,0.06,0
OB09350,B1,0.035,0
OB03538,A2,0.01,0
OB07908,B1,0.035,0
OB03157,A2,0.01,0
OB03327,A2,0.01,0
OB04001,A2,0.01,0
OB16132,C3,0.38,1
OB09308,B1,0.035,0
OB10676,B2,0.06,0
OB00854,A1,0.005,0
OB08193,B1,0.035,0
OB12628,B2,0.06,0
OB15675,C2,0.25,1
OB07180,A3,0.02,0
OB02259,A2,0.01,0
OB12092,B2,0.06,0
OB00054,A1,0.005,0
OB12254,B2,0.06,0
OB06924,A3,0.02,0
OB15623,C2,0.25,1
OB15349,C1,0.16,0
OB02178,A2,0.01,0
OB06291,A3,0.02,0
OB06643,A3,0.02,0
OB15397,C1,0.16,0
OB03996,A2,0.01,0
OB04716,A3,0.02,0
OB03701,A2,0.01,0
OB05092,A3,0.02,0
OB10745,B2,0.06,0
OB14753,C1,0.16,0
OB05698,A3,0.02,0
OB02842,A2,0.01,0
OB07799,B1,0.035,0
OB01213,A1,0.005,0
OB13113,B3,0.1,1
OB12456,B2,0.06,0
OB11338,B2,0.06,0
OB07765,B1,0.035,0
OB12641,B2,0.06,0
OB14388,B3,0.1,0
OB15221,C1,0.16,1
OB03849,A2,0.01,0
OB03995,A2,0.01,0
OB15755,C2,0.25,0
OB14558,C1,0.16,0
OB12778,B2,0.06,0
OB03592,A2,0.01,0
OB10999,B2,0.06,0
OB10958,B2,0.06,0
OB08050,B1,0.035,0
OB06925,A3,0.02,0
OB14717,C1,0.16,1
OB00516,A1,0.005,0
OB08264,B1,0.035,0
OB02710,A2,0.01,0
OB00357,A1,0.005,0
OB06963,A3,0.02,0
OB14897,C1,0.16,0
OB15450,C2,0.25,0
OB08119,B1,0.035,0
OB10903,B2,0.06,0
OB05502,A3,0.02,0
OB08722,B1,0.035,0
OB03321,A2,0.01,0
OB00060,A1,0.005,0
OB09141,B1,0.035,0
OB05440,A3,0.02,0
OB14239,B3,0.1,0
OB00282,A1,0.005,0
OB13472,B3,0.1,0
OB15590,C2,0.25,0
OB03349,A2,0.01,0
OB01630,A1,0.005,0
OB02783,A2,0.01,0
OB12373,B2,0.06,0
OB13754,B3,0.1,0
OB14707,C1,0.16,0
OB05149,A3,0.02,1
OB14959,C1,0.16,0
OB08644,B1,0.035,0
OB03576,A2,0.01,0
OB13615,B3,0.1,0
OB07326,B1,0.035,0
OB10925,B2,0.06,0
OB15171,C1,0.16,1
OB11553,B2,0.06,0
OB01277,A1,0.005,0
OB09476,B1,0.035,0
OB04048,A2,0.01,0
OB10759,B2,0.06,0
OB01531,A1,0.005,0
OB12226,B2,0.06,1
OB06992,A3,0.02,0
OB00806,A1,0.005,0
OB15747,C2,0.25,0
OB01530,A1,0.005,0
OB10747,B2,0.06,1
OB11942,B2,0.06,0
OB06855,A3,0.02,0
OB14398,B3,0.1,1
OB08242,B1,0.035,0
OB05667,A3,0.02,0
OB02692,A2,0.01,0
OB05655,A3,0.02,0
OB03055,A2,0.01,0
OB14035,B3,0.1,0
OB08994,B1,0.035,0
OB10678,B2,0.06,0
OB01368,A1,0.005,0
OB05407,A3,0.02,0
OB08617,B1,0.035,0
OB02465,A2,0.01,0
OB00001,A1,0.005,0
OB15031,C1,0.16,0
OB15155,C1,0.16,0
OB04569,A3,0.02,0
OB06045,A3,0.02,0
OB05073,A3,0.02,0
OB10227,B1,0.035,1
OB09462,B1,0.035,0
OB00177,A1,0.005,0
OB01023,A1,0.005,0
OB14229,B3,0.1,0
OB08705,B1,0.035,0
OB01287,A1,0.005,0
OB07064,A3,0.02,0
OB09655,B1,0.035,0
OB02410,A2,0.01,0
OB05909,A3,0.02,1
OB13428,B3,0.1,0
OB03009,A2,0.01,0
OB05952,A3,0.02,0
OB06544,A3,0.02,0
OB02385,A2,0.01,0
OB08959,B1,0.035,0
OB01349,A1,0.005,0
OB11978,B2,0.06,0
OB10675,B2,0.06,0
OB05417,A3,0.02,0
OB09247,B1,0.035,0
OB13606,B3,0.1,0
OB15483,C2,0.25,0
OB04276,A3,0.02,0
OB06675,A3,0.02,0
OB10648,B2,0.06,0
OB13551,B3,0.1,1
OB06441,A3,0.02,0
OB00533,A1,0.005,0
OB15209,C1,0.16,0
OB15275,C1,0.16,0
OB15367,C1,0.16,1
OB00381,A1,0.005,0
OB10059,B1,0.035,0
OB15389,C1,0.16,1
OB03347,A2,0.01,0
OB07134,A3,0.02,0
OB02682,A2,0.01,0
OB10196,B1,0.035,0
OB00931,A1,0.005,0
OB02627,A2,0.01,0
OB02527,A2,0.01,0
OB16122,C3,0.38,0
OB16192,C3,0.38,0
OB08612,B1,0.035,0
OB12914,B2,0.06,0
OB11907,B2,0.06,0
OB09673,B1,0.035,0
OB01060,A1,0.005,0
OB10163,B1,0.035,0
OB04177,A2,0.01,0
OB07091,A3,0.02,0
OB00074,A1,0.005,0
OB05973,A3,0.02,0
OB03174,A2,0.01,0
OB02605,A2,0.01,0
OB07237,B1,0.035,0
OB11073,B2,0.06,1
OB01253,A1,0.005,0
OB04395,A3,0.02,0
OB14252,B3,0.1,0
OB10087,B1,0.035,0
OB10791,B2,0.06,0
OB01865,A2,0.01,0
OB09654,B1,0.035,0
OB04604,A3,0.02,0
OB09374,B1,0.035,0
OB12503,B2,0.06,0
OB08681,B1,0.035,0
OB09317,B1,0.035,0
OB09450,B1,0.035,0
OB09734,B1,0.035,0
OB08581,B1,0.035,0
OB15036,C1,0.16,0
OB11258,B2,0.06,0
OB12112,B2,0.06,0
OB15143,C1,0.16,1
OB10404,B2,0.06,1
OB01291,A1,0.005,0
OB10703,B2,0.06,0
OB02996,A2,0.01,0
OB04958,A3,0.02,0
OB15808,C2,0.25,0
OB06649,A3,0.02,0
OB00456,A1,0.005,0
OB06428,A3,0.02,0
OB00816,A1,0.005,0
OB07615,B1,0.035,0
OB09279,B1,0.035,0
OB02921,A2,0.01,0
OB02639,A2,0.01,0
OB14787,C1,0.16,0
OB05673,A3,0.02,1
OB03131,A2,0.01,0
OB15995,C3,0.38,0
OB08037,B1,0.035,0
OB15546,C2,0.25,1
OB09472,B1,0.035,0
OB04701,A3,0.02,0
OB09622,B1,0.035,0
OB02778,A2,0.01,0
OB02223,A2,0.01,0
OB08545,B1,0.035,0
OB07098,A3,0.02,0
OB07545,B1,0.035,0
OB08160,B1,0.035,0
OB12612,B2,0.06,0
OB15749,C2,0.25,0
OB05281,A3,0.02,0
OB03720,A2,0.01,0
OB15057,C1,0.16,0
OB11582,B2,0.06,0
OB07524,B1,0.035,0
OB05752,A3,0.02,0
OB03874,A2,0.01,0
OB10275,B1,0.035,0
OB01204,A1,0.005,0
OB01406,A1,0.005,0
OB15054,C1,0.16,0
OB01700,A1,0.005,0
OB09898,B1,0.035,0
OB11106,B2,0.06,0
OB07824,B1,0.035,0
OB06164,A3,0.02,0
OB04719,A3,0.02,0
OB15491,C2,0.25,0
OB16078,C3,0.38,0
OB04879,A3,0.02,0
OB05928,A3,0.02,0
OB09467,B1,0.035,0
OB10400,B1,0.035,0
OB00164,A1,0.005,0
OB14042,B3,0.1,0
OB02048,A2,0.01,0
OB09678,B1,0.035,0
OB06967,A3,0.02,1
OB06343,A3,0.02,0
OB11473,B2,0.06,0
OB03361,A2,0.01,0
OB11881,B2,0.06,0
OB12013,B2,0.06,0
OB05295,A3,0.02,0
OB08601,B1,0.035,0
OB12431,B2,0.06,0
OB04119,A2,0.01,0
OB05867,A3,0.02,0
OB03413,A2,0.01,0
OB05102,A3,0.02,0
OB00642,A1,0.005,0
OB14379,B3,0.1,0
OB06751,A3,0.02,0
OB01344,A1,0.005,0
OB04481,A3,0.02,0
OB00889,A1,0.005,0
OB09750,B1,0.035,0
OB09278,B1,0.035,0
OB03928,A2,0.01,0
OB00532,A1,0.005,0
OB11201,B2,0.06,0
OB14142,B3,0.1,0
OB06032,A3,0.02,0
OB08003,B1,0.035,0
OB07484,B1,0.035,0
OB07250,B1,0.035,0
OB07876,B1,0.035,0
OB10640,B2,0.06,0
OB13364,B3,0.1,0
OB01796,A1,0.005,0
OB06785,A3,0.02,0
OB14896,C1,0.16,0
OB06029,A3,0.02,0
OB10960,B2,0.06,0
OB09864,B1,0.035,0
OB02110,A2,0.01,0
OB09341,B1,0.035,1
OB13075,B3,0.1,0
OB05682,A3,0.02,0
OB03167,A2,0.01,0
OB00267,A1,0.005,0
OB03764,A2,0.01,0
OB00812,A1,0.005,0
OB11929,B2,0.06,0
OB00361,A1,0.005,0
OB01461,A1,0.005,0
OB11614,B2,0.06,0
OB00953,A1,0.005,0
OB02161,A2,0.01,0
OB14271,B3,0.1,1
OB01800,A1,0.005,0
OB07469,B1,0.035,0
OB09767,B1,0.035,0
OB08125,B1,0.035,0
OB07001,A3,0.02,0
OB14244,B3,0.1,0
OB09760,B1,0.035,0
OB03338,A2,0.01,0
OB15737,C2,0.25,0
OB13602,B3,0.1,0
OB13318,B3,0.1,0
OB05428,A3,0.02,0
OB10035,B1,0.035,0
OB10401,B2,0.06,0
OB11172,B2,0.06,0
OB11629,B2,0.06,0
OB07712,B1,0.035,0
OB08933,B1,0.035,0
OB08947,B1,0.035,0
OB13500,B3,0.1,1
OB09571,B1,0.035,0
OB06565,A3,0.02,0
OB09173,B1,0.035,0
OB02101,A2,0.01,0
OB08479,B1,0.035,1
OB06725,A3,0.02,0
OB11726,B2,0.06,0
OB11281,B2,0.06,0
OB09347,B1,0.035,0
OB05176,A3,0.02,0
OB09704,B1,0.035,0
OB14976,C1,0.16,0
OB04232,A3,0.02,0
OB11454,B2,0.06,0
OB15825,C2,0.25,1
OB02192,A2,0.01,0
OB08404,B1,0.035,0
OB12722,B2,0.06,0
OB03165,A2,0.01,0
OB08467,B1,0.035,0
OB15934,C3,0.38,0
OB00089,A1,0.005,0
OB10991,B2,0.06,0
OB02325,A2,0.01,0
OB08491,B1,0.035,0
OB12856,B2,0.06,0
OB08013,B1,0.035,0
OB11867,B2,0.06,0
OB15448,C2,0.25,1
OB03777,A2,0.01,0
OB14795,C1,0.16,1
OB00316,A1,0.005,0
OB15942,C3,0.38,0
OB10344,B1,0.035,0
OB07759,B1,0.035,0
OB11481,B2,0.06,0
OB03118,A2,0.01,0
OB04619,A3,0.02,0
OB02021,A2,0.01,0
OB02003,A2,0.01,0
OB02975,A2,0.01,0
OB01276,A1,0.005,0
OB07278,B1,0.035,0
OB10606,B2,0.06,0
OB00529,A1,0.005,0
OB06189,A3,0.02,0
OB04405,A3,0.02,0
OB09698,B1,0.035,0
OB03599,A2,0.01,0
OB13663,B3,0.1,0
OB05231,A3,0.02,0
OB13492,B3,0.1,0
OB03682,A2,0.01,0
OB01319,A1,0.005,0
OB06744,A3,0.02,0
OB11573,B2,0.06,0
OB13122,B3,0.1,0
OB07086,A3,0.02,0
OB14399,B3,0.1,0
OB05779,A3,0.02,0
OB03035,A2,0.01,0
OB06384,A3,0.02,0
OB10573,B2,0.06,0
OB04812,A3,0.02,0
OB14293,B3,0.1,0
OB15088,C1,0.16,1
OB12504,B2,0.06,0
OB10809,B2,0.06,0
OB01167,A1,0.005,0
OB04726,A3,0.02,0
OB11664,B2,0.06,1
OB14866,C1,0.16,1
OB15326,C1,0.16,0
OB15784,C2,0.25,0
OB15103,C1,0.16,1
OB06237,A3,0.02,0
OB11064,B2,0.06,0
OB14150,B3,0.1,0
OB01223,A1,0.005,0
OB14168,B3,0.1,0
OB14957,C1,0.16,0
OB06605,A3,0.02,0
OB04944,A3,0.02,0
OB04256,A3,0.02,0
OB06884,A3,0.02,0
OB01983,A2,0.01,0
OB15096,C1,0.16,1
OB15925,C3,0.38,0
OB04021,A2,0.01,0
OB08564,B1,0.035,1
OB03483,A2,0.01,0
OB07067,A3,0.02,0
OB10324,B1,0.035,0
OB11611,B2,0.06,0
OB11617,B2,0.06,0
OB01539,A1,0.005,0
OB15937,C3,0.38,0
OB02745,A2,0.01,0
OB01554,A1,0.005,0
OB12528,B2,0.06,0
OB13718,B3,0.1,0
OB14267,B3,0.1,1
OB07342,B1,0.035,0
OB02818,A2,0.01,0
OB14880,C1,0.16,0
OB07961,B1,0.035,0
OB08811,B1,0.035,0
OB02382,A2,0.01,0
OB05187,A3,0.02,0
OB12584,B2,0.06,0
OB04527,A3,0.02,0
OB12568,B2,0.06,1
OB03525,A2,0.01,0
OB02630,A2,0.01,0
OB15935,C3,0.38,1
OB07448,B1,0.035,0
OB04124,A2,0.01,0
OB15328,C1,0.16,0
OB02767,A2,0.01,0
OB14574,C1,0.16,0
OB12088,B2,0.06,0
OB01657,A1,0.005,0
OB04819,A3,0.02,0
OB07897,B1,0.035,0
OB09162,B1,0.035,0
OB07744,B1,0.035,0
OB01844,A2,0.01,0
OB06843,A3,0.02,0
OB11217,B2,0.06,0
OB03152,A2,0.01,0
OB15798,C2,0.25,0
OB03387,A2,0.01,0
OB15298,C1,0.16,0
OB14286,B3,0.1,0
OB05047,A3,0.02,0
OB09404,B1,0.035,0
OB04026,A2,0.01,0
OB09621,B1,0.035,0
OB16033,C3,0.38,1
OB00427,A1,0.005,0
OB04095,A2,0.01,0
OB05575,A3,0.02,0
OB12464,B2,0.06,0
OB01924,A2,0.01,0
OB06224,A3,0.02,0
OB12882,B2,0.06,0
OB11588,B2,0.06,0
OB16175,C3,0.38,1
OB07055,A3,0.02,0
OB08597,B1,0.035,0
OB08684,B1,0.035,0
OB11229,B2,0.06,0
OB11687,B2,0.06,0
OB06178,A3,0.02,0
OB06899,A3,0.02,0
OB09017,B1,0.035,0
OB02543,A2,0.01,0
OB11866,B2,0.06,0
OB13136,B3,0.1,0
OB08186,B1,0.035,0
OB10983,B2,0.06,0
OB09184,B1,0.035,0
OB03516,A2,0.01,0
OB15146,C1,0.16,0
OB07032,A3,0.02,0
OB15954,C3,0.38,1
OB05808,A3,0.02,0
OB04970,A3,0.02,0
OB09981,B1,0.035,0
OB07020,A3,0.02,0
OB06388,A3,0.02,0
OB13659,B3,0.1,1
OB10380,B1,0.035,0
OB10338,B1,0.035,0
OB12698,B2,0.06,0
OB06157,A3,0.02,0
OB15130,C1,0.16,0
OB06549,A3,0.02,0
OB11439,B2,0.06,0
OB07242,B1,0.035,0
OB07364,B1,0.035,0
OB07477,B1,0.035,0
OB01842,A2,0.01,0
OB13240,B3,0.1,0
OB05401,A3,0.02,0
OB01210,A1,0.005,0
OB09167,B1,0.035,0
OB00475,A1,0.005,0
OB03312,A2,0.01,0
OB08408,B1,0.035,0
OB08849,B1,0.035,0
OB04597,A3,0.02,0
OB03236,A2,0.01,0
OB07657,B1,0.035,0
OB10712,B2,0.06,0
OB09776,B1,0.035,0
OB13923,B3,0.1,0
OB14325,B3,0.1,0
OB12827,B2,0.06,0
OB15193,C1,0.16,1
OB09323,B1,0.035,0
OB11231,B2,0.06,0
OB07449,B1,0.035,0
OB10256,B1,0.035,0
OB05061,A3,0.02,0
OB12785,B2,0.06,0
OB04408,A3,0.02,0
OB00132,A1,0.005,0
OB12540,B2,0.06,0
OB14303,B3,0.1,0
OB05411,A3,0.02,0
OB11759,B2,0.06,0
OB01342,A1,0.005,0
OB02185,A2,0.01,0
OB15004,C1,0.16,0
OB12936,B2,0.06,0
OB08787,B1,0.035,0
OB13197,B3,0.1,0
OB11808,B2,0.06,0
OB06729,A3,0.02,0
OB09003,B1,0.035,0
OB07947,B1,0.035,0
OB00248,A1,0.005,0
OB14779,C1,0.16,0
OB12567,B2,0.06,0
OB00030,A1,0.005,0
OB01120,A1,0.005,0
OB11556,B2,0.06,0
OB05828,A3,0.02,0
OB07571,B1,0.035,0
OB07408,B1,0.035,0
OB07574,B1,0.035,0
OB04843,A3,0.02,0
OB14575,C1,0.16,0
OB10985,B2,0.06,0
OB06172,A3,0.02,0
OB05974,A3,0.02,0
OB12436,B2,0.06,0
OB12948,B2,0.06,0
OB15000,C1,0.16,0
OB10167,B1,0.035,0
OB15961,C3,0.38,1
OB04667,A3,0.02,0
OB00634,A1,0.005,0
OB08239,B1,0.035,0
OB08153,B1,0.035,0
OB15334,C1,0.16,1
OB04746,A3,0.02,0
OB14175,B3,0.1,0
OB15023,C1,0.16,0
OB00869,A1,0.005,0
OB13179,B3,0.1,0
OB09513,B1,0.035,0
OB14640,C1,0.16,1
OB09642,B1,0.035,0
OB04924,A3,0.02,0
OB07166,A3,0.02,0
OB09736,B1,0.035,0
OB07614,B1,0.035,0
OB15157,C1,0.16,0
OB13951,B3,0.1,0
OB06120,A3,0.02,0
OB04130,A2,0.01,0
OB14132,B3,0.1,0
OB03560,A2,0.01,0
OB13705,B3,0.1,0
OB12410,B2,0.06,0
OB02504,A2,0.01,0
OB13346,B3,0.1,1
OB03568,A2,0.01,0
OB04694,A3,0.02,0
OB11251,B2,0.06,0
OB00861,A1,0.005,0
OB07786,B1,0.035,0
OB04106,A2,0.01,0
OB10331,B1,0.035,0
OB07219,B1,0.035,0
OB10177,B1,0.035,0
OB04886,A3,0.02,0
OB02311,A2,0.01,0
OB02760,A2,0.01,0
OB10724,B2,0.06,0
OB06976,A3,0.02,0
OB14485,B3,0.1,0
OB00849,A1,0.005,0
OB01244,A1,0.005,0
OB04714,A3,0.02,0
OB12367,B2,0.06,0
OB12463,B2,0.06,0
OB05326,A3,0.02,0
OB06503,A3,0.02,0
OB11238,B2,0.06,0
OB06180,A3,0.02,0
OB01181,A1,0.005,0
OB03461,A2,0.01,0
OB12523,B2,0.06,0
OB06494,A3,0.02,0
OB02372,A2,0.01,0
OB00003,A1,0.005,0
OB07175,A3,0.02,0
OB10382,B1,0.035,0
OB16143,C3,0.38,1
OB09948,B1,0.035,0
OB04012,A2,0.01,0
OB05573,A3,0.02,0
OB06960,A3,0.02,0
OB01049,A1,0.005,0
OB13529,B3,0.1,0
OB09611,B1,0.035,0
OB05035,A3,0.02,0
OB04492,A3,0.02,1
OB15739,C2,0.25,0
OB09055,B1,0.035,0
OB03864,A2,0.01,0
OB11354,B2,0.06,0
OB04811,A3,0.02,0
OB02552,A2,0.01,0
OB15427,C2,0.25,0
OB16108,C3,0.38,0
OB02432,A2,0.01,0
OB03798,A2,0.01,0
OB08185,B1,0.035,0
OB00311,A1,0.005,0
OB01619,A1,0.005,0
OB01093,A1,0.005,0
OB01941,A2,0.01,0
OB06665,A3,0.02,0
OB13729,B3,0.1,0
OB03826,A2,0.01,0
OB05876,A3,0.02,0
OB14201,B3,0.1,1
OB01230,A1,0.005,0
OB06821,A3,0.02,0
OB04856,A3,0.02,0
OB14100,B3,0.1,0
OB01475,A1,0.005,0
OB13656,B3,0.1,1
OB14526,C1,0.16,0
OB01734,A1,0.005,0
OB02629,A2,0.01,0
OB12952,B2,0.06,0
OB11943,B2,0.06,1
OB11256,B2,0.06,0
OB13811,B3,0.1,0
OB02623,A2,0.01,0
OB09586,B1,0.035,0
OB07798,B1,0.035,0
OB06460,A3,0.02,0
OB13031,B3,0.1,0
OB04563,A3,0.02,0
OB04350,A3,0.02,0
OB15467,C2,0.25,0
OB02835,A2,0.01,0
OB13801,B3,0.1,0
OB10598,B2,0.06,0
OB03010,A2,0.01,0
OB12315,B2,0.06,0
OB00763,A1,0.005,0
OB07445,B1,0.035,0
OB05111,A3,0.02,0
OB03891,A2,0.01,0
OB06811,A3,0.02,0
OB14593,C1,0.16,0
OB15184,C1,0.16,0
OB15256,C1,0.16,0
OB09159,B1,0.035,0
OB13889,B3,0.1,1
OB14261,B3,0.1,1
OB03315,A2,0.01,0
OB03442,A2,0.01,0
OB08875,B1,0.035,0
OB06833,A3,0.02,0
OB14138,B3,0.1,0
OB04960,A3,0.02,0
OB10739,B2,0.06,0
OB14378,B3,0.1,0
OB00992,A1,0.005,0
OB00915,A1,0.005,0
OB14768,C1,0.16,0
OB13761,B3,0.1,1
OB14436,B3,0.1,0
OB15659,C2,0.25,1
OB08378,B1,0.035,0
OB14053,B3,0.1,1
OB09115,B1,0.035,0
OB03655,A2,0.01,0
OB12363,B2,0.06,0
OB11749,B2,0.06,0
OB15826,C2,0.25,0
OB06865,A3,0.02,0
OB09812,B1,0.035,0
OB10023,B1,0.035,0
OB07419,B1,0.035,0
OB02485,A2,0.01,0
OB03149,A2,0.01,0
OB00741,A1,0.005,0
OB00032,A1,0.005,0
OB00972,A1,0.005,0
OB05840,A3,0.02,0
OB10757,B2,0.06,0
OB13108,B3,0.1,0
OB03963,A2,0.01,0
OB05561,A3,0.02,0
OB01117,A1,0.005,0
OB05806,A3,0.02,0
OB00157,A1,0.005,0
OB07608,B1,0.035,0
OB02468,A2,0.01,0
OB12053,B2,0.06,0
OB00832,A1,0.005,0
OB05455,A3,0.02,0
OB09028,B1,0.035,0
OB02826,A2,0.01,0
OB08695,B1,0.035,0
OB15638,C2,0.25,0
OB06461,A3,0.02,0
OB06695,A3,0.02,0
OB09182,B1,0.035,0
OB12130,B2,0.06,0
OB09116,B1,0.035,0
OB07369,B1,0.035,0
OB14686,C1,0.16,0
OB02045,A2,0.01,0
OB01981,A2,0.01,0
OB08442,B1,0.035,0
OB12104,B2,0.06,0
OB13345,B3,0.1,0
OB02684,A2,0.01,0
OB01347,A1,0.005,0
OB02078,A2,0.01,0
OB14655,C1,0.16,0
OB14977,C1,0.16,0
OB06688,A3,0.02,0
OB03654,A2,0.01,0
OB00356,A1,0.005,0
OB00745,A1,0.005,0
OB07194,A3,0.02,0
OB16134,C3,0.38,0
OB09037,B1,0.035,0
OB00724,A1,0.005,0
OB14517,C1,0.16,0
OB01977,A2,0.01,0
OB02956,A2,0.01,0
OB04341,A3,0.02,0
OB02215,A2,0.01,0
OB05395,A3,0.02,0
OB15807,C2,0.25,1
OB11841,B2,0.06,0
OB03871,A2,0.01,0
OB12681,B2,0.06,0
OB05843,A3,0.02,0
OB11485,B2,0.06,0
OB11255,B2,0.06,0
OB01259,A1,0.005,0
OB11181,B2,0.06,1
OB08278,B1,0.035,0
OB00747,A1,0.005,0
OB05277,A3,0.02,0
OB01868,A2,0.01,0
OB09508,B1,0.035,0
OB06187,A3,0.02,0
OB13390,B3,0.1,0
OB12091,B2,0.06,0
OB13201,B3,0.1,0
OB09155,B1,0.035,0
OB12843,B2,0.06,0
OB00266,A1,0.005,0
OB15800,C2,0.25,0
OB02429,A2,0.01,0
OB12309,B2,0.06,0
OB11279,B2,0.06,0
OB14846,C1,0.16,0
OB03140,A2,0.01,0
OB10262,B1,0.035,0
OB12395,B2,0.06,0
OB07699,B1,0.035,0
OB14296,B3,0.1,0
OB04534,A3,0.02,0
OB09993,B1,0.035,0
OB10428,B2,0.06,0
OB11736,B2,0.06,0
OB03063,A2,0.01,0
OB10405,B2,0.06,0
OB14730,C1,0.16,0
OB15976,C3,0.38,0
OB12459,B2,0.06,0
OB00214,A1,0.005,0
OB10178,B1,0.035,0
OB09564,B1,0.035,0
OB10315,B1,0.035,0
OB13965,B3,0.1,0
OB07827,B1,0.035,0
OB12100,B2,0.06,0
OB15862,C2,0.25,0
OB13447,B3,0.1,0
OB05224,A3,0.02,0
OB10250,B1,0.035,0
OB11765,B2,0.06,1
OB13856,B3,0.1,1
OB03948,A2,0.01,0
OB02059,A2,0.01,0
OB08087,B1,0.035,1
OB06452,A3,0.02,0
OB03712,A2,0.01,0
OB02905,A2,0.01,0
OB04923,A3,0.02,0
OB03839,A2,0.01,0
OB07383,B1,0.035,0
OB08307,B1,0.035,1
OB03137,A2,0.01,0
OB00285,A1,0.005,0
OB00096,A1,0.005,0
OB01881,A2,0.01,0
OB10857,B2,0.06,0
OB12148,B2,0.06,0
OB11635,B2,0.06,0
OB14936,C1,0.16,0
OB09260,B1,0.035,1
OB10842,B2,0.06,0
OB07028,A3,0.02,0
OB15608,C2,0.25,1
OB07851,B1,0.035,0
OB07860,B1,0.035,0
OB02281,A2,0.01,0
OB05537,A3,0.02,0
OB02522,A2,0.01,0
OB14157,B3,0.1,0
OB03614,A2,0.01,0
OB14476,B3,0.1,0
OB14124,B3,0.1,0
OB09477,B1,0.035,0
OB12215,B2,0.06,0
OB07334,B1,0.035,0
OB15540,C2,0.25,1
OB02004,A2,0.01,0
OB05347,A3,0.02,0
OB14243,B3,0.1,1
OB10346,B1,0.035,0
OB11957,B2,0.06,0
OB10432,B2,0.06,0
OB03933,A2,0.01,0
OB14985,C1,0.16,0
OB13545,B3,0.1,1
OB12344,B2,0.06,0
OB04579,A3,0.02,0
OB08236,B1,0.035,0
OB12149,B2,0.06,0
OB05918,A3,0.02,0
OB13832,B3,0.1,0
OB04417,A3,0.02,0
OB13630,B3,0.1,0
OB14423,B3,0.1,0
OB10995,B2,0.06,0
OB11282,B2,0.06,0
OB13320,B3,0.1,0
OB14767,C1,0.16,0
OB06354,A3,0.02,0
OB03218,A2,0.01,0
OB13726,B3,0.1,0
OB10495,B2,0.06,0
OB15484,C2,0.25,0
OB14544,C1,0.16,1
OB04334,A3,0.02,0
OB14086,B3,0.1,0
OB10002,B1,0.035,0
OB01004,A1,0.005,0
OB12052,B2,0.06,0
OB13341,B3,0.1,0
OB10586,B2,0.06,1
OB06854,A3,0.02,0
OB09269,B1,0.035,0
OB15136,C1,0.16,1
OB12048,B2,0.06,1
OB11605,B2,0.06,0
OB10715,B2,0.06,0
OB06602,A3,0.02,0
OB05296,A3,0.02,0
OB08493,B1,0.035,0
OB11091,B2,0.06,0
OB02508,A2,0.01,0
OB09135,B1,0.035,0
OB01185,A1,0.005,0
OB10563,B2,0.06,0
OB01260,A1,0.005,0
OB10248,B1,0.035,0
OB02523,A2,0.01,0
OB07200,A3,0.02,0
OB15064,C1,0.16,0
OB11349,B2,0.06,0
OB04560,A3,0.02,0
OB04102,A2,0.01,0
OB09034,B1,0.035,0
OB10061,B1,0.035,0
OB08519,B1,0.035,0
OB02437,A2,0.01,0
OB15121,C1,0.16,1
OB11401,B2,0.06,1
OB15583,C2,0.25,0
OB09657,B1,0.035,0
OB04989,A3,0.02,0
OB11324,B2,0.06,0
OB10254,B1,0.035,0
OB07298,B1,0.035,0
OB04791,A3,0.02,0
OB04484,A3,0.02,0
OB10764,B2,0.06,0
OB03104,A2,0.01,0
OB07195,A3,0.02,0
OB11526,B2,0.06,0
OB00604,A1,0.005,0
OB13131,B3,0.1,0
OB04419,A3,0.02,0
OB05964,A3,0.02,0
OB09058,B1,0.035,0
OB10083,B1,0.035,0
OB04043,A2,0.01,0
OB15506,C2,0.25,0
OB14902,C1,0.16,1
OB15416,C2,0.25,0
OB05562,A3,0.02,0
OB06660,A3,0.02,0
OB03368,A2,0.01,0
OB14891,C1,0.16,0
OB01281,A1,0.005,0
OB07729,B1,0.035,0
OB09023,B1,0.035,1
OB03150,A2,0.01,0
OB03800,A2,0.01,0
OB10097,B1,0.035,0
OB12744,B2,0.06,0
OB12596,B2,0.06,0
OB06217,A3,0.02,0
OB06402,A3,0.02,0
OB06359,A3,0.02,0
OB10243,B1,0.035,0
OB09495,B1,0.035,0
OB00329,A1,0.005,0
OB13042,B3,0.1,1
OB01705,A1,0.005,0
OB02494,A2,0.01,0
OB16118,C3,0.38,1
OB12218,B2,0.06,1
OB14007,B3,0.1,0
OB07074,A3,0.02,0
OB14901,C1,0.16,0
OB08672,B1,0.035,0
OB03630,A2,0.01,0
OB09368,B1,0.035,0
OB15479,C2,0.25,1
OB11150,B2,0.06,0
OB04011,A2,0.01,0
OB15767,C2,0.25,1
OB08310,B1,0.035,0
OB06068,A3,0.02,0
OB13846,B3,0.1,0
OB11055,B2,0.06,0
OB09072,B1,0.035,0
OB09222,B1,0.035,0
OB08659,B1,0.035,0
OB06362,A3,0.02,0
OB13657,B3,0.1,0
OB02200,A2,0.01,0
OB08011,B1,0.035,0
OB06590,A3,0.02,0
OB15919,C3,0.38,0
OB03084,A2,0.01,0
OB06066,A3,0.02,0
OB13487,B3,0.1,0
OB05453,A3,0.02,0
OB01902,A2,0.01,0
OB10168,B1,0.035,0
OB08969,B1,0.035,0
OB14941,C1,0.16,1
OB04665,A3,0.02,0
OB01787,A1,0.005,0
OB15325,C1,0.16,0
OB15112,C1,0.16,0
OB16119,C3,0.38,0
OB05189,A3,0.02,0
OB05354,A3,0.02,0
OB06095,A3,0.02,0
OB00085,A1,0.005,0
OB09858,B1,0.035,0
OB03488,A2,0.01,0
OB13377,B3,0.1,0
OB14974,C1,0.16,0
OB02790,A2,0.01,0
OB07356,B1,0.035,0
OB13044,B3,0.1,0
OB10336,B1,0.035,0
OB10392,B1,0.035,0
OB00512,A1,0.005,0
OB16062,C3,0.38,0
OB06533,A3,0.02,0
OB11402,B2,0.06,0
OB00732,A1,0.005,0
OB10413,B2,0.06,0
OB04783,A3,0.02,0
OB12819,B2,0.06,0
OB12694,B2,0.06,0
OB04862,A3,0.02,0
OB13768,B3,0.1,0
OB10976,B2,0.06,0
OB10195,B1,0.035,0
OB13650,B3,0.1,0
OB10930,B2,0.06,0
OB11859,B2,0.06,0
OB14879,C1,0.16,0
OB15452,C2,0.25,0
OB04471,A3,0.02,0
OB09826,B1,0.035,0
OB15330,C1,0.16,0
OB02758,A2,0.01,0
OB02860,A2,0.01,0
OB09377,B1,0.035,0
OB15585,C2,0.25,0
OB14003,B3,0.1,0
OB03123,A2,0.01,0
OB03185,A2,0.01,0
OB02056,A2,0.01,0
OB06815,A3,0.02,0
OB14369,B3,0.1,0
OB14082,B3,0.1,0
OB04335,A3,0.02,0
OB12276,B2,0.06,0
OB00128,A1,0.005,0
OB04451,A3,0.02,0
OB00165,A1,0.005,0
OB15758,C2,0.25,0
OB09703,B1,0.035,0
OB07462,B1,0.035,0
OB06416,A3,0.02,0
OB03200,A2,0.01,0
OB05987,A3,0.02,0
OB01320,A1,0.005,0
OB05588,A3,0.02,0
OB07643,B1,0.035,0
OB10733,B2,0.06,0
OB00473,A1,0.005,0
OB01998,A2,0.01,0
OB00019,A1,0.005,0
OB12145,B2,0.06,0
OB11149,B2,0.06,0
OB10235,B1,0.035,0
OB05159,A3,0.02,0
OB02138,A2,0.01,0
OB01026,A1,0.005,0
OB08290,B1,0.035,0
OB15339,C1,0.16,0
OB05936,A3,0.02,0
OB03115,A2,0.01,0
OB13312,B3,0.1,0
OB07745,B1,0.035,0
OB06111,A3,0.02,0
OB11028,B2,0.06,0
OB03162,A2,0.01,0
OB05941,A3,0.02,0
OB15710,C2,0.25,1
OB07889,B1,0.035,0
OB00450,A1,0.005,0
OB08743,B1,0.035,0
OB15766,C2,0.25,0
OB04373,A3,0.02,0
OB06363,A3,0.02,0
OB03745,A2,0.01,0
OB00179,A1,0.005,0
OB04530,A3,0.02,0
OB11847,B2,0.06,1
OB01341,A1,0.005,0
OB15960,C3,0.38,0
OB03549,A2,0.01,0
OB13968,B3,0.1,0
OB11713,B2,0.06,0
OB14904,C1,0.16,0
OB01592,A1,0.005,0
OB13932,B3,0.1,0
OB15728,C2,0.25,1
OB09709,B1,0.035,0
OB07554,B1,0.035,0
OB08934,B1,0.035,0
OB13156,B3,0.1,0
OB01770,A1,0.005,0
OB03597,A2,0.01,0
OB00484,A1,0.005,0
OB03968,A2,0.01,0
OB11003,B2,0.06,0
OB10214,B1,0.035,0
OB06995,A3,0.02,0
OB16114,C3,0.38,1
OB10103,B1,0.035,0
OB02486,A2,0.01,0
OB15252,C1,0.16,0
OB00781,A1,0.005,0
OB04645,A3,0.02,0
OB06998,A3,0.02,0
OB07230,B1,0.035,0
OB06060,A3,0.02,0
OB00078,A1,0.005,0
OB13071,B3,0.1,0
OB06690,A3,0.02,0
OB07048,A3,0.02,0
OB10082,B1,0.035,0
OB13296,B3,0.1,0
OB13217,B3,0.1,0
OB15538,C2,0.25,0
OB07749,B1,0.035,0
OB08866,B1,0.035,0
OB02204,A2,0.01,0
OB12975,B2,0.06,0
OB13164,B3,0.1,0
OB08651,B1,0.035,0
OB11058,B2,0.06,0
OB06086,A3,0.02,0
OB06007,A3,0.02,0
OB13556,B3,0.1,0
OB00753,A1,0.005,0
OB08314,B1,0.035,0
OB03638,A2,0.01,0
OB00700,A1,0.005,0
OB11117,B2,0.06,0
OB08143,B1,0.035,0
OB15246,C1,0.16,0
OB06943,A3,0.02,0
OB07185,A3,0.02,0
OB01493,A1,0.005,0
OB16095,C3,0.38,0
OB14915,C1,0.16,0
OB13733,B3,0.1,1
OB10141,B1,0.035,0
OB15192,C1,0.16,0
OB06329,A3,0.02,0
OB02087,A2,0.01,0
OB03366,A2,0.01,0
OB08224,B1,0.035,0
OB07208,B1,0.035,0
OB02155,A2,0.01,0
OB14039,B3,0.1,0
OB14360,B3,0.1,0
OB10951,B2,0.06,0
OB00070,A1,0.005,0
OB15967,C3,0.38,1
OB01450,A1,0.005,0
OB13408,B3,0.1,0
OB15933,C3,0.38,1
OB03176,A2,0.01,0
OB11820,B2,0.06,0
OB03878,A2,0.01,0
OB13479,B3,0.1,0
OB03960,A2,0.01,0
OB15772,C2,0.25,1
OB03222,A2,0.01,1
OB11339,B2,0.06,0
OB01532,A1,0.005,0
OB04502,A3,0.02,0
OB13531,B3,0.1,0
OB10625,B2,0.06,0
OB12554,B2,0.06,0
OB14469,B3,0.1,0
OB11767,B2,0.06,0
OB13747,B3,0.1,0
OB11375,B2,0.06,0
OB07679,B1,0.035,0
OB10105,B1,0.035,0
OB07209,B1,0.035,0
OB00505,A1,0.005,0
OB14613,C1,0.16,0
OB06954,A3,0.02,0
OB08532,B1,0.035,0
OB13103,B3,0.1,0
OB03581,A2,0.01,0
OB07090,A3,0.02,0
OB15654,C2,0.25,0
OB06330,A3,0.02,0
OB00799,A1,0.005,0
OB13219,B3,0.1,0
OB13819,B3,0.1,1
OB04841,A3,0.02,0
OB05075,A3,0.02,0
OB09787,B1,0.035,0
OB15986,C3,0.38,1
OB03796,A2,0.01,0
OB00062,A1,0.005,0
OB01776,A1,0.005,0
OB05699,A3,0.02,0
OB11038,B2,0.06,0
OB16093,C3,0.38,1
OB02461,A2,0.01,0
OB05508,A3,0.02,0
OB15760,C2,0.25,0
OB12430,B2,0.06,0
OB13564,B3,0.1,0
OB06536,A3,0.02,0
OB01568,A1,0.005,0
OB12482,B2,0.06,0
OB04743,A3,0.02,0
OB14370,B3,0.1,0
OB04457,A3,0.02,0
OB02849,A2,0.01,0
OB09882,B1,0.035,0
OB12346,B2,0.06,0
OB02987,A2,0.01,0
OB10612,B2,0.06,0
OB04455,A3,0.02,0
OB07214,B1,0.035,0
OB12538,B2,0.06,0
OB01569,A1,0.005,0
OB12158,B2,0.06,0
OB15286,C1,0.16,0
OB06213,A3,0.02,0
OB07487,B1,0.035,0
OB10532,B2,0.06,0
OB10287,B1,0.035,0
OB05020,A3,0.02,0
OB10234,B1,0.035,0
OB04374,A3,0.02,0
OB10393,B1,0.035,0
OB16124,C3,0.38,0
OB10465,B2,0.06,0
OB15201,C1,0.16,0
OB00382,A1,0.005,0
OB06289,A3,0.02,0
OB12057,B2,0.06,0
OB02413,A2,0.01,0
OB13740,B3,0.1,0
OB03913,A2,0.01,0
OB09583,B1,0.035,0
OB16102,C3,0.38,0
OB05121,A3,0.02,0
OB15110,C1,0.16,0
OB00929,A1,0.005,0
OB12107,B2,0.06,0
OB10145,B1,0.035,0
OB04163,A2,0.01,1
OB13344,B3,0.1,0
OB11108,B2,0.06,0
OB15316,C1,0.16,1
OB14028,B3,0.1,0
OB06173,A3,0.02,0
OB10535,B2,0.06,0
OB07795,B1,0.035,0
OB12402,B2,0.06,0
OB00246,A1,0.005,0
OB01440,A1,0.005,0
OB09215,B1,0.035,0
OB07938,B1,0.035,1
OB11426,B2,0.06,0
OB13269,B3,0.1,1
OB07847,B1,0.035,0
OB08604,B1,0.035,0
OB10454,B2,0.06,0
OB09255,B1,0.035,0
OB04213,A3,0.02,0
OB08462,B1,0.035,0
OB05122,A3,0.02,0
OB04344,A3,0.02,0
OB03562,A2,0.01,0
OB08858,B1,0.035,0
OB16092,C3,0.38,1
OB08925,B1,0.035,0
OB12381,B2,0.06,0
OB16105,C3,0.38,1
OB00115,A1,0.005,0
OB12182,B2,0.06,0
OB13665,B3,0.1,0
OB02303,A2,0.01,0
OB10670,B2,0.06,0
OB14925,C1,0.16,0
OB11443,B2,0.06,0
OB16159,C3,0.38,0
OB08311,B1,0.035,0
OB10174,B1,0.035,0
OB02181,A2,0.01,0
OB08355,B1,0.035,0
OB08456,B1,0.035,0
OB13883,B3,0.1,0
OB05410,A3,0.02,0
OB12535,B2,0.06,0
OB00776,A1,0.005,0
OB04872,A3,0.02,0
OB12841,B2,0.06,0
OB13402,B3,0.1,0
OB07361,B1,0.035,0
OB15426,C2,0.25,0
OB04677,A3,0.02,0
OB13133,B3,0.1,0
OB13749,B3,0.1,0
OB12666,B2,0.06,0
OB08844,B1,0.035,0
OB11916,B2,0.06,0
OB15386,C1,0.16,0
OB09363,B1,0.035,0
OB07287,B1,0.035,0
OB03761,A2,0.01,0
OB11204,B2,0.06,0
OB16120,C3,0.38,1
OB06678,A3,0.02,0
OB07007,A3,0.02,0
OB03875,A2,0.01,0
OB09239,B1,0.035,0
OB14838,C1,0.16,0
OB01369,A1,0.005,0
OB09090,B1,0.035,0
OB09121,B1,0.035,0
OB12965,B2,0.06,0
OB08207,B1,0.035,0
OB10741,B2,0.06,0
OB09160,B1,0.035,0
OB08056,B1,0.035,0
OB01107,A1,0.005,0
OB03426,A2,0.01,0
OB04337,A3,0.02,0
OB03969,A2,0.01,1
OB01255,A1,0.005,0
OB02649,A2,0.01,0
OB02924,A2,0.01,0
OB14610,C1,0.16,1
OB14225,B3,0.1,0
OB04781,A3,0.02,0
OB12457,B2,0.06,0
OB16123,C3,0.38,0
OB01640,A1,0.005,0
OB01134,A1,0.005,0
OB11927,B2,0.06,0
OB03520,A2,0.01,0
OB06516,A3,0.02,0
OB07726,B1,0.035,0
OB10071,B1,0.035,0
OB14004,B3,0.1,0
OB00272,A1,0.005,0
OB14942,C1,0.16,1
OB09666,B1,0.035,0
OB05350,A3,0.02,0
OB01548,A1,0.005,0
OB04311,A3,0.02,0
OB01019,A1,0.005,0
OB04441,A3,0.02,0
OB09031,B1,0.035,0
OB05712,A3,0.02,0
OB10388,B1,0.035,0
OB10028,B1,0.035,0
OB15358,C1,0.16,0
OB04892,A3,0.02,0
OB07892,B1,0.035,0
OB08605,B1,0.035,0
OB09905,B1,0.035,0
OB15120,C1,0.16,0
OB04439,A3,0.02,0
OB13236,B3,0.1,0
OB10988,B2,0.06,0
OB10414,B2,0.06,0
OB14046,B3,0.1,0
OB08570,B1,0.035,0
OB01492,A1,0.005,0
OB08931,B1,0.035,0
OB11570,B2,0.06,0
OB03616,A2,0.01,0
OB15527,C2,0.25,0
OB00053,A1,0.005,0
OB12307,B2,0.06,1
OB05406,A3,0.02,0
OB10462,B2,0.06,0
OB14739,C1,0.16,0
OB05095,A3,0.02,0
OB03095,A2,0.01,0
OB01390,A1,0.005,0
OB11381,B2,0.06,0
OB07885,B1,0.035,0
OB03479,A2,0.01,0
OB11626,B2,0.06,0
OB04192,A2,0.01,0
OB05596,A3,0.02,0
OB10502,B2,0.06,0
OB03223,A2,0.01,0
OB10783,B2,0.06,0
OB01633,A1,0.005,0
OB12468,B2,0.06,0
OB11367,B2,0.06,0
OB05695,A3,0.02,0
OB13005,B3,0.1,0
OB11169,B2,0.06,0
OB07732,B1,0.035,0
OB12473,B2,0.06,0
OB00468,A1,0.005,0
OB15817,C2,0.25,1
OB09096,B1,0.035,0
OB15777,C2,0.25,1
OB00072,A1,0.005,0
OB11410,B2,0.06,0
OB15578,C2,0.25,0
OB10091,B1,0.035,0
OB05053,A3,0.02,0
OB12188,B2,0.06,0
OB14683,C1,0.16,1
OB13672,B3,0.1,0
OB01208,A1,0.005,0
OB10270,B1,0.035,0
OB01591,A1,0.005,0
OB11037,B2,0.06,0
OB05160,A3,0.02,0
OB05625,A3,0.02,0
OB10398,B1,0.035,0
OB11173,B2,0.06,0
OB00659,A1,0.005,0
OB07902,B1,0.035,0
OB08256,B1,0.035,0
OB10031,B1,0.035,0
OB12193,B2,0.06,0
OB06539,A3,0.02,0
OB05173,A3,0.02,0
OB03037,A2,0.01,0
OB08647,B1,0.035,0
OB05480,A3,0.02,0
OB06479,A3,0.02,0
OB00403,A1,0.005,0
OB05086,A3,0.02,0
OB05542,A3,0.02,0
OB01473,A1,0.005,0
OB08870,B1,0.035,0
OB03357,A2,0.01,0
OB09809,B1,0.035,0
OB09444,B1,0.035,0
OB01984,A2,0.01,0
OB11618,B2,0.06,0
OB04919,A3,0.02,0
OB05060,A3,0.02,0
OB03844,A2,0.01,0
OB13124,B3,0.1,0
OB01034,A1,0.005,0
OB00175,A1,0.005,0
OB09132,B1,0.035,0
OB03103,A2,0.01,0
OB15438,C2,0.25,1
OB12980,B2,0.06,0
OB10780,B2,0.06,1
OB07714,B1,0.035,0
OB08527,B1,0.035,0
OB09066,B1,0.035,0
OB02854,A2,0.01,0
OB01487,A1,0.005,0
OB06152,A3,0.02,0
OB14854,C1,0.16,0
OB04294,A3,0.02,0
OB08489,B1,0.035,0
OB07561,B1,0.035,0
OB15580,C2,0.25,1
OB10460,B2,0.06,0
OB15843,C2,0.25,0
OB05627,A3,0.02,0
OB03846,A2,0.01,0
OB05842,A3,0.02,0
OB12411,B2,0.06,0
OB11953,B2,0.06,0
OB08571,B1,0.035,0
OB03111,A2,0.01,0
OB10963,B2,0.06,0
OB03919,A2,0.01,0
OB04139,A2,0.01,0
OB10403,B2,0.06,0
OB15523,C2,0.25,0
OB15428,C2,0.25,1
OB02173,A2,0.01,0
OB02600,A2,0.01,0
OB10245,B1,0.035,0
OB08014,B1,0.035,0
OB09108,B1,0.035,0
OB05968,A3,0.02,0
OB15295,C1,0.16,0
OB16133,C3,0.38,0
OB15838,C2,0.25,0
OB12900,B2,0.06,0
OB05868,A3,0.02,0
OB10528,B2,0.06,0
OB03821,A2,0.01,0
OB09149,B1,0.035,0
OB13921,B3,0.1,0
OB01888,A2,0.01,0
OB08337,B1,0.035,0
OB03718,A2,0.01,0
OB12220,B2,0.06,0
OB01183,A1,0.005,0
OB16179,C3,0.38,0
OB05005,A3,0.02,0
OB04603,A3,0.02,0
OB12645,B2,0.06,0
OB09616,B1,0.035,0
OB16163,C3,0.38,0
OB10593,B2,0.06,0
OB11085,B2,0.06,0
OB13443,B3,0.1,0
OB11789,B2,0.06,0
OB01723,A1,0.005,0
OB09860,B1,0.035,0
OB02885,A2,0.01,0
OB02995,A2,0.01,0
OB04764,A3,0.02,0
OB09079,B1,0.035,0
OB04057,A2,0.01,0
OB05381,A3,0.02,0
OB11025,B2,0.06,0
OB08526,B1,0.035,0
OB08346,B1,0.035,0
OB05517,A3,0.02,0
OB15124,C1,0.16,1
OB06646,A3,0.02,0
OB05937,A3,0.02,0
OB07881,B1,0.035,0
OB00722,A1,0.005,0
OB00374,A1,0.005,0
OB08187,B1,0.035,0
OB08024,B1,0.035,0
OB06735,A3,0.02,0
OB00313,A1,0.005,0
OB10042,B1,0.035,0
OB08117,B1,0.035,0
OB09815,B1,0.035,0
OB00043,A1,0.005,0
OB07034,A3,0.02,0
OB10886,B2,0.06,0
OB07046,A3,0.02,0
OB13260,B3,0.1,1
OB14314,B3,0.1,1
OB07197,A3,0.02,0
OB12811,B2,0.06,0
OB08610,B1,0.035,0
OB13051,B3,0.1,0
OB04754,A3,0.02,0
OB11405,B2,0.06,0
OB02792,A2,0.01,1
OB08897,B1,0.035,0
OB00733,A1,0.005,0
OB06595,A3,0.02,0
OB15822,C2,0.25,0
OB15519,C2,0.25,0
OB00945,A1,0.005,0
OB14505,C1,0.16,0
OB05257,A3,0.02,0
OB11807,B2,0.06,0
OB14697,C1,0.16,0
OB09999,B1,0.035,0
OB09211,B1,0.035,0
OB08188,B1,0.035,0
OB05566,A3,0.02,0
OB09100,B1,0.035,0
OB01694,A1,0.005,0
OB10984,B2,0.06,0
OB12561,B2,0.06,0
OB13782,B3,0.1,1
OB00520,A1,0.005,0
OB00815,A1,0.005,0
OB00819,A1,0.005,0
OB11642,B2,0.06,0
OB04831,A3,0.02,0
OB09715,B1,0.035,0
OB09831,B1,0.035,0
OB16071,C3,0.38,1
OB11750,B2,0.06,0
OB15005,C1,0.16,1
OB15699,C2,0.25,1
OB07059,A3,0.02,0
OB09893,B1,0.035,0
OB11719,B2,0.06,0
OB05218,A3,0.02,0
OB03735,A2,0.01,0
OB06273,A3,0.02,0
OB06011,A3,0.02,0
OB11239,B2,0.06,0
OB06834,A3,0.02,0
OB10076,B1,0.035,0
OB07791,B1,0.035,0
OB02593,A2,0.01,0
OB00380,A1,0.005,0
OB11968,B2,0.06,0
OB12196,B2,0.06,0
OB02252,A2,0.01,0
OB04440,A3,0.02,0
OB02149,A2,0.01,0
OB03727,A2,0.01,0
OB10337,B1,0.035,0
OB02567,A2,0.01,0
OB06039,A3,0.02,0
OB01804,A2,0.01,0
OB15947,C3,0.38,0
OB14825,C1,0.16,0
OB13550,B3,0.1,0
OB07146,A3,0.02,0
OB03622,A2,0.01,0
OB06109,A3,0.02,0
OB13713,B3,0.1,0
OB12160,B2,0.06,0
OB01595,A1,0.005,0
OB07062,A3,0.02,0
OB12521,B2,0.06,0
OB04891,A3,0.02,0
OB09899,B1,0.035,0
OB07611,B1,0.035,0
OB08908,B1,0.035,0
OB11983,B2,0.06,0
OB10013,B1,0.035,0
OB15459,C2,0.25,0
OB10755,B2,0.06,0
OB14694,C1,0.16,0
OB02560,A2,0.01,0
OB04209,A3,0.02,0
OB05096,A3,0.02,0
OB14554,C1,0.16,0
OB07529,B1,0.035,0
OB01583,A1,0.005,0
OB02548,A2,0.01,0
OB08512,B1,0.035,0
OB07079,A3,0.02,0
OB04322,A3,0.02,0
OB05139,A3,0.02,0
OB13481,B3,0.1,0
OB06885,A3,0.02,0
OB11557,B2,0.06,0
OB15226,C1,0.16,0
OB13738,B3,0.1,0
OB06542,A3,0.02,0
OB01764,A1,0.005,0
OB13955,B3,0.1,0
OB06685,A3,0.02,0
OB06473,A3,0.02,0
OB02844,A2,0.01,0
OB04945,A3,0.02,0
OB15663,C2,0.25,1
OB12910,B2,0.06,0
OB11429,B2,0.06,1
OB10334,B1,0.035,0
OB08406,B1,0.035,0
OB13059,B3,0.1,0
OB04434,A3,0.02,0
OB11690,B2,0.06,0
OB08996,B1,0.035,0
OB08122,B1,0.035,0
OB06357,A3,0.02,0
OB14955,C1,0.16,0
OB15476,C2,0.25,0
OB05279,A3,0.02,0
OB13457,B3,0.1,0
OB07281,B1,0.035,0
OB04133,A2,0.01,0
OB00106,A1,0.005,0
OB12651,B2,0.06,0
OB04947,A3,0.02,0
OB14029,B3,0.1,0
OB15093,C1,0.16,1
OB11998,B2,0.06,0
OB02807,A2,0.01,0
OB06510,A3,0.02,0
OB13145,B3,0.1,0
OB09658,B1,0.035,0
OB06826,A3,0.02,0
OB02954,A2,0.01,0
OB08758,B1,0.035,0
OB07520,B1,0.035,0
OB11755,B2,0.06,0
OB04346,A3,0.02,0
OB10717,B2,0.06,0
OB07803,B1,0.035,0
OB09667,B1,0.035,1
OB16094,C3,0.38,0
OB03237,A2,0.01,0
OB02830,A2,0.01,0
OB02503,A2,0.01,0
OB00318,A1,0.005,0
OB01201,A1,0.005,0
OB07920,B1,0.035,0
OB13396,B3,0.1,0
OB02279,A2,0.01,0
OB07464,B1,0.035,0
OB08845,B1,0.035,0
OB08263,B1,0.035,1
OB13956,B3,0.1,0
OB07989,B1,0.035,0
OB02659,A2,0.01,0
OB01175,A1,0.005,0
OB01089,A1,0.005,0
OB15208,C1,0.16,0
OB08735,B1,0.035,0
OB08021,B1,0.035,0
OB08603,B1,0.035,1
OB04065,A2,0.01,0
OB16032,C3,0.38,0
OB07296,B1,0.035,0
OB10579,B2,0.06,1
OB13314,B3,0.1,0
OB02092,A2,0.01,0
OB04636,A3,0.02,1
OB00602,A1,0.005,0
OB05429,A3,0.02,0
OB07754,B1,0.035,0
OB11206,B2,0.06,0
OB12985,B2,0.06,0
OB13723,B3,0.1,0
OB02220,A2,0.01,0
OB10658,B2,0.06,0
OB05859,A3,0.02,0
OB09030,B1,0.035,0
OB11518,B2,0.06,0
OB00625,A1,0.005,0
OB09820,B1,0.035,0
OB08999,B1,0.035,0
OB04979,A3,0.02,0
OB05581,A3,0.02,0
OB03116,A2,0.01,0
OB08830,B1,0.035,0
OB08616,B1,0.035,0
OB04824,A3,0.02,0
OB07112,A3,0.02,0
OB01997,A2,0.01,0
OB08091,B1,0.035,0
OB15676,C2,0.25,0
OB04473,A3,0.02,0
OB12813,B2,0.06,1
OB16059,C3,0.38,0
OB02487,A2,0.01,0
OB14812,C1,0.16,0
OB08343,B1,0.035,0
OB11302,B2,0.06,0
OB01581,A1,0.005,0
OB06046,A3,0.02,0
OB05871,A3,0.02,0
OB08819,B1,0.035,1
OB07126,A3,0.02,0
OB03003,A2,0.01,0
OB04602,A3,0.02,0
OB11989,B2,0.06,0
OB14134,B3,0.1,0
OB11674,B2,0.06,0
OB00144,A1,0.005,0
OB04814,A3,0.02,0
OB10767,B2,0.06,0
OB06728,A3,0.02,0
OB15312,C1,0.16,0
OB12855,B2,0.06,0
OB12207,B2,0.06,0
OB15569,C2,0.25,0
OB10073,B1,0.035,0
OB14777,C1,0.16,0
OB05252,A3,0.02,0
OB03453,A2,0.01,0
OB14511,C1,0.16,0
OB03606,A2,0.01,0
OB07872,B1,0.035,0
OB11535,B2,0.06,0
OB13720,B3,0.1,0
OB04421,A3,0.02,0
OB02172,A2,0.01,0
OB14475,B3,0.1,0
OB04976,A3,0.02,0
OB05172,A3,0.02,0
OB10973,B2,0.06,0
OB04721,A3,0.02,0
OB16110,C3,0.38,0
OB15636,C2,0.25,1
OB02833,A2,0.01,1
OB01528,A1,0.005,0
OB13655,B3,0.1,0
OB07425,B1,0.035,0
OB10423,B2,0.06,0
OB08810,B1,0.035,0
OB09517,B1,0.035,0
OB06079,A3,0.02,0
OB00691,A1,0.005,0
OB13361,B3,0.1,0
OB02289,A2,0.01,0
OB03303,A2,0.01,0
OB05786,A3,0.02,0
OB09543,B1,0.035,0
OB14030,B3,0.1,1
OB06603,A3,0.02,0
OB10922,B2,0.06,0
OB14119,B3,0.1,0
OB05783,A3,0.02,0
OB05789,A3,0.02,0
OB04562,A3,0.02,0
OB01188,A1,0.005,0
OB01192,A1,0.005,0
OB08338,B1,0.035,0
OB06351,A3,0.02,0
OB03573,A2,0.01,0
OB15549,C2,0.25,1
OB06977,A3,0.02,0
OB12613,B2,0.06,0
OB14994,C1,0.16,1
OB11935,B2,0.06,0
OB09955,B1,0.035,0
OB11993,B2,0.06,0
OB12995,B2,0.06,0
OB13003,B3,0.1,0
OB01835,A2,0.01,0
OB16035,C3,0.38,0
OB09304,B1,0.035,0
OB10320,B1,0.035,0
OB13190,B3,0.1,1
OB07400,B1,0.035,0
OB12976,B2,0.06,0
OB14503,C1,0.16,0
OB05727,A3,0.02,0
OB10470,B2,0.06,0
OB11988,B2,0.06,0
OB15129,C1,0.16,0
OB02500,A2,0.01,0
OB06036,A3,0.02,0
OB10017,B1,0.035,0
OB10981,B2,0.06,0
OB04197,A2,0.01,0
OB12579,B2,0.06,0
OB03828,A2,0.01,0
OB10685,B2,0.06,0
OB00879,A1,0.005,0
OB01456,A1,0.005,0
OB15414,C2,0.25,0
OB15076,C1,0.16,0
OB08584,B1,0.035,0
OB12375,B2,0.06,0
OB10476,B2,0.06,0
OB10907,B2,0.06,0
OB05372,A3,0.02,0
OB07956,B1,0.035,0
OB13812,B3,0.1,0
OB11151,B2,0.06,0
OB08668,B1,0.035,0
OB01695,A1,0.005,0
OB09488,B1,0.035,0
OB02093,A2,0.01,0
OB06933,A3,0.02,0
OB11243,B2,0.06,0
OB09330,B1,0.035,0
OB10265,B1,0.035,0
OB05332,A3,0.02,0
OB07789,B1,0.035,0
OB00833,A1,0.005,0
OB07338,B1,0.035,0
OB00592,A1,0.005,0
OB12851,B2,0.06,0
OB15310,C1,0.16,0
OB05717,A3,0.02,0
OB11785,B2,0.06,0
OB15393,C1,0.16,0
OB05732,A3,0.02,0
OB00110,A1,0.005,0
OB13449,B3,0.1,0
OB07499,B1,0.035,0
OB12511,B2,0.06,0
OB01053,A1,0.005,0
OB01312,A1,0.005,0
OB15059,C1,0.16,0
OB14392,B3,0.1,0
OB00669,A1,0.005,0
OB08446,B1,0.035,0
OB07457,B1,0.035,0
OB05169,A3,0.02,0
OB13908,B3,0.1,0
OB05589,A3,0.02,0
OB10883,B2,0.06,0
OB12834,B2,0.06,0
OB14814,C1,0.16,1
OB13238,B3,0.1,0
OB13860,B3,0.1,0
OB00844,A1,0.005,0
OB12352,B2,0.06,0
OB04510,A3,0.02,0
OB14721,C1,0.16,0
OB11567,B2,0.06,0
OB15311,C1,0.16,0
OB11587,B2,0.06,0
OB09077,B1,0.035,0
OB04548,A3,0.02,0
OB15918,C3,0.38,1
OB05355,A3,0.02,0
OB12189,B2,0.06,0
OB04753,A3,0.02,0
OB10072,B1,0.035,0
OB05678,A3,0.02,0
OB05583,A3,0.02,0
OB15785,C2,0.25,0
OB01486,A1,0.005,0
OB05424,A3,0.02,0
OB10610,B2,0.06,0
OB02738,A2,0.01,0
OB02268,A2,0.01,0
OB12366,B2,0.06,0
OB11561,B2,0.06,0
OB06166,A3,0.02,0
OB02809,A2,0.01,0
OB00870,A1,0.005,0
OB02469,A2,0.01,0
OB07494,B1,0.035,0
OB12086,B2,0.06,0
OB14536,C1,0.16,1
OB08643,B1,0.035,0
OB15498,C2,0.25,1
OB13308,B3,0.1,0
OB05657,A3,0.02,0
OB15248,C1,0.16,1
OB01980,A2,0.01,0
OB00697,A1,0.005,0
OB01742,A1,0.005,0
OB03719,A2,0.01,0
OB09004,B1,0.035,0
OB07797,B1,0.035,0
OB11477,B2,0.06,0
OB02190,A2,0.01,0
OB05007,A3,0.02,0
OB05618,A3,0.02,0
OB05146,A3,0.02,0
OB08148,B1,0.035,0
OB00506,A1,0.005,0
OB15993,C3,0.38,0
OB03304,A2,0.01,0
OB08598,B1,0.035,0
OB07898,B1,0.035,0
OB03641,A2,0.01,0
OB06462,A3,0.02,0
OB00184,A1,0.005,0
OB07265,B1,0.035,0
OB03083,A2,0.01,0
OB01877,A2,0.01,0
OB05814,A3,0.02,0
OB00610,A1,0.005,0
OB10867,B2,0.06,0
OB02034,A2,0.01,0
OB03982,A2,0.01,0
OB06630,A3,0.02,0
OB06423,A3,0.02,0
OB01969,A2,0.01,0
OB06775,A3,0.02,0
OB00021,A1,0.005,0
OB10411,B2,0.06,0
OB13714,B3,0.1,0
OB15238,C1,0.16,0
OB07184,A3,0.02,0
OB13879,B3,0.1,0
OB10417,B2,0.06,0
OB08520,B1,0.035,0
OB15043,C1,0.16,0
OB03271,A2,0.01,0
OB02519,A2,0.01,0
OB10067,B1,0.035,0
OB14826,C1,0.16,0
OB05985,A3,0.02,0
OB07863,B1,0.035,0
OB12555,B2,0.06,0
OB14179,B3,0.1,0
OB14952,C1,0.16,0
OB09949,B1,0.035,0
OB15853,C2,0.25,0
OB02179,A2,0.01,0
OB13154,B3,0.1,0
OB04980,A3,0.02,0
OB03411,A2,0.01,0
OB16039,C3,0.38,1
OB00490,A1,0.005,0
OB07741,B1,0.035,0
OB08799,B1,0.035,0
OB15554,C2,0.25,0
OB03213,A2,0.01,0
OB10657,B2,0.06,0
OB16021,C3,0.38,1
OB15837,C2,0.25,0
OB09931,B1,0.035,0
OB00153,A1,0.005,0
OB00890,A1,0.005,0
OB16115,C3,0.38,0
OB15186,C1,0.16,0
OB06424,A3,0.02,0
OB11275,B2,0.06,0
OB00270,A1,0.005,0
OB00097,A1,0.005,0
OB14547,C1,0.16,0
OB07677,B1,0.035,0
OB12017,B2,0.06,0
OB06714,A3,0.02,1
OB13253,B3,0.1,0
OB03886,A2,0.01,0
OB09992,B1,0.035,0
OB13160,B3,0.1,0
OB09765,B1,0.035,0
OB07711,B1,0.035,0
OB12821,B2,0.06,0
OB01068,A1,0.005,0
OB07501,B1,0.035,0
OB05196,A3,0.02,0
OB02761,A2,0.01,0
OB06222,A3,0.02,0
OB06408,A3,0.02,0
OB00716,A1,0.005,0
OB14486,B3,0.1,0
OB04060,A2,0.01,0
OB13901,B3,0.1,0
OB13827,B3,0.1,0
OB16138,C3,0.38,0
OB04566,A3,0.02,0
OB12853,B2,0.06,0
OB01799,A1,0.005,0
OB00462,A1,0.005,0
OB05374,A3,0.02,0
OB02945,A2,0.01,0
OB09988,B1,0.035,0
OB10062,B1,0.035,0
OB13682,B3,0.1,0
OB09538,B1,0.035,0
OB04792,A3,0.02,1
OB05272,A3,0.02,0
OB05849,A3,0.02,0
OB05025,A3,0.02,0
OB07471,B1,0.035,0
OB01215,A1,0.005,0
OB14923,C1,0.16,1
OB01373,A1,0.005,0
OB00244,A1,0.005,0
OB04040,A2,0.01,0
OB07962,B1,0.035,0
OB07256,B1,0.035,0
OB10992,B2,0.06,1
OB01680,A1,0.005,0
OB15640,C2,0.25,1
OB12043,B2,0.06,0
OB07587,B1,0.035,1
OB09505,B1,0.035,0
OB00649,A1,0.005,0
OB11431,B2,0.06,0
OB10836,B2,0.06,0
OB04410,A3,0.02,0
OB15270,C1,0.16,0
OB00156,A1,0.005,0
OB03429,A2,0.01,0
OB11646,B2,0.06,0
OB09496,B1,0.035,0
OB01151,A1,0.005,0
OB03048,A2,0.01,0
OB16068,C3,0.38,0
OB14090,B3,0.1,0
OB01047,A1,0.005,0
OB09833,B1,0.035,0
OB16026,C3,0.38,0
OB01307,A1,0.005,0
OB10120,B1,0.035,0
OB13784,B3,0.1,0
OB07907,B1,0.035,0
OB11632,B2,0.06,0
OB12314,B2,0.06,0
OB02245,A2,0.01,0
OB11329,B2,0.06,0
OB00016,A1,0.005,0
OB11731,B2,0.06,0
OB13610,B3,0.1,0
OB13172,B3,0.1,0
OB02670,A2,0.01,0
OB09553,B1,0.035,0
OB01845,A2,0.01,0
OB03099,A2,0.01,0
OB01613,A1,0.005,0
OB15404,C2,0.25,0
OB08690,B1,0.035,0
OB11033,B2,0.06,0
OB07109,A3,0.02,0
OB12804,B2,0.06,0
OB01338,A1,0.005,0
OB11826,B2,0.06,0
OB01479,A1,0.005,0
OB13700,B3,0.1,0
OB09288,B1,0.035,1
OB00543,A1,0.005,0
OB14793,C1,0.16,1
OB12922,B2,0.06,0
OB04075,A2,0.01,0
OB00432,A1,0.005,0
OB06772,A3,0.02,0
OB16014,C3,0.38,0
OB08921,B1,0.035,0
OB13577,B3,0.1,0
OB14546,C1,0.16,1
OB12605,B2,0.06,0
OB14209,B3,0.1,0
OB02562,A2,0.01,0
OB09530,B1,0.035,0
OB03607,A2,0.01,0
OB02878,A2,0.01,0
OB04416,A3,0.02,0
OB01032,A1,0.005,0
OB15754,C2,0.25,0
OB06122,A3,0.02,0
OB06286,A3,0.02,0
OB01111,A1,0.005,0
OB01889,A2,0.01,0
OB11743,B2,0.06,0
OB09720,B1,0.035,0
OB00754,A1,0.005,0
OB03050,A2,0.01,0
OB08152,B1,0.035,0
OB15576,C2,0.25,1
OB10821,B2,0.06,0
OB00563,A1,0.005,0
OB06543,A3,0.02,0
OB08094,B1,0.035,0
OB04765,A3,0.02,0
OB03563,A2,0.01,0
OB08445,B1,0.035,0
OB15244,C1,0.16,0
OB02517,A2,0.01,0
OB02963,A2,0.01,0
OB12646,B2,0.06,1
OB05375,A3,0.02,0
OB05397,A3,0.02,0
OB09395,B1,0.035,0
OB15642,C2,0.25,0
OB03463,A2,0.01,0
OB14845,C1,0.16,1
OB10990,B2,0.06,0
OB07752,B1,0.035,0
OB04226,A3,0.02,0
OB00145,A1,0.005,0
OB05057,A3,0.02,0
OB02896,A2,0.01,0
OB07814,B1,0.035,0
OB10956,B2,0.06,0
OB00906,A1,0.005,0
OB16128,C3,0.38,0
OB05193,A3,0.02,0
OB12173,B2,0.06,0
OB00236,A1,0.005,0
OB13350,B3,0.1,0
